code,report_year,total_ai_sentences,innovation_sentences,risk_sentences,neutral_sentences,mixed_sentences,total_sentences_in_report,AI_Disclosure,AI_Innovation_Disclosure,AI_Risk_Disclosure,AI_Innovation_Ratio,AI_Risk_Ratio,Y_return,Size,Lev,ROA,Growth,CashRatio,TobinQ,ListAge,Board,Indep,Dual,Top1,SOE
000001,2022,90,68,7,14,1,2335,0.03854389721627409,0.0291220556745182,0.002997858672376874,0.7555555555555555,0.07777777777777778,,,,,,,,,,,,,
000002,2019,7,3,0,4,0,1809,0.003869541182974019,0.001658374792703151,0.0,0.4285714285714285,0.0,,26.368614346058067,0.8435895086067219,0.033839,0.235873,0.12552,1.046272,3.332204510175204,2.3978952727983707,0.36363636363636365,0.0,0.28692,0.0
000002,2020,9,2,1,6,0,1949,0.004617752693689072,0.001026167265264238,0.000513083632632119,0.2222222222222222,0.1111111111111111,-0.076551,26.39779931100624,0.8128350307388363,0.032952,0.139219,0.140921,0.992654,3.332204510175204,2.833213344056216,0.29411764705882354,0.0,0.279126,0.0
000002,2021,18,9,1,8,0,1969,0.009141696292534281,0.004570848146267141,0.0005078720162519045,0.5,0.05555555555555555,-0.267944,26.452283414091898,0.7973975799244908,0.019995,0.080375,0.107293,0.929695,3.367295829986474,2.5649493574615367,0.3076923076923077,0.0,0.278942,0.0
000002,2022,11,4,2,5,0,1870,0.005882352941176471,0.00213903743315508,0.00106951871657754,0.3636363636363636,0.1818181818181818,-0.02955,26.426023458049734,0.7695146136391504,0.020321,0.112723,0.124721,0.908089,3.4011973816621555,2.3978952727983707,0.36363636363636365,0.0,0.278815,0.0
000002,2023,12,5,1,6,0,1899,0.00631911532385466,0.002632964718272775,0.000526592943654555,0.4166666666666667,0.08333333333333333,-0.387912,26.440289979135773,0.7322434230245014,0.012539,-0.075618,0.117966,0.849467,3.4339872044851463,2.70805020110221,0.4666666666666667,0.0,0.271804,0.0
000006,2020,1,1,0,0,0,1023,0.0009775171065493646,0.0009775171065493646,0.0,1.0,0.0,0.080037,23.459887947211158,0.49218529113714277,0.057915,-0.213489,0.450679,0.982862,3.332204510175204,2.3978952727983707,0.2727272727272727,0.0,0.219283,1.0
000007,2019,1,0,0,1,0,1295,0.0007722007722007722,0.0,0.0,0.0,0.0,,20.095332113871997,0.6012610560101671,0.041226,-0.009966,1.047349,6.143845,3.332204510175204,2.772588722239781,0.375,0.0,0.21648299999999998,0.0
000007,2020,1,0,0,1,0,1320,0.0007575757575757576,0.0,0.0,0.0,0.0,-0.266316,20.003449074634226,0.8139322247233168,-0.274001,0.074381,0.257971,6.743521,3.332204510175204,1.791759469228055,0.3333333333333333,0.0,0.21648299999999998,0.0
000007,2022,1,1,0,0,0,1276,0.0007836990595611285,0.0007836990595611285,0.0,1.0,0.0,0.277504,19.809886412775423,0.7112244604903113,-0.016099,0.238229,1.275122,7.275938,3.4011973816621555,2.1972245773362196,0.5555555555555556,0.0,0.142539,0.0
000008,2019,52,46,0,6,0,1231,0.04224207961007311,0.03736799350121852,0.0,0.8846153846153846,0.0,,23.21187754310836,0.3709615835725218,0.04064,0.255465,0.288119,1.197542,3.332204510175204,2.1972245773362196,0.3333333333333333,0.0,0.22923,1.0
000008,2020,26,22,2,2,0,1088,0.02389705882352941,0.02022058823529412,0.001838235294117647,0.8461538461538461,0.07692307692307693,-0.297521,23.274920334319013,0.4801670894352055,-0.071722,-0.404524,0.156191,1.029485,3.332204510175204,2.1972245773362196,0.3333333333333333,0.0,0.256192,1.0
000008,2021,18,15,1,2,0,1104,0.01630434782608696,0.01358695652173913,0.0009057971014492754,0.8333333333333334,0.05555555555555555,0.15748,23.239305863256604,0.5689539052721833,-0.109394,0.155036,0.177488,1.2222,3.367295829986474,2.833213344056216,0.29411764705882354,1.0,0.256192,1.0
000008,2022,21,20,1,0,0,1079,0.01946246524559778,0.01853568118628359,0.0009267840593141798,0.9523809523809523,0.04761904761904762,-0.217687,23.143463724175927,0.6016961158056543,-0.071702,-0.199499,0.085207,1.165025,3.4011973816621555,2.5649493574615367,0.23076923076923078,1.0,0.256192,1.0
000008,2023,6,3,1,2,0,1015,0.005911330049261084,0.002955665024630542,0.0009852216748768472,0.5,0.1666666666666667,0.026087,23.089337853065107,0.6570401752598971,-0.075282,0.416647,0.054073,1.254821,3.4339872044851463,2.4849066497880004,0.25,1.0,0.262268,1.0
000009,2019,6,3,2,1,0,1659,0.003616636528028933,0.001808318264014466,0.001205545509342978,0.5,0.3333333333333333,,24.131432397235574,0.6455591121139688,0.023705,0.019903,0.42576,1.171654,3.332204510175204,2.4849066497880004,0.3333333333333333,1.0,0.11911300000000001,0.0
000009,2020,6,3,1,2,0,1756,0.003416856492027335,0.001708428246013667,0.0005694760820045558,0.5,0.1666666666666667,0.219709,24.184510909732253,0.5842173072839111,0.034406,-0.113391,0.553563,1.191782,3.332204510175204,2.1972245773362196,0.3333333333333333,1.0,0.099727,0.0
000009,2021,8,5,1,2,0,1667,0.004799040191961607,0.002999400119976005,0.0005998800239952009,0.625,0.125,0.920319,24.336160044155847,0.5776237687946326,0.050537,0.656944,0.396345,1.575267,3.367295829986474,2.302585092994046,0.3,1.0,0.136359,0.0
000009,2022,10,9,1,0,0,1666,0.006002400960384154,0.005402160864345739,0.0006002400960384153,0.9,0.1,-0.159737,24.680134291730806,0.6396757881317984,0.055233,0.822934,0.324564,1.233438,3.4011973816621555,2.0794415416798357,0.375,1.0,0.151933,0.0
000009,2023,10,9,0,1,0,1703,0.005871990604815032,0.005284791544333529,0.0,0.9,0.0,-0.026055,24.637287359824324,0.5803763403919494,0.032802,-0.040677,0.55055,1.182776,3.4339872044851463,2.0794415416798357,0.375,1.0,0.17546399999999998,0.0
000011,2019,5,2,0,3,0,1055,0.004739336492890996,0.001895734597156398,0.0,0.4,0.0,,23.100261660735942,0.6967677135550733,0.083405,0.421359,0.631715,1.186674,3.332204510175204,2.1972245773362196,0.3333333333333333,0.0,0.638242,1.0
000011,2020,2,0,0,2,0,1087,0.001839926402943882,0.0,0.0,0.0,0.0,0.331562,23.225304632556767,0.6902587917335451,0.06365,0.036021,0.881727,1.240999,3.332204510175204,2.302585092994046,0.3,0.0,0.5695709999999999,1.0
000011,2021,5,4,1,0,0,1206,0.004145936981757877,0.003316749585406302,0.0008291873963515755,0.8,0.2,-0.008217,23.40304667521018,0.6892660524605944,0.073668,0.094434,0.284254,1.134397,3.367295829986474,2.3978952727983707,0.45454545454545453,0.0,0.505747,1.0
000011,2022,6,4,0,1,1,1262,0.004754358161648178,0.003169572107765452,0.0,0.6666666666666666,0.0,0.052316,23.48329398000353,0.7171690047282078,0.034557,-0.174377,0.201139,1.126729,3.4011973816621555,2.3978952727983707,0.2727272727272727,0.0,0.505747,1.0
000011,2023,5,4,0,1,0,1265,0.003952569169960474,0.003162055335968379,0.0,0.8,0.0,-0.2044,23.55577670303392,0.72311585530139,0.02742,-0.20049,0.264321,1.012714,3.4339872044851463,2.302585092994046,0.3,0.0,0.505747,1.0
000012,2019,6,5,0,1,0,1193,0.005029337803855826,0.004191114836546521,0.0,0.8333333333333334,0.0,,23.624755338558558,0.4579568359959857,0.030037,-0.013001,0.286951,1.138865,3.332204510175204,2.1972245773362196,0.4444444444444444,0.0,0.15005100000000002,0.0
000012,2020,6,6,0,0,0,1232,0.00487012987012987,0.00487012987012987,0.0,1.0,0.0,0.487026,23.60711161901976,0.40636725351820213,0.045003,0.019025,0.556162,1.371674,3.332204510175204,2.3978952727983707,0.36363636363636365,0.0,0.151883,0.0
000012,2021,11,11,0,0,0,1070,0.0102803738317757,0.0102803738317757,0.0,1.0,0.0,0.359079,23.71596173086191,0.4048719943381987,0.082557,0.277173,0.727292,1.531666,3.367295829986474,2.1972245773362196,0.3333333333333333,0.0,0.151883,0.0
000012,2022,7,7,0,0,0,1118,0.006261180679785331,0.006261180679785331,0.0,1.0,0.0,-0.304129,23.977663747547403,0.4836448258038121,0.089153,0.115171,0.61296,1.105635,3.4011973816621555,2.4849066497880004,0.4166666666666667,0.0,0.151883,0.0
000012,2023,8,7,0,1,0,1259,0.006354249404289118,0.005559968228752979,0.0,0.875,0.0,-0.147541,24.136459551077838,0.5212213052751647,0.054969,0.197132,0.339895,0.96309,3.4339872044851463,2.1972245773362196,0.4444444444444444,0.0,0.151883,0.0
000014,2021,1,1,0,0,0,942,0.001061571125265393,0.001061571125265393,0.0,1.0,0.0,-0.042512,21.654984157100866,0.6086447861746984,0.019704,0.851127,0.167509,1.237864,3.367295829986474,2.4849066497880004,0.3333333333333333,0.0,0.340167,1.0
000014,2022,1,1,0,0,0,898,0.00111358574610245,0.00111358574610245,0.0,1.0,0.0,0.550253,21.818760100475817,0.5922796217981147,0.089717,0.189899,0.342531,1.416997,3.4011973816621555,2.1972245773362196,0.3333333333333333,0.0,0.340167,1.0
000014,2023,1,1,0,0,0,851,0.001175088131609871,0.001175088131609871,0.0,1.0,0.0,0.092247,21.64448813718703,0.3190878850226296,0.182303,0.81929,0.723449,1.379815,3.4339872044851463,2.4849066497880004,0.4166666666666667,0.0,0.340167,1.0
000017,2019,1,1,0,0,0,771,0.001297016861219196,0.001297016861219196,0.0,1.0,0.0,,20.012789582959957,0.8176163551996029,-0.11493,-0.365986,0.118427,7.340611,3.332204510175204,2.1972245773362196,0.3333333333333333,1.0,0.11518800000000001,0.0
000017,2020,1,1,0,0,0,850,0.001176470588235294,0.001176470588235294,0.0,1.0,0.0,-0.466814,,,,,,,,,,,,
000017,2021,1,1,0,0,0,890,0.001123595505617978,0.001123595505617978,0.0,1.0,0.0,0.481328,19.975656577584658,0.7534728193113805,-0.01734,0.402088,0.454613,9.598497,3.367295829986474,2.1972245773362196,0.3333333333333333,1.0,0.11518800000000001,0.0
000017,2022,1,1,0,0,0,879,0.001137656427758817,0.001137656427758817,0.0,1.0,0.0,0.333333,19.809886412775423,0.2326120252625267,-0.032277,1.691506,0.556421,4.764823,3.4011973816621555,2.70805020110221,0.4,0.0,0.2,0.0
000017,2023,2,1,1,0,0,1049,0.001906577693040991,0.0009532888465204957,0.0009532888465204957,0.5,0.5,-0.086134,19.79677911194458,0.16305114878814786,0.046955,0.27817,0.913783,4.516669,3.4339872044851463,2.1972245773362196,0.3333333333333333,0.0,0.2,0.0
000019,2019,6,6,0,0,0,1321,0.004542013626040878,0.004542013626040878,0.0,1.0,0.0,,22.636515133679108,0.31758048403982536,0.058066,0.027996,0.131095,1.119354,3.332204510175204,2.772588722239781,0.375,0.0,0.63793,1.0
000019,2020,9,7,0,2,0,1305,0.006896551724137931,0.005363984674329502,0.0,0.7777777777777778,0.0,0.266447,22.712424859269852,0.34396040664410804,0.057336,0.074552,0.123715,1.183802,3.332204510175204,2.1972245773362196,0.3333333333333333,0.0,0.63793,1.0
000019,2021,6,5,0,1,0,1435,0.004181184668989547,0.003484320557491289,0.0,0.8333333333333334,0.0,-0.045333,22.760532764822592,0.38759587352644004,0.058256,-0.146827,0.024269,1.148954,3.367295829986474,2.302585092994046,0.3,0.0,0.63793,1.0
000019,2022,6,4,0,1,1,1482,0.004048582995951417,0.002699055330634278,0.0,0.6666666666666666,0.0,0.114943,22.730316061501014,0.3505889204985948,0.055364,-0.18017,0.021879,1.179049,3.4011973816621555,2.1972245773362196,0.3333333333333333,0.0,0.63793,1.0
000019,2023,4,3,0,1,0,1300,0.003076923076923077,0.002307692307692308,0.0,0.75,0.0,0.037284,22.72454692425846,0.3407254074542789,0.046716,-0.255358,0.097998,1.176962,3.4339872044851463,2.302585092994046,0.3,0.0,0.63793,1.0
000020,2019,13,2,0,9,2,659,0.01972685887708649,0.003034901365705615,0.0,0.1538461538461539,0.0,,20.235772388372574,0.46361541281554675,0.008869,0.13266,0.175051,4.231414,3.332204510175204,2.3978952727983707,0.5454545454545454,1.0,0.42127899999999996,0.0
000020,2020,13,4,0,9,0,645,0.02015503875968992,0.006201550387596899,0.0,0.3076923076923077,0.0,-0.06373,20.257699740966,0.4643841150462209,0.010999,-0.041321,0.132721,3.764358,3.332204510175204,1.791759469228055,0.5,1.0,0.42127899999999996,0.0
000020,2021,13,4,0,9,0,608,0.02138157894736842,0.006578947368421052,0.0,0.3076923076923077,0.0,-0.083083,20.307649214487586,0.4795675895643024,0.011186,0.106787,0.105136,3.369477,3.367295829986474,1.791759469228055,0.5,1.0,0.42127899999999996,0.0
000020,2022,17,4,3,10,0,648,0.02623456790123457,0.006172839506172839,0.004629629629629629,0.2352941176470588,0.1764705882352941,-0.025109,20.22703952813381,0.41924349714176984,0.015965,-0.132151,0.274616,3.492527,3.4011973816621555,2.302585092994046,0.4,1.0,0.42127899999999996,0.0
000020,2023,7,2,0,5,0,642,0.01090342679127726,0.003115264797507788,0.0,0.2857142857142857,0.0,0.450168,20.16210250309427,0.3568942782556223,0.022626,0.093472,0.363231,4.917659,3.4339872044851463,2.0794415416798357,0.375,1.0,0.42127899999999996,0.0
000021,2019,14,10,1,3,0,1097,0.01276207839562443,0.009115770282588878,0.0009115770282588879,0.7142857142857143,0.07142857142857142,,23.638512328977892,0.6151319052429118,0.025652,-0.176651,0.127309,1.585456,3.258096538021482,2.5649493574615367,0.38461538461538464,0.0,0.43508800000000003,1.0
000021,2020,9,5,0,4,0,1166,0.007718696397941681,0.004288164665523156,0.0,0.5555555555555556,0.0,0.565681,23.797560961890262,0.6297613315128697,0.04755,0.131839,0.125796,1.922159,3.295836866004329,2.5649493574615367,0.38461538461538464,0.0,0.366053,1.0
000021,2021,20,19,0,1,0,1237,0.01616814874696847,0.01535974130962005,0.0,0.95,0.0,-0.158338,24.020912760497378,0.5758078415300076,0.034265,0.101623,0.342178,1.489517,3.332204510175204,2.1972245773362196,0.3333333333333333,0.0,0.34509999999999996,1.0
000021,2022,21,10,0,10,1,1188,0.01767676767676768,0.008417508417508417,0.0,0.4761904761904762,0.0,-0.315657,24.048767197837833,0.569896842984359,0.02511,-0.022433,0.221507,1.169652,3.367295829986474,2.302585092994046,0.4,0.0,0.34509999999999996,1.0
000021,2023,23,12,0,10,1,1200,0.01916666666666667,0.01,0.0,0.5217391304347826,0.0,0.528531,24.033175612505556,0.5332297371156096,0.029872,-0.115007,0.159892,1.456895,3.4011973816621555,2.4849066497880004,0.3333333333333333,0.0,0.34509999999999996,1.0
000025,2019,2,2,0,0,0,856,0.002336448598130841,0.002336448598130841,0.0,1.0,0.0,,21.221481575660334,0.18627565522694828,0.132447,0.378608,1.334297,5.361456,3.295836866004329,2.1972245773362196,0.3333333333333333,0.0,0.490865,1.0
000025,2020,2,0,0,2,0,1107,0.001806684733514002,0.0,0.0,0.0,0.0,-0.200849,21.258847857307554,0.18952714945189764,0.035958,-0.256804,0.676158,4.160335,3.332204510175204,2.1972245773362196,0.3333333333333333,0.0,0.490865,1.0
000025,2021,3,1,0,2,0,1189,0.002523128679562658,0.0008410428931875525,0.0,0.3333333333333333,0.0,-0.113609,21.343651556707652,0.21641514115427274,0.074019,0.198155,0.715735,3.445814,3.367295829986474,2.4849066497880004,0.25,0.0,0.490865,1.0
000025,2022,4,2,1,1,0,1201,0.003330557868442964,0.001665278934221482,0.0008326394671107411,0.5,0.25,0.148061,21.526176674649772,0.25797197329356203,0.039749,0.647243,0.949669,3.339651,3.4011973816621555,2.3978952727983707,0.2727272727272727,0.0,0.475107,1.0
000025,2023,3,1,1,1,0,1099,0.00272975432211101,0.0009099181073703367,0.0009099181073703367,0.3333333333333333,0.3333333333333333,-0.070671,21.60033815639584,0.27987573891603534,0.048077,1.20465,0.291825,2.92986,3.4339872044851463,2.302585092994046,0.3,0.0,0.488082,1.0
000026,2019,3,0,0,3,0,994,0.003018108651911469,0.0,0.0,0.0,0.0,,22.047930318824292,0.2941787225078041,0.058666,0.089329,0.287033,1.475902,3.295836866004329,2.1972245773362196,0.3333333333333333,0.0,0.36792,1.0
000026,2020,7,0,0,7,0,1085,0.006451612903225806,0.0,0.0,0.0,0.0,0.048693,22.11422746445892,0.30326926050110814,0.075613,0.145572,0.292097,1.418709,3.332204510175204,2.5649493574615367,0.25,0.0,0.380706,1.0
000026,2021,4,0,0,4,0,1230,0.003252032520325203,0.0,0.0,0.0,0.0,0.072476,22.136829963161606,0.26695680965778995,0.095423,0.235727,0.205047,1.401671,3.367295829986474,2.70805020110221,0.23076923076923078,0.0,0.38253,1.0
000026,2022,2,0,0,2,0,1128,0.001773049645390071,0.0,0.0,0.0,0.0,-0.093671,22.138425534670976,0.23820406592636545,0.064825,-0.169657,0.336527,1.234816,3.4011973816621555,2.1972245773362196,0.3333333333333333,0.0,0.390245,1.0
000026,2023,3,1,0,2,0,1152,0.002604166666666667,0.0008680555555555555,0.0,0.3333333333333333,0.0,0.073755,22.159364347283855,0.207041181838777,0.080077,0.049515,0.614826,1.239191,3.4339872044851463,2.302585092994046,0.3,0.0,0.39250799999999997,1.0
000027,2019,2,2,0,0,0,1527,0.001309757694826457,0.001309757694826457,0.0,1.0,0.0,,25.288780515774814,0.6505656282005732,0.020191,0.12358,0.23176,0.90672,3.295836866004329,2.302585092994046,0.3,0.0,0.47824599999999995,1.0
000027,2020,1,1,0,0,0,1658,0.0006031363088057901,0.0006031363088057901,0.0,1.0,0.0,0.184863,25.460010313478037,0.633063486664836,0.040609,-0.017414,0.396629,0.88707,3.332204510175204,2.3978952727983707,0.2727272727272727,0.0,0.439076,1.0
000027,2021,1,0,1,0,0,1755,0.0005698005698005698,0.0,0.0005698005698005698,0.0,1.0,0.372742,25.602328128288104,0.622932164968305,0.017181,0.543403,0.336658,0.915957,3.367295829986474,2.3978952727983707,0.2727272727272727,0.0,0.439076,1.0
000027,2022,9,7,2,0,0,1696,0.005306603773584905,0.004127358490566038,0.001179245283018868,0.7777777777777778,0.2222222222222222,-0.19321,25.673915494584847,0.6154734930290287,0.018101,0.188636,0.324993,0.829657,3.4011973816621555,2.4849066497880004,0.5,0.0,0.439076,1.0
000027,2023,11,9,2,0,0,1678,0.006555423122765197,0.005363528009535161,0.001191895113230036,0.8181818181818182,0.1818181818181818,0.036164,25.756702318888156,0.6362063360906031,0.018891,0.079408,0.383061,0.836162,3.4339872044851463,2.3978952727983707,0.2727272727272727,0.0,0.439076,1.0
000028,2019,2,1,0,1,0,1447,0.00138217000691085,0.000691085003455425,0.0,0.5,0.0,,24.23542628434238,0.5417792742500042,0.047532,0.206931,0.503434,1.068656,3.295836866004329,2.3978952727983707,0.36363636363636365,0.0,0.560581,1.0
000028,2020,2,2,0,0,0,1471,0.001359619306594154,0.001359619306594154,0.0,1.0,0.0,0.022928,24.401956902032744,0.573460631084026,0.04676,0.146096,0.26682,1.030471,3.332204510175204,2.5649493574615367,0.3076923076923077,0.0,0.560581,1.0
000028,2021,7,7,0,0,0,1635,0.004281345565749235,0.004281345565749235,0.0,1.0,0.0,-0.175109,24.479422615246072,0.5787596655050818,0.037088,0.145992,0.211516,0.923216,3.367295829986474,2.5649493574615367,0.3076923076923077,0.0,0.560581,1.0
000028,2022,6,4,0,2,0,1600,0.00375,0.0025,0.0,0.6666666666666666,0.0,-0.094375,24.47548998840707,0.5437202948771775,0.041493,0.074393,0.258811,0.854442,3.4011973816621555,2.3978952727983707,0.36363636363636365,0.0,0.560581,1.0
000028,2023,13,9,1,2,1,1476,0.008807588075880758,0.006097560975609756,0.0006775067750677507,0.6923076923076923,0.07692307692307693,0.170173,24.58549116119473,0.5590212800917943,0.043432,0.0277,0.239758,0.874304,3.4339872044851463,2.3978952727983707,0.36363636363636365,0.0,0.560581,1.0
000029,2019,2,1,0,1,0,935,0.00213903743315508,0.00106951871657754,0.0,0.5,0.0,,22.314472472229152,0.2820324854374511,0.113037,0.171734,1.098308,,3.295836866004329,2.302585092994046,0.3,0.0,0.635475,1.0
000030,2019,9,8,1,0,0,905,0.009944751381215469,0.008839779005524863,0.001104972375690608,0.8888888888888888,0.1111111111111111,,23.282088686767644,0.4231168720476147,0.0718,0.2816,0.302517,1.083214,3.295836866004329,2.1972245773362196,0.3333333333333333,0.0,0.24412199999999998,1.0
000030,2020,6,3,1,1,1,912,0.006578947368421052,0.003289473684210526,0.001096491228070175,0.5,0.1666666666666667,0.577731,23.394754996390695,0.4278122944577106,0.066355,0.104297,0.299118,1.33169,3.332204510175204,2.3978952727983707,0.2727272727272727,0.0,0.24412199999999998,1.0
000030,2021,13,12,0,0,1,1190,0.01092436974789916,0.01008403361344538,0.0,0.9230769230769231,0.0,0.051771,23.422001045691754,0.4272183218737048,0.053089,0.154297,0.531685,1.316651,3.367295829986474,2.302585092994046,0.3,0.0,0.24412199999999998,1.0
000030,2022,11,8,0,2,1,1072,0.01026119402985075,0.007462686567164179,0.0,0.7272727272727273,0.0,-0.366577,23.44843776641966,0.44487010399245214,0.031107,-0.020088,0.433601,0.960077,3.4011973816621555,2.302585092994046,0.3,0.0,0.24412199999999998,1.0
000030,2023,6,4,0,2,0,1074,0.00558659217877095,0.0037243947858473,0.0,0.6666666666666666,0.0,0.270455,23.555117225250036,0.48152186832872623,0.045509,0.2603,0.269977,1.020993,3.4339872044851463,2.6390573296152584,0.25,0.0,0.253781,1.0
000031,2019,6,4,0,2,0,1732,0.003464203233256351,0.002309468822170901,0.0,0.6666666666666666,0.0,,25.933749122999657,0.7677669810687114,0.02157,1.392892,0.318673,0.963801,3.295836866004329,2.302585092994046,0.3,0.0,0.538005,1.0
000031,2020,6,6,0,0,0,1555,0.003858520900321543,0.003858520900321543,0.0,1.0,0.0,-0.36351,26.02093993646742,0.7716218132440744,0.005847,0.137885,0.319862,0.943292,3.332204510175204,2.3978952727983707,0.36363636363636365,0.0,0.492763,1.0
000031,2021,6,4,0,2,0,1494,0.004016064257028112,0.002677376171352075,0.0,0.6666666666666666,0.0,-0.152273,26.08327598176009,0.7551267481944259,0.00372,0.108445,0.238531,0.925136,3.367295829986474,2.6390573296152584,0.2857142857142857,0.0,0.492763,1.0
000031,2022,3,1,0,2,0,1526,0.001965923984272608,0.000655307994757536,0.0,0.3333333333333333,0.0,0.008043,26.091259757472915,0.7784646950601243,-0.010407,-0.071239,0.350451,0.863303,3.4011973816621555,2.6390573296152584,0.35714285714285715,0.0,0.492763,1.0
000031,2023,2,0,0,2,0,1339,0.001493651979088872,0.0,0.0,0.0,0.0,-0.210106,26.01184182137437,0.7672686542571346,0.000588,-0.07063,0.303525,0.842683,3.4339872044851463,2.3978952727983707,0.36363636363636365,0.0,0.492763,1.0
000032,2019,7,6,1,0,0,1341,0.005219985085756898,0.004474272930648769,0.0007457121551081282,0.8571428571428571,0.1428571428571428,,21.57438188355163,0.2920259091927091,0.070194,-0.06219,0.532533,2.788759,3.295836866004329,2.4849066497880004,0.25,0.0,0.490418,1.0
000032,2020,18,17,1,0,0,1380,0.01304347826086956,0.01231884057971015,0.0007246376811594203,0.9444444444444444,0.05555555555555555,0.266197,21.673288308982688,0.3009582120534777,0.076695,0.013109,0.408741,3.152083,3.332204510175204,2.4849066497880004,0.3333333333333333,0.0,0.490418,1.0
000032,2021,55,43,1,9,2,2301,0.02390265102129509,0.01868752716210343,0.000434593654932638,0.7818181818181819,0.01818181818181818,0.158659,24.510410077021195,0.785054697364277,0.027637,2.032211,0.229086,1.115605,3.367295829986474,2.70805020110221,0.3333333333333333,0.0,0.177959,1.0
000032,2022,49,36,1,7,5,2032,0.02411417322834646,0.01771653543307087,0.0004921259842519685,0.7346938775510204,0.02040816326530612,-0.023626,24.690542148608095,0.8083662233985828,0.014448,0.195494,0.214643,1.137293,3.4011973816621555,2.1972245773362196,0.3333333333333333,0.0,0.178082,1.0
000032,2023,91,70,2,18,1,2249,0.04046242774566474,0.03112494441974211,0.0008892841262783459,0.7692307692307693,0.02197802197802198,0.055087,24.757831871007212,0.7898918478089678,0.015991,0.10248,0.217254,1.122576,3.4339872044851463,2.3978952727983707,0.2727272727272727,0.0,0.178082,1.0
000034,2019,72,41,4,26,1,1546,0.04657179818887452,0.02652005174644243,0.00258732212160414,0.5694444444444444,0.05555555555555555,,24.104971226102343,0.8513007172882072,0.025328,0.060413,0.136613,1.215227,3.258096538021482,2.1972245773362196,0.5555555555555556,1.0,0.236638,0.0
000034,2020,89,53,1,35,0,1579,0.05636478784040532,0.03356554781507283,0.0006333122229259025,0.5955056179775281,0.01123595505617977,0.091688,24.147189777273567,0.846762777761216,0.020765,0.060563,0.14278,1.23226,3.295836866004329,1.9459101490553132,0.5714285714285714,1.0,0.234668,0.0
000034,2021,102,54,4,44,0,1866,0.05466237942122187,0.02893890675241157,0.002143622722400857,0.5294117647058824,0.0392156862745098,-0.253532,24.385631353685103,0.8301454586485454,0.007173,0.329397,0.128235,1.080481,3.332204510175204,2.1972245773362196,0.6,1.0,0.234255,0.0
000034,2022,110,53,4,51,2,2001,0.05497251374312843,0.02648675662168916,0.001999000499750125,0.4818181818181818,0.03636363636363636,0.398092,24.417531800075754,0.7956044008323057,0.026155,-0.053151,0.146736,1.131458,3.367295829986474,2.0794415416798357,0.6,1.0,0.231545,0.0
000034,2023,149,81,4,61,3,2110,0.07061611374407582,0.03838862559241706,0.001895734597156398,0.5436241610738255,0.02684563758389262,0.383582,24.527340708304912,0.793700550998361,0.028352,0.032308,0.184702,1.197113,3.4011973816621555,2.1972245773362196,0.5555555555555556,1.0,0.231156,0.0
000035,2019,14,5,0,9,0,2099,0.006669842782277275,0.00238208670795617,0.0,0.3571428571428572,0.0,,24.579710824862968,0.7525528872677132,0.027432,1.699788,0.208776,1.041515,3.258096538021482,1.9459101490553132,0.42857142857142855,0.0,0.16203399999999998,0.0
000035,2020,10,5,0,5,0,1527,0.006548788474132285,0.003274394237066143,0.0,0.5,0.0,-0.333874,24.64281807381993,0.7519837561718643,0.016965,0.176488,0.152549,0.959058,3.295836866004329,2.1972245773362196,0.4444444444444444,0.0,0.16203399999999998,0.0
000035,2021,19,10,1,8,0,1626,0.01168511685116851,0.006150061500615006,0.0006150061500615006,0.5263157894736842,0.05263157894736842,0.462287,23.921915029191293,0.5448085179724255,0.023186,-0.058297,0.556766,1.159347,3.332204510175204,1.9459101490553132,0.42857142857142855,0.0,0.16203399999999998,0.0
000035,2022,12,11,0,1,0,1444,0.008310249307479225,0.007617728531855956,0.0,0.9166666666666666,0.0,-0.139767,23.999193682041316,0.6056300956896348,0.004772,-0.611835,0.081848,1.086583,3.367295829986474,2.0794415416798357,0.5,0.0,0.152148,0.0
000035,2023,12,9,0,2,1,1628,0.007371007371007371,0.005528255528255528,0.0,0.75,0.0,-0.025641,24.059467853869492,0.6145240854742838,0.014084,-0.206222,0.041231,1.056395,3.4011973816621555,2.3978952727983707,0.5454545454545454,0.0,0.145096,0.0
000036,2020,7,6,0,1,0,1127,0.006211180124223602,0.005323868677905945,0.0,0.8571428571428571,0.0,0.016241,23.106921460181823,0.46281849588416385,0.067251,-0.146297,1.350813,1.007408,3.295836866004329,1.9459101490553132,0.42857142857142855,0.0,0.332136,0.0
000036,2021,3,3,0,0,0,1146,0.002617801047120419,0.002617801047120419,0.0,1.0,0.0,0.148241,22.983578813465993,0.3728753160014896,0.051641,-0.304295,0.964626,1.044582,3.332204510175204,1.9459101490553132,0.42857142857142855,0.0,0.332136,0.0
000036,2022,2,2,0,0,0,1132,0.00176678445229682,0.00176678445229682,0.0,1.0,0.0,-0.051152,22.94636519059651,0.3222535740015797,0.063675,0.245503,1.65871,0.973045,3.367295829986474,2.302585092994046,0.3,0.0,0.282136,0.0
000036,2023,1,1,0,0,0,1231,0.0008123476848090983,0.0008123476848090983,0.0,1.0,0.0,-0.031111,22.85127288296274,0.2611666966808932,0.011302,-0.595344,1.213002,0.948672,3.4011973816621555,2.4849066497880004,0.5,0.0,0.282136,0.0
000037,2019,1,1,0,0,0,1113,0.0008984725965858042,0.0008984725965858042,0.0,1.0,0.0,,21.892417890881905,0.3593275413632321,0.007874,-0.351396,0.755167,2.008369,3.258096538021482,2.4849066497880004,0.3333333333333333,0.0,0.152835,0.0
000037,2020,3,2,0,1,0,1047,0.002865329512893983,0.001910219675262655,0.0,0.6666666666666666,0.0,-0.127592,21.828797772892433,0.30888468440419037,0.02177,-0.194118,0.93315,1.83095,3.295836866004329,2.1972245773362196,0.3333333333333333,0.0,0.152835,0.0
000037,2021,4,2,0,2,0,1029,0.003887269193391642,0.001943634596695821,0.0,0.5,0.0,-0.282051,21.749308445112508,0.43428662450412725,-0.175328,-0.231492,0.622089,1.60929,3.332204510175204,2.4849066497880004,0.25,0.0,0.152835,0.0
000037,2022,2,0,1,1,0,1002,0.001996007984031936,0.0,0.000998003992015968,0.0,0.5,0.022959,21.681165330618423,0.4655781141412026,-0.06876,-0.083135,0.596748,1.74268,3.367295829986474,2.3978952727983707,0.36363636363636365,0.0,0.152835,0.0
000037,2023,4,2,1,1,0,1050,0.00380952380952381,0.001904761904761905,0.0009523809523809524,0.5,0.25,0.024938,21.440796015678448,0.32134436868818256,-0.000862,-0.150451,0.752734,1.888346,3.4011973816621555,2.1972245773362196,0.3333333333333333,0.0,0.152835,0.0
000038,2019,1,1,0,0,0,1346,0.0007429420505200594,0.0007429420505200594,0.0,1.0,0.0,,21.793877829970004,0.059551061562431,0.041643,-0.285867,5.300875,1.523644,3.258096538021482,2.5649493574615367,0.3076923076923077,1.0,0.21423999999999999,0.0
000038,2020,1,1,0,0,0,1258,0.000794912559618442,0.000794912559618442,0.0,1.0,0.0,-0.189873,21.898375399094338,0.10201668814523875,0.025811,0.160993,1.849499,1.296918,3.295836866004329,1.791759469228055,0.5,1.0,0.21423999999999999,0.0
000038,2021,2,1,0,0,1,1132,0.00176678445229682,0.0008833922261484099,0.0,0.5,0.0,-0.105208,21.788198224862114,0.22837468369568414,-0.224049,0.060489,0.926628,1.35379,3.332204510175204,1.9459101490553132,0.42857142857142855,1.0,0.21423999999999999,0.0
000039,2019,50,40,2,8,0,3184,0.0157035175879397,0.01256281407035176,0.000628140703517588,0.8,0.04,,25.87138524054546,0.680211662568773,0.015167,-0.082166,0.125381,0.951001,3.258096538021482,2.3978952727983707,0.45454545454545453,0.0,0.581175,0.0
000039,2020,53,45,1,7,0,3458,0.01532677848467322,0.0130133024869867,0.0002891844997108155,0.8490566037735849,0.01886792452830189,0.538697,25.708320115772807,0.6316716540874815,0.037772,0.097229,0.1884,1.000103,3.295836866004329,2.302585092994046,0.3,1.0,0.581998,0.0
000039,2021,44,36,0,8,0,3187,0.01380608722936931,0.01129588955130217,0.0,0.8181818181818182,0.0,0.163442,25.762310411996282,0.6307726376207446,0.055639,0.738504,0.243096,1.013026,3.332204510175204,2.302585092994046,0.3,1.0,0.593102,0.0
000039,2022,41,33,1,7,0,3102,0.01321727917472598,0.01063829787234043,0.0003223726627981947,0.8048780487804879,0.02439024390243903,-0.344406,25.7061869429206,0.5705544489258183,0.030652,-0.135369,0.252584,0.92777,3.367295829986474,2.4849066497880004,0.4166666666666667,1.0,0.591719,0.0
000039,2023,48,35,2,11,0,3297,0.01455868971792539,0.01061571125265393,0.0006066120715802245,0.7291666666666666,0.04166666666666666,0.112216,25.80939957841845,0.6004632894546562,0.012113,-0.096986,0.257654,0.938323,3.4011973816621555,2.1972245773362196,0.3333333333333333,0.0,0.581379,0.0
000042,2022,1,0,0,1,0,1078,0.0009276437847866419,0.0,0.0,0.0,0.0,-0.010918,24.325691149277247,0.7760500241225389,0.000231,-0.183618,0.050241,0.92004,3.367295829986474,2.302585092994046,0.3,1.0,0.526261,0.0
000045,2019,1,1,0,0,0,1208,0.0008278145695364238,0.0008278145695364238,0.0,1.0,0.0,,22.234296754307632,0.14935435689585783,-0.004049,0.69621,0.553254,0.942106,3.258096538021482,2.3978952727983707,0.36363636363636365,0.0,0.45955599999999996,1.0
000045,2020,3,3,0,0,0,1276,0.002351097178683386,0.002351097178683386,0.0,1.0,0.0,-0.037584,22.32659463714233,0.21535809676069032,0.009156,-0.022806,0.499483,0.902737,3.295836866004329,2.5649493574615367,0.3076923076923077,0.0,0.46097299999999997,1.0
000045,2021,2,2,0,0,0,1316,0.001519756838905775,0.001519756838905775,0.0,1.0,0.0,0.329149,22.44112532853659,0.2886914321430863,0.01425,0.087618,0.403537,1.099312,3.332204510175204,2.4849066497880004,0.25,0.0,0.462111,1.0
000045,2022,1,1,0,0,0,1321,0.000757002271006813,0.000757002271006813,0.0,1.0,0.0,0.172632,22.44908800593917,0.2823671451483429,0.019997,0.237271,1.087309,1.216359,3.367295829986474,2.302585092994046,0.3,0.0,0.462111,1.0
000045,2023,3,3,0,0,0,1259,0.00238284352660842,0.00238284352660842,0.0,1.0,0.0,0.069432,22.454889941511397,0.2722041343161129,0.022568,0.085162,0.521983,1.254574,3.4011973816621555,2.4849066497880004,0.4166666666666667,0.0,0.462111,1.0
000048,2019,3,3,0,0,0,1555,0.001929260450160772,0.001929260450160772,0.0,1.0,0.0,,22.590750027884127,0.63261181851384,0.198764,0.431134,0.377899,1.977623,3.258096538021482,2.3978952727983707,0.36363636363636365,0.0,0.416499,0.0
000048,2020,4,3,0,1,0,1408,0.002840909090909091,0.002130681818181818,0.0,0.75,0.0,0.093389,23.016179704858818,0.719174331170966,0.107197,-0.172244,0.567808,1.649736,3.295836866004329,2.5649493574615367,0.38461538461538464,0.0,0.428823,0.0
000048,2021,3,2,0,1,0,1370,0.00218978102189781,0.00145985401459854,0.0,0.6666666666666666,0.0,0.048166,23.420090622720863,0.8274642688680561,0.032227,-0.208775,0.319993,1.438099,3.332204510175204,2.4849066497880004,0.4166666666666667,0.0,0.43038,0.0
000048,2022,4,3,0,1,0,1302,0.003072196620583717,0.002304147465437788,0.0,0.75,0.0,0.106297,23.587524356918237,0.8481747326562666,0.049189,0.861153,0.157025,1.380782,3.367295829986474,2.6390573296152584,0.35714285714285715,0.0,0.380689,0.0
000048,2023,7,6,0,1,0,1309,0.0053475935828877,0.004583651642475172,0.0,0.8571428571428571,0.0,0.081232,23.218778465971184,0.6778470005682111,0.118498,1.071,0.16028,1.471819,3.4011973816621555,2.3978952727983707,0.36363636363636365,0.0,0.294369,0.0
000049,2019,19,18,0,1,0,1117,0.01700984780662489,0.01611459265890779,0.0,0.9473684210526315,0.0,,22.89462036298765,0.6737512958030035,0.076152,0.069189,0.086872,1.630247,3.2188758248682006,2.4849066497880004,0.5,0.0,0.448012,1.0
000049,2020,18,18,0,0,0,1129,0.01594331266607617,0.01594331266607617,0.0,1.0,0.0,0.676485,22.924846570577195,0.6877706542921377,0.083133,0.051789,0.079138,2.225623,3.258096538021482,2.302585092994046,0.3,0.0,0.448012,1.0
000049,2021,16,16,0,0,0,1265,0.01264822134387352,0.01264822134387352,0.0,1.0,0.0,0.26574,23.100674269483687,0.6817889024458623,0.079954,0.003765,0.0344,2.299053,3.295836866004329,2.3978952727983707,0.2727272727272727,0.0,0.22859100000000002,1.0
000049,2022,18,17,0,1,0,1361,0.01322556943423953,0.01249081557678178,0.0,0.9444444444444444,0.0,-0.241598,23.250158078675735,0.6624422731599272,0.07319,0.117009,0.095477,1.702372,3.332204510175204,2.1972245773362196,0.3333333333333333,0.0,0.229287,1.0
000049,2023,15,13,1,1,0,1419,0.0105708245243129,0.009161381254404511,0.0007047216349541931,0.8666666666666667,0.06666666666666667,-0.283057,23.52669204353669,0.6135041781945552,0.035204,-0.067323,0.51028,1.245578,3.367295829986474,2.1972245773362196,0.3333333333333333,0.0,0.23200800000000002,1.0
000050,2019,15,12,0,3,0,1847,0.008121277747698972,0.006497022198159177,0.0,0.8,0.0,,24.90456773687713,0.5919509091701933,0.013218,0.047401,0.157739,1.09082,3.2188758248682006,2.1972245773362196,0.3333333333333333,0.0,0.190228,1.0
000050,2020,11,9,1,1,0,1835,0.005994550408719346,0.004904632152588556,0.0005449591280653951,0.8181818181818182,0.09090909090909091,-0.090239,25.021337388346375,0.5436468143254305,0.021215,-0.034649,0.262692,1.026898,3.258096538021482,2.3978952727983707,0.2727272727272727,0.0,0.158523,1.0
000050,2021,11,10,1,0,0,1830,0.006010928961748634,0.00546448087431694,0.000546448087431694,0.9090909090909091,0.09090909090909091,-0.11194,25.110682117317154,0.5664353591181456,0.020033,0.088821,0.188389,0.966506,3.295836866004329,2.772588722239781,0.25,0.0,0.158523,1.0
000050,2022,9,7,1,1,0,1911,0.004709576138147566,0.003663003663003663,0.0005232862375719519,0.7777777777777778,0.1111111111111111,-0.329493,25.117583544841704,0.6263413762168355,0.001376,-0.011993,0.42163,0.89284,3.332204510175204,2.833213344056216,0.4117647058823529,0.0,0.158523,1.0
000050,2023,12,10,1,1,0,1942,0.006179196704428424,0.005149330587023687,0.0005149330587023687,0.8333333333333334,0.08333333333333333,0.229792,25.129696229193875,0.6463156581397317,-0.025894,0.026197,0.398398,0.966762,3.367295829986474,2.70805020110221,0.3333333333333333,0.0,0.158523,1.0
000055,2019,16,13,0,3,0,1373,0.01165331391114348,0.009468317552804079,0.0,0.8125,0.0,,23.1542410294982,0.5399101683728033,0.031483,-0.014082,0.16082,0.943638,3.1780538303479458,1.9459101490553132,0.42857142857142855,1.0,0.10222899999999999,0.0
000055,2020,13,10,0,3,0,1348,0.009643916913946587,0.00741839762611276,0.0,0.7692307692307693,0.0,-0.064182,23.19701524643344,0.5409571484226817,0.03286,-0.008801,0.241605,0.884892,3.2188758248682006,2.1972245773362196,0.5555555555555556,1.0,0.108711,0.0
000055,2021,12,11,0,1,0,1443,0.008316008316008316,0.007623007623007623,0.0,0.9166666666666666,0.0,0.111857,23.229716939199754,0.5439971003091558,0.01878,0.194149,0.220239,0.88868,3.258096538021482,1.9459101490553132,0.42857142857142855,1.0,0.11112399999999999,0.0
000055,2022,14,13,0,1,0,1393,0.01005025125628141,0.00933237616654702,0.0,0.9285714285714286,0.0,-0.038229,23.26841941323452,0.543326752182967,0.022886,0.081302,0.178954,0.855185,3.295836866004329,1.9459101490553132,0.42857142857142855,1.0,0.11112399999999999,0.0
000055,2023,20,19,0,1,0,1459,0.01370801919122687,0.01302261823166552,0.0,0.95,0.0,-0.033827,23.316754198031003,0.5488459108396522,0.021205,0.115735,0.139212,0.825576,3.332204510175204,2.302585092994046,0.5,0.0,0.11112399999999999,0.0
000058,2019,1,1,0,0,0,1271,0.0007867820613690008,0.0007867820613690008,0.0,1.0,0.0,,22.546297670951436,0.5944516638390518,0.015492,-0.070096,0.382349,1.473676,3.1780538303479458,2.70805020110221,0.4,0.0,0.567001,1.0
000058,2020,5,5,0,0,0,1089,0.004591368227731864,0.004591368227731864,0.0,1.0,0.0,-0.081633,22.486450422591513,0.5744476837033021,0.005022,-0.059979,0.321847,1.432265,3.2188758248682006,2.1972245773362196,0.3333333333333333,0.0,0.567001,1.0
000058,2021,6,6,0,0,0,1185,0.005063291139240506,0.005063291139240506,0.0,1.0,0.0,0.002976,22.451796729376607,0.543140453974149,0.017242,0.421032,0.494364,1.424597,3.258096538021482,2.3978952727983707,0.36363636363636365,0.0,0.567001,1.0
000058,2022,3,3,0,0,0,1149,0.002610966057441253,0.002610966057441253,0.0,1.0,0.0,0.175334,22.39450252432929,0.5389457525527267,0.007315,-0.083147,0.471299,2.082663,3.295836866004329,2.302585092994046,0.3,0.0,0.565434,1.0
000058,2023,2,2,0,0,0,1135,0.001762114537444934,0.001762114537444934,0.0,1.0,0.0,-0.091139,22.40598152473779,0.534448611034713,0.021282,0.06576,0.540775,1.917322,3.332204510175204,2.302585092994046,0.4,0.0,0.565434,1.0
000059,2019,1,1,0,0,0,921,0.001085776330076004,0.001085776330076004,0.0,1.0,0.0,,24.102871869080392,0.5181703227003795,0.033002,0.079738,0.786641,0.849944,3.1354942159291497,2.1972245773362196,0.3333333333333333,0.0,0.321623,1.0
000059,2020,2,2,0,0,0,853,0.002344665885111371,0.002344665885111371,0.0,1.0,0.0,-0.055008,24.051880067342363,0.4941894293068081,0.01205,-0.23154,1.038207,0.810643,3.1780538303479458,2.302585092994046,0.3,0.0,0.271623,1.0
000059,2021,2,2,0,0,0,923,0.002166847237269772,0.002166847237269772,0.0,1.0,0.0,0.333152,24.192615983555264,0.5365498246210489,0.031232,0.266608,1.404338,0.89911,3.2188758248682006,2.4849066497880004,0.25,0.0,0.271623,1.0
000059,2022,4,4,0,0,0,875,0.004571428571428572,0.004571428571428572,0.0,1.0,0.0,-0.035989,24.208597784557952,0.5371969640679922,0.018285,0.272612,0.890663,0.870483,3.258096538021482,2.3978952727983707,0.2727272727272727,0.0,0.271623,1.0
000059,2023,2,2,0,0,0,810,0.002469135802469136,0.002469135802469136,0.0,1.0,0.0,-0.173235,24.18551522899271,0.5303718924499552,0.002576,-0.059519,1.38407,0.805735,3.295836866004329,2.302585092994046,0.3,0.0,0.271623,1.0
000060,2019,2,1,0,1,0,1272,0.001572327044025157,0.0007861635220125787,0.0,0.5,0.0,,23.734901067829096,0.44077298537051635,0.043759,0.142116,0.313585,1.196076,3.1354942159291497,2.302585092994046,0.3,0.0,0.275064,1.0
000060,2020,2,2,0,0,0,1365,0.001465201465201465,0.001465201465201465,0.0,1.0,0.0,0.137674,23.915729212286763,0.472590178453186,0.049244,0.325677,0.325132,1.17918,3.1780538303479458,2.70805020110221,0.3333333333333333,0.0,0.275064,1.0
000060,2021,1,1,0,0,0,1523,0.0006565988181221273,0.0006565988181221273,0.0,1.0,0.0,0.0361,24.041231283757647,0.5013861455169428,0.047009,0.470556,0.217601,1.150575,3.2188758248682006,2.302585092994046,0.3,0.0,0.328806,1.0
000060,2023,5,5,0,0,0,1593,0.003138731952291274,0.003138731952291274,0.0,1.0,0.0,0.078049,24.485035923381133,0.6022019896454225,0.027482,0.185346,0.247396,0.977487,3.295836866004329,2.6390573296152584,0.2857142857142857,0.0,0.348997,1.0
000061,2020,5,3,0,1,1,1413,0.003538570417551309,0.002123142250530786,0.0,0.6,0.0,0.271914,23.688806085972242,0.6344509078855186,0.022669,0.112685,0.185557,1.250913,3.1780538303479458,2.5649493574615367,0.38461538461538464,0.0,0.33997,1.0
000061,2021,7,6,0,0,1,1367,0.005120702267739576,0.004389173372348208,0.0,0.8571428571428571,0.0,-0.085106,23.751940595816816,0.6382940499447856,0.024733,0.2891,0.195261,1.162902,3.2188758248682006,2.6390573296152584,0.35714285714285715,0.0,0.33997,1.0
000061,2022,3,3,0,0,0,1191,0.002518891687657431,0.002518891687657431,0.0,1.0,0.0,-0.097027,23.767195620169606,0.6418412536906941,0.015716,0.063878,0.166161,1.102717,3.258096538021482,2.8903717578961645,0.42105263157894735,0.0,0.33997,1.0
000061,2023,4,3,1,0,0,1379,0.00290065264684554,0.002175489485134155,0.0007251631617113851,0.75,0.25,0.142105,23.781224271078838,0.6281199905235941,0.028316,0.261062,0.180166,1.143966,3.295836866004329,2.833213344056216,0.47058823529411764,0.0,0.33997,1.0
000062,2019,8,7,0,1,0,1198,0.00667779632721202,0.005843071786310518,0.0,0.875,0.0,,23.15252528778117,0.49682456142066067,0.066251,0.216579,0.322604,1.808013,3.1354942159291497,2.1972245773362196,0.3333333333333333,1.0,0.707561,0.0
000062,2020,7,7,0,0,0,1121,0.006244424620874219,0.006244424620874219,0.0,1.0,0.0,-0.115871,23.228053336684354,0.5015901178475999,0.061017,0.137629,0.364708,1.563774,3.1780538303479458,2.1972245773362196,0.3333333333333333,1.0,0.707561,0.0
000062,2021,10,8,1,1,0,1193,0.008382229673093043,0.006705783738474434,0.0008382229673093043,0.8,0.1,0.401125,23.4811753187112,0.5689126702509406,0.074457,0.398604,0.355432,1.710958,3.2188758248682006,2.1972245773362196,0.3333333333333333,1.0,0.605258,0.0
000062,2022,17,17,0,0,0,1258,0.01351351351351351,0.01351351351351351,0.0,1.0,0.0,-0.273941,23.518316638072623,0.5218900194444381,0.067208,0.048191,0.436497,1.301927,3.258096538021482,2.302585092994046,0.4,0.0,0.572751,0.0
000062,2023,30,28,0,2,0,1292,0.02321981424148607,0.021671826625387,0.0,0.9333333333333333,0.0,-0.048321,23.599402968111345,0.5480125868892505,0.032448,-0.139824,0.393244,1.21198,3.295836866004329,2.1972245773362196,0.3333333333333333,0.0,0.43985199999999997,0.0
000063,2019,31,18,0,12,1,2169,0.01429230059935454,0.008298755186721992,0.0,0.5806451612903226,0.0,,25.673458282287843,0.7312059197971759,0.042703,0.061083,0.33773,1.649357,3.1354942159291497,2.1972245773362196,0.3333333333333333,0.0,0.271754,0.0
000063,2020,28,13,0,14,1,2192,0.01277372262773723,0.005930656934306569,0.0,0.4642857142857143,0.0,-0.043515,25.738124905003946,0.6938126279973913,0.032358,0.118079,0.434285,1.545838,3.1780538303479458,2.302585092994046,0.4,0.0,0.224449,0.0
000063,2021,49,25,0,23,1,2406,0.02036575228595179,0.01039068994181214,0.0,0.5102040816326531,0.0,0.001486,25.85176371909023,0.6842463940276159,0.044057,0.128841,0.514468,1.512459,3.2188758248682006,2.1972245773362196,0.3333333333333333,0.0,0.213046,0.0
000063,2022,48,26,1,20,1,2227,0.02155365963179165,0.01167489896722048,0.000449034575662326,0.5416666666666666,0.02083333333333333,-0.219104,25.921506338073627,0.6709475160739296,0.04456,0.073635,0.600225,1.292252,3.258096538021482,2.1972245773362196,0.3333333333333333,0.0,0.212807,0.0
000063,2023,76,55,1,19,1,2088,0.03639846743295019,0.02634099616858238,0.0004789272030651341,0.7236842105263158,0.0131578947368421,0.039443,26.026363350366378,0.6599720495272059,0.048393,0.010544,0.614391,1.244365,3.295836866004329,2.1972245773362196,0.3333333333333333,0.0,0.200905,0.0
000065,2019,16,12,0,4,0,1550,0.01032258064516129,0.007741935483870968,0.0,0.75,0.0,,23.414244763861063,0.6301367635149212,0.056468,0.108077,0.367054,1.066633,3.091042453358316,2.302585092994046,0.3,0.0,0.431718,1.0
000065,2020,17,11,0,6,0,1478,0.0115020297699594,0.007442489851150203,0.0,0.6470588235294118,0.0,-0.126936,23.61814884914366,0.6555966929761918,0.047774,0.161886,0.656345,0.976456,3.1354942159291497,2.70805020110221,0.26666666666666666,0.0,0.431712,1.0
000065,2021,16,10,0,5,1,1529,0.0104643557880968,0.006540222367560497,0.0,0.625,0.0,0.16319,23.68563836928961,0.6462999464541107,0.036182,0.015513,0.391457,0.991091,3.1780538303479458,2.4849066497880004,0.3333333333333333,0.0,0.428943,1.0
000065,2022,13,8,1,3,1,1260,0.01031746031746032,0.006349206349206349,0.0007936507936507937,0.6153846153846154,0.07692307692307693,0.065091,23.8179598635048,0.6124011088104877,0.038786,0.029369,0.530593,0.987956,3.2188758248682006,2.833213344056216,0.23529411764705882,0.0,0.43113500000000005,1.0
000065,2023,12,9,1,2,0,1227,0.009779951100244499,0.007334963325183374,0.0008149959250203749,0.75,0.08333333333333333,0.367697,23.891250055952053,0.6087953915826596,0.04161,0.599603,0.408139,1.07408,3.258096538021482,2.772588722239781,0.3125,0.0,0.43101300000000003,1.0
000066,2019,20,12,2,5,1,1846,0.01083423618634886,0.006500541711809318,0.001083423618634886,0.6,0.1,,23.799227538411706,0.6008094476840553,0.060487,0.083351,0.397225,2.448832,3.1354942159291497,2.4849066497880004,0.3333333333333333,0.0,0.405877,1.0
000066,2020,16,10,4,2,0,1855,0.00862533692722372,0.005390835579514825,0.00215633423180593,0.625,0.25,0.226028,24.038551854530468,0.6604812387831491,0.039617,0.3322,0.375356,2.680101,3.1780538303479458,2.5649493574615367,0.3076923076923077,0.0,0.41509700000000005,1.0
000066,2021,15,12,2,1,0,1813,0.00827357970215113,0.006618863761720904,0.001103143960286818,0.8,0.1333333333333333,-0.249789,24.210969288612844,0.6709544655306379,0.022659,0.231505,0.23563,1.942793,3.2188758248682006,2.5649493574615367,0.3076923076923077,0.0,0.41365900000000005,1.0
000066,2022,17,9,1,6,1,1549,0.01097482246610717,0.005810200129115558,0.0006455777921239509,0.5294117647058824,0.05882352941176471,-0.276328,24.245840364226886,0.5616311114215363,0.006797,-0.211524,0.349377,1.519986,3.258096538021482,2.302585092994046,0.3,0.0,0.39345399999999997,1.0
000066,2023,32,17,2,13,0,1527,0.02095612311722331,0.01113294040602488,0.001309757694826457,0.53125,0.0625,-0.007157,24.25349603503066,0.593416730183117,-0.025651,-0.04328,0.386665,1.536391,3.295836866004329,2.4849066497880004,0.25,0.0,0.39345399999999997,1.0
000068,2019,2,1,0,1,0,1237,0.001616814874696847,0.0008084074373484236,0.0,0.5,0.0,,22.05465285456354,0.7471294167942732,0.001994,0.093188,0.359272,1.855819,3.1354942159291497,2.4849066497880004,0.3333333333333333,1.0,0.26476700000000003,1.0
000068,2020,6,4,0,2,0,1253,0.004788507581803671,0.003192338387869114,0.0,0.6666666666666666,0.0,-0.220624,22.035327529460222,0.7904409235965535,-0.047752,0.015965,0.576532,1.671388,3.1780538303479458,2.8903717578961645,0.3684210526315789,0.0,0.26476700000000003,1.0
000068,2021,9,4,0,4,1,1476,0.006097560975609756,0.002710027100271003,0.0,0.4444444444444444,0.0,0.064615,22.116454005966652,0.8366335388581941,-0.030564,2.032211,0.185891,1.701422,3.2188758248682006,2.70805020110221,0.26666666666666666,0.0,0.26476700000000003,1.0
000068,2022,6,3,0,3,0,1327,0.00452147701582517,0.002260738507912585,0.0,0.5,0.0,0.106936,22.184023680074798,0.9016816870274581,-0.056224,0.184593,0.086923,1.796402,3.258096538021482,2.70805020110221,0.3333333333333333,0.0,0.26476700000000003,1.0
000068,2023,7,5,0,2,0,1317,0.005315110098709187,0.003796507213363705,0.0,0.7142857142857143,0.0,-0.075718,22.169196455519792,0.7504618340424559,0.148596,-0.16906,0.147856,1.589789,3.295836866004329,2.6390573296152584,0.35714285714285715,0.0,0.26476700000000003,1.0
000069,2019,3,2,0,1,0,1414,0.002121640735502122,0.001414427157001414,0.0,0.6666666666666666,0.0,,26.368614346058067,0.7497672327912595,0.042487,0.246824,0.177012,0.929928,3.1354942159291497,2.4849066497880004,0.6,0.0,0.470062,1.0
000069,2020,7,4,0,3,0,1379,0.005076142131979695,0.00290065264684554,0.0,0.5714285714285714,0.0,-0.050757,26.39779931100624,0.7582602646029916,0.037605,0.363899,0.260252,0.901594,3.1780538303479458,2.4849066497880004,0.6,0.0,0.470103,1.0
000069,2021,3,2,0,1,0,1316,0.002279635258358662,0.001519756838905775,0.0,0.6666666666666666,0.0,0.049365,26.452283414091898,0.748394438218372,0.015209,0.253036,0.277763,0.887026,3.2188758248682006,2.0794415416798357,0.5,0.0,0.470103,1.0
000069,2022,5,2,0,3,0,1218,0.004105090311986864,0.001642036124794745,0.0,0.4,0.0,-0.228693,26.426023458049734,0.7438909795917853,-0.02925,-0.251663,0.228023,0.875379,3.258096538021482,2.0794415416798357,0.5,0.0,0.470103,1.0
000069,2023,3,2,1,0,0,1032,0.002906976744186046,0.001937984496124031,0.0009689922480620155,0.6666666666666666,0.3333333333333333,-0.41651,26.440289979135773,0.7681194662689839,-0.022083,-0.273854,0.227948,0.859585,3.295836866004329,1.9459101490553132,0.5714285714285714,0.0,0.470103,1.0
000070,2019,15,14,0,1,0,1377,0.01089324618736384,0.01016702977487291,0.0,0.9333333333333333,0.0,,22.68192040854177,0.5930997150898824,0.051341,-0.241438,0.186095,1.818358,2.995732273553991,2.1972245773362196,0.3333333333333333,0.0,0.36174,1.0
000070,2020,17,14,0,3,0,1490,0.01140939597315436,0.009395973154362415,0.0,0.8235294117647058,0.0,-0.144793,23.034377205897705,0.7050363298162835,0.00679,0.091044,0.488807,1.438944,3.044522437723423,2.1972245773362196,0.3333333333333333,0.0,0.361042,1.0
000070,2021,23,19,0,4,0,1574,0.01461245235069886,0.01207115628970775,0.0,0.8260869565217391,0.0,-0.294245,22.84238864815067,0.697190668378209,-0.065421,-0.027865,0.504983,1.34768,3.091042453358316,2.6390573296152584,0.35714285714285715,0.0,0.370702,1.0
000070,2022,32,23,2,6,1,1299,0.02463433410315627,0.01770592763664357,0.001539645881447267,0.71875,0.0625,0.064615,22.786707960383595,0.6994940927836926,0.006656,-0.086962,0.169809,1.435688,3.1354942159291497,2.302585092994046,0.3,0.0,0.373153,1.0
000070,2023,39,22,1,16,0,1359,0.02869757174392936,0.01618837380426785,0.0007358351729212656,0.5641025641025641,0.02564102564102564,0.147399,22.81357379137942,0.6922809939561353,-0.028149,0.177898,0.165021,1.568685,3.1780538303479458,2.1972245773362196,0.3333333333333333,0.0,0.361774,1.0
000078,2019,2,2,0,0,0,1352,0.001479289940828402,0.001479289940828402,0.0,1.0,0.0,,24.440933984188394,0.8093021579278291,0.012514,0.081077,0.043277,1.056568,3.091042453358316,2.3978952727983707,0.36363636363636365,0.0,0.44032899999999997,0.0
000078,2020,4,4,0,0,0,1413,0.002830856334041048,0.002830856334041048,0.0,1.0,0.0,0.075067,24.405133428479132,0.8114375679135278,-0.001021,-0.035433,0.046766,1.084948,3.1354942159291497,2.1972245773362196,0.3333333333333333,0.0,0.44221,0.0
000078,2021,7,7,0,0,0,1508,0.004641909814323607,0.004641909814323607,0.0,1.0,0.0,-0.119701,24.350372260283088,0.805651320561112,0.00667,0.025763,0.032922,1.060871,3.1780538303479458,2.1972245773362196,0.3333333333333333,0.0,0.44221,0.0
000078,2022,11,11,0,0,0,1596,0.006892230576441102,0.006892230576441102,0.0,1.0,0.0,-0.05949,24.313768001665967,0.8314469763734962,-0.026867,-0.078403,0.032414,1.079391,3.2188758248682006,2.5649493574615367,0.38461538461538464,0.0,0.44221,0.0
000078,2023,10,7,0,3,0,1459,0.006854009595613434,0.004797806716929404,0.0,0.7,0.0,-0.054217,24.198478150946457,0.8694478816324893,-0.050148,-0.037428,0.040995,1.130622,3.258096538021482,2.302585092994046,0.4,0.0,0.44221,0.0
000088,2019,1,1,0,0,0,1099,0.0009099181073703367,0.0009099181073703367,0.0,1.0,0.0,,23.12272475802755,0.257484840683109,0.03699,0.470478,1.129932,1.249985,3.1354942159291497,2.4849066497880004,0.25,0.0,0.673695,1.0
000088,2020,1,1,0,0,0,1132,0.0008833922261484099,0.0008833922261484099,0.0,1.0,0.0,0.175286,23.29665932322175,0.2491999346711135,0.031767,-0.104789,1.235233,1.333444,3.1780538303479458,2.1972245773362196,0.3333333333333333,0.0,0.67483,1.0
000088,2021,3,1,0,2,0,1185,0.002531645569620253,0.0008438818565400844,0.0,0.3333333333333333,0.0,-0.158544,23.358811935865397,0.2684595902168371,0.035759,0.279918,1.545031,1.122923,3.2188758248682006,2.302585092994046,0.3,0.0,0.67483,1.0
000088,2022,2,2,0,0,0,1227,0.00162999185004075,0.00162999185004075,0.0,1.0,0.0,-0.037736,23.52028136958417,0.3379733493149638,0.031984,0.173183,2.574768,1.033478,3.258096538021482,2.4849066497880004,0.3333333333333333,0.0,0.67483,1.0
000088,2023,5,2,0,3,0,1375,0.003636363636363636,0.001454545454545454,0.0,0.4,0.0,-0.0286,23.815111394146854,0.3297098254687565,0.054162,0.119855,1.309785,1.146732,3.295836866004329,2.5649493574615367,0.25,0.0,0.354153,1.0
000089,2019,5,2,1,2,0,1631,0.003065603923973023,0.001226241569589209,0.0006131207847946045,0.4,0.2,,23.363880131730678,0.13855472938137775,0.044083,0.057601,0.75011,1.567472,3.091042453358316,2.5649493574615367,0.3076923076923077,0.0,0.569686,1.0
000089,2020,12,5,4,3,0,1609,0.007458048477315102,0.003107520198881293,0.002486016159105034,0.4166666666666667,0.3333333333333333,-0.155578,23.439131197636534,0.2102352576619852,0.002641,-0.212741,0.08552,1.318526,3.1354942159291497,2.5649493574615367,0.25,0.0,0.569686,1.0
000089,2021,9,4,4,1,0,1686,0.005338078291814947,0.002372479240806643,0.002372479240806643,0.4444444444444444,0.4444444444444444,-0.104039,23.993986879537513,0.5479472421974425,-0.000969,0.103079,0.381419,1.118073,3.1780538303479458,2.4849066497880004,0.25,0.0,0.569686,1.0
000089,2022,8,4,4,0,0,1297,0.006168080185042405,0.003084040092521203,0.003084040092521203,0.5,0.5,0.077869,23.947240166813554,0.5743615357586475,-0.043852,-0.191934,0.063783,1.215842,3.2188758248682006,2.1972245773362196,0.3333333333333333,0.0,0.569686,1.0
000089,2023,11,4,2,5,0,1613,0.006819590824550527,0.002479851208927464,0.001239925604463732,0.3636363636363636,0.1818181818181818,-0.181934,23.90850297452058,0.5400093370276888,0.016197,0.559132,0.215254,1.085511,3.258096538021482,2.302585092994046,0.3,0.0,0.569686,1.0
000090,2019,9,6,0,3,0,757,0.011889035667107,0.007926023778071334,0.0,0.6666666666666666,0.0,,24.419949057028074,0.7603640571592528,0.034242,0.436438,0.193814,1.006021,3.044522437723423,1.9459101490553132,0.42857142857142855,0.0,0.23474799999999998,1.0
000090,2020,13,10,0,3,0,1191,0.0109151973131822,0.008396305625524769,0.0,0.7692307692307693,0.0,0.192453,24.615058241471893,0.7747429223891358,0.033339,0.167703,0.286586,1.001263,3.091042453358316,2.0794415416798357,0.375,0.0,0.23474799999999998,1.0
000090,2021,11,9,0,2,0,1217,0.009038619556285949,0.007395234182415777,0.0,0.8181818181818182,0.0,0.052189,24.814673029188555,0.7855957867601804,0.035868,0.358816,0.210483,0.968943,3.1354942159291497,2.1972245773362196,0.3333333333333333,0.0,0.23474799999999998,1.0
000090,2022,11,8,0,3,0,1276,0.008620689655172414,0.006269592476489028,0.0,0.7272727272727273,0.0,-0.013629,24.96034916198697,0.7964297738438426,0.030546,0.137291,0.21111,0.943856,3.1780538303479458,2.6390573296152584,0.42857142857142855,0.0,0.23474799999999998,1.0
000090,2023,16,11,0,4,1,1187,0.0134793597304128,0.009267059814658803,0.0,0.6875,0.0,-0.098901,24.96425291034394,0.7825885041523044,0.021696,0.020228,0.233919,0.906308,3.2188758248682006,2.6390573296152584,0.42857142857142855,0.0,0.23474799999999998,1.0
000096,2020,2,0,0,2,0,1046,0.001912045889101338,0.0,0.0,0.0,0.0,-0.148246,21.84696185921279,0.07023045274076345,0.044185,-0.242911,8.85617,1.709599,3.044522437723423,2.6390573296152584,0.2857142857142857,0.0,0.5554359999999999,1.0
000096,2021,2,0,0,2,0,1118,0.001788908765652952,0.0,0.0,0.0,0.0,-0.086687,21.849492066463213,0.05502421195097559,0.022886,0.318102,8.973106,1.548365,3.091042453358316,2.8903717578961645,0.3684210526315789,0.0,0.5554359999999999,1.0
000096,2023,2,2,0,0,0,1165,0.001716738197424893,0.001716738197424893,0.0,1.0,0.0,0.448878,21.796670782496285,0.06466104670511381,0.032144,0.215462,8.846881,2.119002,3.1780538303479458,2.4849066497880004,0.3333333333333333,0.0,0.5554359999999999,1.0
000099,2019,3,0,0,3,0,1036,0.002895752895752896,0.0,0.0,0.0,0.0,,22.49169568472913,0.4214804970895746,0.036638,0.099147,0.410541,1.185577,2.995732273553991,2.70805020110221,0.3333333333333333,0.0,0.386291,1.0
000099,2020,2,0,0,2,0,1005,0.001990049751243781,0.0,0.0,0.0,0.0,0.016238,22.430292793148062,0.34769271605944174,0.037552,-0.005674,0.943224,1.167873,3.044522437723423,2.8903717578961645,0.30434782608695654,0.0,0.386291,1.0
000099,2021,3,2,0,1,0,1249,0.002401921537229784,0.001601281024819856,0.0,0.6666666666666666,0.0,0.169571,22.612919093713952,0.25164875951322807,0.041017,0.078522,2.522485,1.207621,3.091042453358316,2.833213344056216,0.35294117647058826,0.0,0.30179,1.0
000099,2022,1,1,0,0,0,1101,0.0009082652134423251,0.0009082652134423251,0.0,1.0,0.0,-0.149133,22.589467269897032,0.20769285030178852,0.025988,0.069844,2.169446,1.074554,3.1354942159291497,2.833213344056216,0.29411764705882354,0.0,0.30179,1.0
000100,2019,7,2,0,4,1,1536,0.004557291666666667,0.001302083333333333,0.0,0.2857142857142857,0.0,,25.828270777775305,0.6124651122781274,0.020457,-0.338982,0.40963,0.980635,2.772588722239781,2.5649493574615367,0.3076923076923077,1.0,0.09031,0.0
000100,2020,16,3,1,12,0,1448,0.01104972375690608,0.002071823204419889,0.0006906077348066298,0.1875,0.0625,0.606264,26.27586985090823,0.6508174636766895,0.023963,0.023276,0.256397,1.03247,2.833213344056216,2.6390573296152584,0.5,1.0,0.08543799999999999,0.0
000100,2022,18,8,1,9,0,1481,0.01215395003376097,0.005401755570560433,0.0006752194463200541,0.4444444444444444,0.05555555555555555,-0.372771,26.426023458049734,0.6329440664812291,0.005347,0.018419,0.384685,0.84755,2.9444389791664403,2.6390573296152584,0.2857142857142857,1.0,0.080204,0.0
000100,2023,16,5,1,10,0,1509,0.01060304837640822,0.003313452617627568,0.0006626905235255136,0.3125,0.0625,0.271505,26.440289979135773,0.6205758768384042,0.012871,0.046915,0.20153,0.837596,2.995732273553991,2.3978952727983707,0.36363636363636365,1.0,0.075216,0.0
000151,2019,3,0,1,2,0,1051,0.00285442435775452,0.0,0.0009514747859181732,0.0,0.3333333333333333,,21.595623795587283,0.6037395501614099,0.003847,-0.068564,0.406545,1.812912,2.995732273553991,2.302585092994046,0.3,0.0,0.453585,1.0
000151,2020,3,0,0,2,1,1127,0.002661934338952972,0.0,0.0,0.0,0.0,-0.22381,21.313799474933102,0.6467695149868893,-0.138514,-0.340279,0.36587,1.882487,3.044522437723423,2.4849066497880004,0.4166666666666667,0.0,0.453585,1.0
000151,2021,8,3,1,4,0,1422,0.005625879043600563,0.002109704641350211,0.0007032348804500703,0.375,0.125,0.04674,22.024314395853647,0.6086538905244915,0.019198,1.765731,0.456741,1.308345,3.091042453358316,2.4849066497880004,0.3333333333333333,0.0,0.397937,1.0
000151,2022,7,3,0,3,1,1190,0.005882352941176471,0.002521008403361345,0.0,0.4285714285714285,0.0,0.494712,22.238326917602574,0.7329065670300177,-0.114113,0.954988,0.296178,1.53418,3.1354942159291497,2.4849066497880004,0.3333333333333333,0.0,0.397937,1.0
000151,2023,7,6,0,1,0,1282,0.00546021840873635,0.0046801872074883,0.0,0.8571428571428571,0.0,-0.109277,21.917711639104365,0.7422391827433755,-0.126489,-0.273492,0.522885,1.711008,3.1780538303479458,2.6390573296152584,0.42857142857142855,0.0,0.397937,1.0
000153,2021,1,1,0,0,0,1065,0.0009389671361502347,0.0009389671361502347,0.0,1.0,0.0,0.361364,22.062555111716012,0.5918325027712389,0.029378,0.054344,0.122149,1.571388,3.091042453358316,2.1972245773362196,0.3333333333333333,0.0,0.114827,0.0
000153,2022,2,0,0,2,0,1185,0.001687763713080169,0.0,0.0,0.0,0.0,0.140234,22.220484184774563,0.6073689971040805,0.035398,0.143461,0.147004,1.577734,3.1354942159291497,2.4849066497880004,0.3333333333333333,0.0,0.10792199999999999,0.0
000153,2023,1,0,0,1,0,1186,0.0008431703204047217,0.0,0.0,0.0,0.0,-0.301622,22.202895735956997,0.5630412546175834,0.035505,0.067786,0.144385,1.260977,3.1780538303479458,2.1972245773362196,0.3333333333333333,0.0,0.10795,0.0
000155,2019,2,1,0,1,0,1139,0.001755926251097454,0.000877963125548727,0.0,0.5,0.0,,22.703740140027595,0.4173354817483386,0.045518,-0.519877,1.048457,1.176232,2.995732273553991,1.9459101490553132,0.2857142857142857,0.0,0.262047,1.0
000155,2020,3,2,0,1,0,1201,0.002497918401332223,0.001665278934221482,0.0,0.6666666666666666,0.0,0.916859,22.946178168118266,0.5072443684424477,0.035639,-0.026619,0.668623,1.648764,3.044522437723423,1.791759469228055,0.3333333333333333,0.0,0.262047,1.0
000155,2021,1,0,0,1,0,1561,0.0006406149903907751,0.0,0.0,0.0,0.0,2.196386,23.574493006806016,0.5800136465387713,0.040571,1.207858,0.793273,2.578459,3.091042453358316,2.1972245773362196,0.3333333333333333,0.0,0.35320700000000005,1.0
000155,2022,4,1,0,3,0,1502,0.002663115845539281,0.0006657789613848203,0.0,0.25,0.0,-0.327554,23.6858635109159,0.546268088396394,0.068105,-0.137609,0.753933,1.797132,3.1354942159291497,1.791759469228055,0.3333333333333333,0.0,0.36176200000000003,1.0
000155,2023,6,3,0,3,0,1362,0.004405286343612335,0.002202643171806168,0.0,0.5,0.0,-0.255045,23.803825672866633,0.538181621471802,0.062815,-0.128492,0.779467,1.385909,3.1780538303479458,1.791759469228055,0.3333333333333333,0.0,0.36176200000000003,1.0
000156,2019,30,25,0,3,2,1084,0.02767527675276753,0.02306273062730627,0.0,0.8333333333333334,0.0,,23.47842909382653,0.3002445680517577,0.042379,0.079939,1.241831,1.225043,2.995732273553991,2.8903717578961645,0.3333333333333333,0.0,0.418468,1.0
000156,2020,41,31,0,8,2,1340,0.03059701492537313,0.02313432835820895,0.0,0.7560975609756098,0.0,-0.119732,23.877731729741594,0.4075095667231593,0.039787,1.042127,0.424737,1.058153,3.044522437723423,2.772588722239781,0.375,0.0,0.36296599999999996,1.0
000156,2021,16,11,0,3,2,1024,0.015625,0.0107421875,0.0,0.6875,0.0,0.008178,23.96587712871506,0.4334444818965917,0.037795,0.119564,0.325298,1.031624,3.091042453358316,2.5649493574615367,0.3076923076923077,0.0,0.36296599999999996,1.0
000156,2022,23,15,1,7,0,1014,0.02268244575936884,0.01479289940828402,0.0009861932938856016,0.6521739130434783,0.04347826086956522,-0.091017,24.02319743331729,0.4488878766393635,0.030628,0.106368,0.381291,0.966894,3.1354942159291497,2.772588722239781,0.3125,0.0,0.364335,1.0
000156,2023,24,16,1,7,0,1015,0.02364532019704434,0.01576354679802956,0.0009852216748768472,0.6666666666666666,0.04166666666666666,0.013351,24.10017743527453,0.4806124960188578,0.024957,0.03418,0.16536,0.95524,3.1780538303479458,2.833213344056216,0.25,0.0,0.364335,1.0
000157,2019,21,17,0,3,1,1417,0.01482004234297812,0.01199717713479181,0.0,0.8095238095238095,0.0,,25.245793582456816,0.5706091427499171,0.046087,0.50915,0.146696,1.114217,2.995732273553991,2.0794415416798357,0.5,1.0,0.176033,0.0
000157,2020,37,31,0,5,1,1431,0.02585604472396925,0.02166317260656883,0.0,0.8378378378378378,0.0,0.513473,25.479223383388533,0.5881579187024131,0.070607,0.503414,0.214838,1.216687,3.044522437723423,1.9459101490553132,0.5714285714285714,1.0,0.17454699999999998,0.0
000157,2021,37,31,1,3,2,1384,0.02673410404624278,0.02239884393063584,0.000722543352601156,0.8378378378378378,0.02702702702702703,-0.243434,25.527435726321592,0.5222254952824912,0.053598,0.031051,0.265547,1.026186,3.091042453358316,1.9459101490553132,0.5714285714285714,1.0,0.18195799999999998,0.0
000157,2022,39,36,1,2,0,1500,0.026,0.024,0.0006666666666666666,0.9230769230769231,0.02564102564102564,-0.196653,25.539936258049533,0.5388601685687261,0.019421,-0.379843,0.284987,0.935609,3.1354942159291497,1.9459101490553132,0.5714285714285714,1.0,0.181908,0.0
000157,2023,41,34,0,7,0,1685,0.02433234421364985,0.02017804154302671,0.0,0.8292682926829268,0.0,0.259191,25.597412145498318,0.5478664459810381,0.029644,0.130751,0.272137,0.984435,3.1780538303479458,2.4849066497880004,0.6,1.0,0.18187,0.0
000158,2019,90,61,7,19,3,1403,0.06414825374198146,0.04347826086956522,0.004989308624376337,0.6777777777777778,0.07777777777777778,,23.37343377721864,0.5817755429816598,0.006729,-0.021695,0.222707,1.345606,2.995732273553991,2.3978952727983707,0.36363636363636365,0.0,0.284806,1.0
000158,2020,66,45,6,12,3,1346,0.04903417533432392,0.03343239227340267,0.004457652303120356,0.6818181818181818,0.09090909090909091,-0.090909,23.424317992876837,0.5946651665409789,0.007374,0.046278,0.334157,1.255978,3.044522437723423,2.3978952727983707,0.36363636363636365,0.0,0.284806,1.0
000158,2021,44,29,6,9,0,1394,0.03156384505021521,0.02080344332855093,0.00430416068866571,0.6590909090909091,0.1363636363636364,0.116129,23.532538235244107,0.6281584759766673,0.008238,0.100954,0.224314,1.290681,3.091042453358316,2.772588722239781,0.4375,0.0,0.284806,1.0
000158,2022,71,50,7,13,1,1495,0.04749163879598662,0.0334448160535117,0.004682274247491638,0.704225352112676,0.09859154929577464,-0.187861,23.530052368656825,0.6410405048273145,-0.014026,-0.111944,0.245552,1.181679,3.1354942159291497,2.3978952727983707,0.36363636363636365,0.0,0.284806,1.0
000158,2023,69,54,2,12,1,1710,0.04035087719298246,0.03157894736842105,0.001169590643274854,0.782608695652174,0.02898550724637681,0.533808,23.571643074189087,0.6628990893845036,-0.007532,-0.067913,0.319307,1.457157,3.1780538303479458,2.6390573296152584,0.2857142857142857,0.0,0.284806,1.0
000159,2019,2,1,0,1,0,1103,0.001813236627379873,0.0009066183136899365,0.0,0.5,0.0,,21.758966491077654,0.2246178757884184,0.009379,-0.218325,0.284975,1.195518,2.995732273553991,2.1972245773362196,0.3333333333333333,1.0,0.24668500000000002,0.0
000159,2020,1,0,0,1,0,1115,0.0008968609865470852,0.0,0.0,0.0,0.0,-0.096661,21.70885150016338,0.18115263011976115,0.030929,0.281788,0.153772,1.09969,3.044522437723423,2.1972245773362196,0.3333333333333333,1.0,0.236706,0.0
000159,2021,4,3,0,1,0,1208,0.003311258278145695,0.002483443708609272,0.0,0.75,0.0,0.279297,22.028629577461807,0.3863337106700703,0.007942,1.028658,0.040175,1.237202,3.091042453358316,2.4849066497880004,0.5,1.0,0.228234,0.0
000159,2022,1,0,0,0,1,1071,0.0009337068160597573,0.0,0.0,0.0,0.0,0.06585,21.847395319233925,0.1513686717562428,0.092935,0.439843,0.299181,1.238464,3.1354942159291497,2.833213344056216,0.35294117647058826,0.0,0.228234,0.0
000159,2023,1,1,0,0,0,1152,0.0008680555555555555,0.0008680555555555555,0.0,1.0,0.0,-0.067529,22.035111723512063,0.3426018557594554,0.023731,1.451798,0.24419,1.182794,3.1780538303479458,2.302585092994046,0.4,0.0,0.228234,0.0
000301,2019,10,9,0,1,0,1363,0.007336757153338224,0.006603081438004402,0.0,0.9,0.0,,24.279820389506686,0.5633839041437376,0.049856,0.349646,0.333009,1.048065,2.995732273553991,2.0794415416798357,0.375,1.0,0.687066,0.0
000301,2020,6,5,0,1,0,1491,0.004024144869215292,0.00335345405767941,0.0,0.8333333333333334,0.0,0.849421,24.865346238913226,0.6417199239648248,0.006384,-0.084811,0.699035,1.0903,3.044522437723423,2.0794415416798357,0.5,1.0,0.5725549999999999,0.0
000301,2021,4,3,0,1,0,1465,0.00273037542662116,0.00204778156996587,0.0,0.75,0.0,1.050633,25.60608702585287,0.7772161931892676,0.04724,1.270807,0.243213,1.173944,3.091042453358316,2.0794415416798357,0.5,1.0,0.5725439999999999,0.0
000301,2022,4,2,1,1,0,1606,0.0024906600249066,0.0012453300124533,0.0006226650062266501,0.5,0.25,-0.317994,25.838331494677874,0.7856155275398129,0.003635,0.233945,0.183857,1.240115,3.1354942159291497,2.0794415416798357,0.5,1.0,0.418718,0.0
000301,2023,4,3,0,1,0,1622,0.002466091245376079,0.001849568434032059,0.0,0.75,0.0,-0.256135,25.971419808224194,0.8134099940298757,0.00394,1.20048,0.083971,1.122286,3.1780538303479458,2.1972245773362196,0.4444444444444444,1.0,0.41871699999999995,0.0
000400,2019,21,18,0,2,1,961,0.0218522372528616,0.01873048907388137,0.0,0.8571428571428571,0.0,,23.437273736185265,0.42498036947622897,0.033335,0.236051,0.197638,1.144651,3.1354942159291497,2.3978952727983707,0.2727272727272727,0.0,0.43256100000000003,1.0
000400,2020,31,29,0,2,0,1056,0.02935606060606061,0.02746212121212121,0.0,0.9354838709677419,0.0,0.348189,23.54501030225625,0.4526285347107437,0.048904,0.101921,0.235894,1.320175,3.1780538303479458,2.1972245773362196,0.3333333333333333,0.0,0.43256100000000003,1.0
000400,2021,36,34,0,2,0,1079,0.03336422613531047,0.03151065801668211,0.0,0.9444444444444444,0.0,0.811895,23.595034949113675,0.4251490930695872,0.049726,0.07144,0.41121,1.914612,3.2188758248682006,2.4849066497880004,0.25,0.0,0.38472700000000004,1.0
000400,2022,25,25,0,0,0,1125,0.02222222222222222,0.02222222222222222,0.0,1.0,0.0,-0.231034,23.665396362398987,0.4246633712341021,0.052941,0.244085,0.455347,1.48689,3.258096538021482,2.1972245773362196,0.3333333333333333,0.0,0.38309600000000005,1.0
000400,2023,32,27,0,4,1,1142,0.02802101576182137,0.02364273204903678,0.0,0.84375,0.0,0.10666,23.80989394532157,0.46613322577862454,0.057431,0.143687,0.501545,1.482674,3.295836866004329,2.8903717578961645,0.3333333333333333,0.0,0.37908000000000003,1.0
000401,2019,3,3,0,0,0,1316,0.002279635258358662,0.002279635258358662,0.0,1.0,0.0,,24.82976120678434,0.5251719905778601,0.073786,0.118594,0.255163,0.902603,3.1780538303479458,2.1972245773362196,0.3333333333333333,0.0,0.3,1.0
000401,2020,5,5,0,0,0,1245,0.004016064257028112,0.004016064257028112,0.0,1.0,0.0,-0.138742,24.799909650669523,0.4546082515975442,0.086625,0.028186,0.406775,0.803934,3.2188758248682006,2.4849066497880004,0.3333333333333333,0.0,0.3,1.0
000401,2021,6,6,0,0,0,1422,0.004219409282700422,0.004219409282700422,0.0,1.0,0.0,-0.119435,24.823102560491783,0.4401043407545996,0.070119,0.024181,0.516039,0.961054,3.258096538021482,2.3978952727983707,0.36363636363636365,0.0,0.475329,1.0
000401,2022,14,14,0,0,0,1457,0.009608785175017159,0.009608785175017159,0.0,1.0,0.0,-0.249164,24.85070533729087,0.4743069762646524,0.022998,-0.049368,0.429069,0.899332,3.295836866004329,2.1972245773362196,0.3333333333333333,0.0,0.443397,1.0
000401,2023,11,11,0,0,0,1331,0.008264462809917356,0.008264462809917356,0.0,1.0,0.0,-0.205346,24.816322963382266,0.4893975550248758,-0.028669,-0.182624,0.365533,0.867787,3.332204510175204,2.4849066497880004,0.4166666666666667,0.0,0.443397,1.0
000402,2019,1,0,1,0,0,1284,0.000778816199376947,0.0,0.000778816199376947,0.0,1.0,,25.810799675077188,0.7593606962061107,0.026541,0.184082,0.217667,0.909225,3.1780538303479458,2.1972245773362196,0.3333333333333333,0.0,0.311385,1.0
000403,2019,3,3,0,0,0,1235,0.00242914979757085,0.00242914979757085,0.0,1.0,0.0,,20.96357493029408,0.3696308040793679,0.121823,0.064911,0.25211,7.266071,3.1780538303479458,1.9459101490553132,0.42857142857142855,0.0,0.274859,0.0
000403,2020,7,5,0,0,2,1293,0.005413766434648105,0.003866976024748647,0.0,0.7142857142857143,0.0,1.115211,21.225626032368595,0.4149240258804845,0.124943,0.14665,0.155504,9.823595,3.2188758248682006,2.0794415416798357,0.375,0.0,0.273061,0.0
000403,2021,11,7,1,2,1,1581,0.006957621758380772,0.004427577482605946,0.0006325110689437065,0.6363636363636364,0.09090909090909091,-0.262368,22.681640547660432,0.10723604744334278,0.089316,0.877954,1.378131,2.467429,3.258096538021482,2.5649493574615367,0.38461538461538464,0.0,0.183464,0.0
000403,2022,4,4,0,0,0,1251,0.00319744204636291,0.00319744204636291,0.0,1.0,0.0,-0.186015,22.800495492429814,0.14045999188055378,0.077994,0.219834,1.042699,2.011469,3.295836866004329,2.5649493574615367,0.38461538461538464,0.0,0.183598,0.0
000403,2023,2,1,0,1,0,1194,0.001675041876046901,0.0008375209380234506,0.0,0.5,0.0,0.20036,22.87856527500915,0.14003983916670537,0.073615,-0.031792,1.548783,2.263258,3.332204510175204,2.8903717578961645,0.3793103448275862,0.0,0.209758,1.0
000404,2019,35,24,2,9,0,1143,0.03062117235345582,0.02099737532808399,0.001749781277340333,0.6857142857142857,0.05714285714285714,,23.050391502972424,0.584173729980001,0.009833,0.076132,0.481671,0.852719,3.1780538303479458,2.302585092994046,0.3,0.0,0.306029,1.0
000404,2020,35,22,1,12,0,1145,0.03056768558951965,0.01921397379912664,0.0008733624454148472,0.6285714285714286,0.02857142857142857,0.288608,23.115542047993227,0.5962690080266209,0.017152,0.090078,0.377767,0.919028,3.2188758248682006,2.3978952727983707,0.2727272727272727,0.0,0.306029,1.0
000404,2021,33,19,0,13,1,1161,0.02842377260981912,0.01636520241171404,0.0,0.5757575757575758,0.0,-0.055227,23.185626742167226,0.606310624649798,0.025556,0.262707,0.51357,0.88457,3.258096538021482,2.5649493574615367,0.38461538461538464,0.0,0.306029,1.0
000404,2022,34,20,1,13,0,1189,0.02859545836837679,0.01682085786375105,0.0008410428931875525,0.5882352941176471,0.02941176470588235,0.196162,23.25484918572553,0.61147814793704,0.034353,-0.007847,0.49406,0.913836,3.295836866004329,2.302585092994046,0.4,0.0,0.306029,1.0
000404,2023,23,15,0,8,0,1275,0.01803921568627451,0.01176470588235294,0.0,0.6521739130434783,0.0,0.115385,23.35533731749321,0.6264133172023588,0.040125,-0.015767,0.556786,0.921548,3.332204510175204,2.302585092994046,0.3,0.0,0.306029,1.0
000407,2019,1,0,0,1,0,917,0.00109051254089422,0.0,0.0,0.0,0.0,,22.596499907624782,0.5526420909306566,0.031532,0.143822,0.181981,1.0338,3.1780538303479458,2.302585092994046,0.4,0.0,0.099861,0.0
000407,2020,2,0,0,2,0,846,0.002364066193853428,0.0,0.0,0.0,0.0,0.203652,22.63317714144554,0.5703211966520635,0.03252,-0.140591,0.141402,1.123631,3.2188758248682006,2.302585092994046,0.4,0.0,0.099861,0.0
000407,2021,2,1,0,1,0,948,0.002109704641350211,0.001054852320675105,0.0,0.5,0.0,0.049412,22.67458177650354,0.5706594562641014,0.015797,-0.010604,0.123414,1.125249,3.258096538021482,2.772588722239781,0.375,0.0,0.221601,0.0
000407,2022,1,0,0,1,0,946,0.00105708245243129,0.0,0.0,0.0,0.0,-0.125,22.691494463448652,0.5675435383133671,0.025658,0.021467,0.104351,1.040706,3.295836866004329,2.1972245773362196,0.3333333333333333,0.0,0.221601,0.0
000407,2023,2,1,0,1,0,902,0.002217294900221729,0.001108647450110865,0.0,0.5,0.0,-0.054545,22.66288205695485,0.5323677265276262,0.030237,0.006872,0.182659,0.990418,3.332204510175204,2.1972245773362196,0.3333333333333333,0.0,0.221601,0.0
000408,2020,2,0,0,2,0,1434,0.001394700139470014,0.0,0.0,0.0,0.0,0.085366,,,,,,,,,,,,
000408,2022,1,0,0,1,0,2090,0.0004784688995215311,0.0,0.0,0.0,0.0,-0.320293,23.328652616280944,0.1043667154371606,0.2384,1.261891,2.011765,3.136431,3.295836866004329,2.5649493574615367,0.38461538461538464,0.0,0.256364,0.0
000408,2023,2,2,0,0,0,2035,0.0009828009828009828,0.0009828009828009828,0.0,1.0,0.0,0.043512,23.36884361658991,0.07389762951031564,0.182303,-0.362244,1.694949,2.915873,3.332204510175204,2.1972245773362196,0.3333333333333333,0.0,0.22879000000000002,0.0
000409,2019,1,0,0,1,0,1203,0.0008312551953449709,0.0,0.0,0.0,0.0,,,,,,,,,,,,,
000409,2020,17,12,2,3,0,1270,0.01338582677165354,0.009448818897637795,0.001574803149606299,0.7058823529411765,0.1176470588235294,-0.155602,,,,,,,,,,,,
000409,2021,31,26,2,2,1,1210,0.0256198347107438,0.02148760330578512,0.001652892561983471,0.8387096774193549,0.06451612903225806,0.633907,20.905040202700317,0.499621859695781,0.031782,-0.482465,0.202389,2.85185,3.258096538021482,2.3978952727983707,0.2727272727272727,0.0,0.167061,1.0
000409,2022,84,76,0,7,1,1557,0.05394990366088632,0.04881181759794476,0.0,0.9047619047619048,0.0,-0.03609,21.630924140707073,0.3396556058149542,0.033253,1.146919,0.994345,1.674037,3.295836866004329,2.4849066497880004,0.4166666666666667,0.0,0.359278,1.0
000409,2023,95,82,3,8,2,1515,0.0627062706270627,0.05412541254125412,0.00198019801980198,0.8631578947368421,0.03157894736842105,0.444618,21.69323423059039,0.33518181440814027,0.044369,0.046157,0.963846,2.062454,3.332204510175204,2.5649493574615367,0.38461538461538464,0.0,0.359278,1.0
000410,2019,17,14,0,3,0,1309,0.01298701298701299,0.0106951871657754,0.0,0.8235294117647058,0.0,,,,,,,,,,,,,
000410,2020,14,12,1,1,0,1103,0.01269265639165911,0.01087941976427924,0.0009066183136899365,0.8571428571428571,0.07142857142857142,-0.45815,,,,,,,,,,,,
000410,2021,6,5,0,1,0,1008,0.005952380952380952,0.00496031746031746,0.0,0.8333333333333334,0.0,0.365854,,,,,,,,,,,,
000410,2022,10,8,0,1,1,1222,0.008183306055646482,0.006546644844517185,0.0,0.8,0.0,0.115079,,,,,,,,,,,,
000410,2023,8,7,0,1,0,1166,0.00686106346483705,0.006003430531732418,0.0,0.875,0.0,0.234875,21.87729395443102,0.6884033990118545,0.008614,-0.101112,0.237269,4.425224,3.332204510175204,2.0794415416798357,0.375,0.0,0.42898899999999995,1.0
000411,2019,6,3,0,3,0,1227,0.004889975550122249,0.002444987775061125,0.0,0.5,0.0,,23.09998013393021,0.7240804539803932,0.034174,0.200505,0.175735,1.004493,3.1780538303479458,2.3978952727983707,0.2727272727272727,0.0,0.249,1.0
000411,2020,7,3,1,3,0,1152,0.006076388888888889,0.002604166666666667,0.0008680555555555555,0.4285714285714285,0.1428571428571428,0.597453,23.14365792838973,0.7150424645197748,0.031137,0.016555,0.210564,1.119822,3.2188758248682006,2.6390573296152584,0.42857142857142855,0.0,0.249,1.0
000411,2021,5,2,0,3,0,1241,0.0040290088638195,0.0016116035455278,0.0,0.4,0.0,-0.240196,23.228410845830798,0.7129043711372826,0.03372,0.068888,0.221321,1.015138,3.258096538021482,2.5649493574615367,0.46153846153846156,0.0,0.242725,1.0
000411,2022,9,8,0,1,0,1281,0.00702576112412178,0.00624512099921936,0.0,0.8888888888888888,0.0,-0.039291,23.30073858215565,0.7050251186042551,0.036406,0.14546,0.071004,0.977683,3.295836866004329,2.3978952727983707,0.36363636363636365,0.0,0.240345,1.0
000411,2023,9,8,0,1,0,1284,0.007009345794392523,0.006230529595015576,0.0,0.8888888888888888,0.0,-0.020225,23.355791658348704,0.6562488212659089,0.043494,0.046796,0.160178,1.047429,3.332204510175204,2.3978952727983707,0.36363636363636365,0.0,0.288738,1.0
000415,2019,21,0,0,21,0,1852,0.0113390928725702,0.0,0.0,0.0,0.0,,26.305021356998136,0.7944672778296468,0.012054,-0.060255,0.228149,0.932873,3.1780538303479458,2.1972245773362196,0.3333333333333333,0.0,0.303149,0.0
000415,2020,17,1,0,16,0,1795,0.00947075208913649,0.0005571030640668524,0.0,0.05882352941176471,0.0,-0.368421,26.24557549452718,0.8339281875759292,-0.033332,-0.293407,0.463006,0.938769,3.2188758248682006,2.1972245773362196,0.3333333333333333,0.0,0.28015999999999996,0.0
000415,2021,11,0,0,11,0,1811,0.006073992269464384,0.0,0.0,0.0,0.0,0.2125,26.237625879159285,0.8393470037386819,-0.00453,-0.022872,0.168811,0.949434,3.258096538021482,2.3978952727983707,0.36363636363636365,0.0,0.28015999999999996,0.0
000415,2022,13,0,1,12,0,1677,0.007751937984496124,0.0,0.0005963029218843172,0.0,0.07692307692307693,-0.24055,26.29786677035653,0.8358672187301375,-0.009262,0.191529,0.158555,0.922725,3.295836866004329,2.302585092994046,0.3,0.0,0.28015999999999996,0.0
000415,2023,16,0,0,16,0,1591,0.01005656819610308,0.0,0.0,0.0,0.0,-0.031674,26.289871654495755,0.825602116592924,0.006928,0.054915,0.115773,0.892054,3.332204510175204,2.3978952727983707,0.2727272727272727,0.0,0.28015999999999996,0.0
000417,2019,9,3,1,4,1,1205,0.007468879668049793,0.002489626556016597,0.0008298755186721991,0.3333333333333333,0.1111111111111111,,23.104701536842597,0.5627433416366453,0.023169,0.021215,0.388612,0.918164,3.1780538303479458,2.3978952727983707,0.36363636363636365,0.0,0.380044,1.0
000417,2020,9,7,1,1,0,1170,0.007692307692307693,0.005982905982905983,0.0008547008547008547,0.7777777777777778,0.1111111111111111,-0.006085,23.132561651897568,0.5645709443982657,0.017248,-0.419745,0.472285,0.902535,3.2188758248682006,2.302585092994046,0.4,0.0,0.380044,1.0
000417,2021,5,4,1,0,0,1257,0.003977724741447892,0.003182179793158314,0.0007955449482895784,0.8,0.2,-0.072614,23.2799638206596,0.6094058136483392,0.020556,0.001272,0.477726,0.876295,3.258096538021482,2.70805020110221,0.4,0.0,0.380044,1.0
000417,2022,5,3,1,1,0,1207,0.004142502071251036,0.002485501242750621,0.0008285004142502071,0.6,0.2,0.249433,23.292951578066912,0.6019207209788658,0.017557,-0.005665,0.496162,0.927407,3.295836866004329,2.302585092994046,0.4,0.0,0.380044,1.0
000417,2023,10,4,1,5,0,1222,0.008183306055646482,0.003273322422258593,0.0008183306055646482,0.4,0.1,-0.07156,23.299666122489448,0.5751392725600465,0.025684,0.061276,0.354521,0.871228,3.332204510175204,2.302585092994046,0.4,0.0,0.380044,1.0
000419,2019,1,1,0,0,0,835,0.001197604790419162,0.001197604790419162,0.0,1.0,0.0,,22.352886450717833,0.3743713339816159,0.039887,-0.082068,0.462065,0.861354,3.1780538303479458,2.1972245773362196,0.3333333333333333,1.0,0.443304,1.0
000419,2023,1,1,0,0,0,928,0.001077586206896552,0.001077586206896552,0.0,1.0,0.0,-0.256443,22.406090387758425,0.3506269426489841,0.028616,0.005988,0.823434,0.918381,3.332204510175204,2.4849066497880004,0.5,1.0,0.443304,1.0
000420,2021,1,0,1,0,0,947,0.001055966209081309,0.0,0.001055966209081309,0.0,1.0,1.78836,22.894890970920883,0.6628340176043386,-0.015222,0.432225,0.016147,1.964955,3.258096538021482,2.5649493574615367,0.38461538461538464,0.0,0.146689,1.0
000420,2022,8,6,1,1,0,925,0.008648648648648649,0.006486486486486486,0.001081081081081081,0.75,0.125,-0.159393,23.07599088280179,0.5881224870698875,-0.008968,0.024995,0.070727,1.550117,3.295836866004329,2.6390573296152584,0.35714285714285715,0.0,0.129355,1.0
000421,2019,3,1,0,2,0,974,0.003080082135523614,0.001026694045174538,0.0,0.3333333333333333,0.0,,23.218960100931728,0.7051873261415553,0.015481,0.024456,0.103242,0.919042,3.1780538303479458,2.302585092994046,0.3,0.0,0.49534799999999996,1.0
000421,2020,8,5,0,3,0,1091,0.007332722273143905,0.00458295142071494,0.0,0.625,0.0,0.511038,23.12070398159308,0.6494515495473807,0.051201,0.903233,0.272915,1.002572,3.2188758248682006,2.302585092994046,0.3,0.0,0.49534799999999996,1.0
000421,2021,11,5,0,6,0,1173,0.00937766410912191,0.004262574595055414,0.0,0.4545454545454545,0.0,-0.261799,23.37478805204375,0.7128963728799109,0.013329,-0.475309,0.245358,0.912456,3.258096538021482,2.3978952727983707,0.36363636363636365,0.0,0.49534799999999996,1.0
000421,2022,5,3,0,2,0,1245,0.004016064257028112,0.002409638554216868,0.0,0.6,0.0,0.010121,23.46165893242769,0.7403991249153067,0.00587,0.981931,0.17733,0.924054,3.295836866004329,2.3978952727983707,0.36363636363636365,0.0,0.490479,1.0
000421,2023,6,3,0,2,1,1220,0.004918032786885246,0.002459016393442623,0.0,0.5,0.0,0.449898,23.475339689219222,0.7555790620509195,-0.006653,-0.348755,0.181482,1.013313,3.332204510175204,2.0794415416798357,0.375,0.0,0.49053800000000003,1.0
000422,2019,2,1,0,1,0,828,0.002415458937198068,0.001207729468599034,0.0,0.5,0.0,,,,,,,,,,,,,
000422,2020,3,2,1,0,0,1155,0.002597402597402597,0.001731601731601732,0.0008658008658008658,0.6666666666666666,0.3333333333333333,0.103448,,,,,,,,,,,,
000422,2021,3,3,0,0,0,1443,0.002079002079002079,0.002079002079002079,0.0,1.0,0.0,5.659375,23.76139334007827,0.8098115383711245,0.096976,0.343315,0.281812,1.726731,3.258096538021482,2.8903717578961645,0.5,0.0,0.170767,1.0
000422,2022,7,6,0,1,0,1512,0.004629629629629629,0.003968253968253968,0.0,0.8571428571428571,0.0,-0.309714,23.70218654067818,0.6537848345529044,0.13468,0.116936,0.401866,1.325344,3.295836866004329,2.833213344056216,0.5294117647058824,0.0,0.170767,1.0
000422,2023,9,8,0,1,0,1501,0.005996002664890073,0.005329780146568954,0.0,0.8888888888888888,0.0,-0.282121,23.78825985451983,0.5961160834615171,0.039198,-0.177211,0.24214,1.095358,3.332204510175204,2.772588722239781,0.5,0.0,0.196879,1.0
000423,2019,4,4,0,0,0,1102,0.003629764065335753,0.003629764065335753,0.0,1.0,0.0,,23.17888737734955,0.13992250964036831,-0.0349,-0.596825,1.208402,2.124674,3.1780538303479458,2.3978952727983707,0.2727272727272727,0.0,0.231417,1.0
000423,2020,2,2,0,0,0,1015,0.001970443349753694,0.001970443349753694,0.0,1.0,0.0,0.100172,23.11660755164929,0.10712428551157767,0.003617,0.152373,1.374954,2.418855,3.2188758248682006,2.302585092994046,0.3,0.0,0.231417,1.0
000423,2021,4,3,0,1,0,987,0.004052684903748734,0.00303951367781155,0.0,0.75,0.0,0.267236,23.17668456292101,0.14040732527034572,0.03888,0.128921,2.124107,2.882363,3.258096538021482,2.4849066497880004,0.4166666666666667,0.0,0.231417,1.0
000423,2022,2,1,0,1,0,987,0.002026342451874367,0.001013171225937183,0.0,0.5,0.0,-0.151588,23.259450217781936,0.1805496699530805,0.064241,0.0501,2.542375,2.287894,3.295836866004329,2.4849066497880004,0.25,0.0,0.231417,1.0
000425,2019,23,22,0,1,0,1398,0.01645207439198856,0.01573676680972818,0.0,0.9565217391304348,0.0,,25.070851857721244,0.5646853808121519,0.052625,0.332492,0.349957,1.106333,3.1780538303479458,2.1972245773362196,0.4444444444444444,0.0,0.38110900000000003,1.0
000425,2020,22,20,0,2,0,1319,0.01667930250189538,0.01516300227445034,0.0,0.9090909090909091,0.0,-0.007313,25.242847379436522,0.6277591856423845,0.044304,0.249969,0.296367,1.076809,3.2188758248682006,2.1972245773362196,0.4444444444444444,0.0,0.38110900000000003,1.0
000425,2021,17,10,0,7,0,1375,0.01236363636363636,0.007272727272727273,0.0,0.5882352941176471,0.0,0.134078,25.42401077800643,0.6621878867821881,0.055961,0.140053,0.26146,1.088509,3.258096538021482,2.3978952727983707,0.5454545454545454,0.0,0.381117,1.0
000425,2022,28,20,0,8,0,1378,0.02031930333817126,0.01451378809869376,0.0,0.7142857142857143,0.0,-0.115192,25.888540819142573,0.687840871765224,0.025102,0.112532,0.221595,1.012282,3.295836866004329,2.6390573296152584,0.35714285714285715,0.0,0.20115200000000003,1.0
000425,2023,26,19,0,7,0,1413,0.01840056617126681,0.01344656758669498,0.0,0.7307692307692307,0.0,0.106509,25.810828885283,0.6451302540845317,0.031061,-0.010328,0.213292,1.029819,3.332204510175204,2.1972245773362196,0.3333333333333333,0.0,0.20830200000000001,1.0
000426,2019,2,1,0,1,0,1340,0.001492537313432836,0.0007462686567164179,0.0,0.5,0.0,,22.949982901595074,0.4201485535062421,0.011229,-0.632292,0.069932,1.32225,3.1780538303479458,2.1972245773362196,0.3333333333333333,0.0,0.30267700000000003,0.0
000426,2020,2,1,0,1,0,1338,0.001494768310911809,0.0007473841554559044,0.0,0.5,0.0,0.577465,22.954928189088694,0.4464720241280098,-0.019787,0.076175,0.054409,1.797139,3.2188758248682006,2.3978952727983707,0.36363636363636365,0.0,0.30267700000000003,0.0
000426,2021,4,3,0,1,0,1371,0.002917578409919767,0.002188183807439825,0.0,0.75,0.0,-0.076531,22.92643137433313,0.40682692836502454,0.026836,1.136543,0.055075,1.703458,3.258096538021482,2.1972245773362196,0.3333333333333333,0.0,0.30267700000000003,0.0
000426,2022,14,13,0,1,0,1644,0.00851581508515815,0.007907542579075427,0.0,0.9285714285714286,0.0,-0.15884,22.987523959346284,0.42265731188354244,0.01862,0.038373,0.029436,1.469862,3.295836866004329,2.1972245773362196,0.3333333333333333,0.0,0.30267700000000003,0.0
000426,2023,22,20,0,2,0,1792,0.01227678571428571,0.01116071428571429,0.0,0.9090909090909091,0.0,0.49376,23.128717685994307,0.40579124861243027,0.092061,0.776703,0.106587,1.732746,3.332204510175204,2.3978952727983707,0.45454545454545453,0.0,0.272748,0.0
000428,2019,1,1,0,0,0,1088,0.0009191176470588235,0.0009191176470588235,0.0,1.0,0.0,,22.605421870478565,0.6260107607987072,0.000298,0.159084,0.039972,1.032484,3.1780538303479458,2.1972245773362196,0.5555555555555556,0.0,0.324762,1.0
000428,2020,1,1,0,0,0,1100,0.0009090909090909091,0.0009090909090909091,0.0,1.0,0.0,0.007634,22.535248603935568,0.6996422235374886,-0.093918,-0.535926,0.020263,1.138983,3.2188758248682006,2.302585092994046,0.5,0.0,0.324762,1.0
000429,2020,3,2,0,1,0,1243,0.002413515687851971,0.001609010458567981,0.0,0.6666666666666666,0.0,-0.216465,23.70634735902584,0.48187073300700695,0.067518,0.239512,1.096516,1.054205,3.1354942159291497,2.8903717578961645,0.2777777777777778,0.0,0.245561,1.0
000429,2021,7,4,0,3,0,1188,0.005892255892255892,0.003367003367003367,0.0,0.5714285714285714,0.0,0.27124,23.66114475638533,0.40023686038843004,0.125661,0.395137,2.540265,1.127636,3.1780538303479458,2.772588722239781,0.3125,0.0,0.245592,1.0
000429,2022,4,3,0,1,0,1183,0.003381234150464919,0.00253592561284869,0.0,0.75,0.0,0.133784,23.732269512263777,0.4390493823437489,0.091694,-0.211689,2.795397,1.144182,3.2188758248682006,2.8903717578961645,0.3333333333333333,0.0,0.245592,1.0
000429,2023,3,2,0,1,0,1213,0.00247320692497939,0.001648804616652927,0.0,0.6666666666666666,0.0,0.136573,23.785205386963316,0.4193070713648483,0.10867,0.170423,3.058974,1.146775,3.258096538021482,2.833213344056216,0.4117647058823529,0.0,0.245592,1.0
000498,2019,1,1,0,0,0,1449,0.0006901311249137336,0.0006901311249137336,0.0,1.0,0.0,,24.190913239563567,0.7426264189477871,0.028826,0.575019,0.17161,0.906138,3.1354942159291497,2.4849066497880004,0.4166666666666667,0.0,0.606567,1.0
000498,2020,5,3,1,0,1,1811,0.002760905577029266,0.001656543346217559,0.0005521811154058532,0.6,0.2,0.032051,24.732069129009197,0.7658989635382896,0.03172,0.480508,0.196171,0.973707,3.1780538303479458,2.70805020110221,0.3333333333333333,0.0,0.462874,1.0
000498,2021,7,7,0,0,0,1832,0.003820960698689956,0.003820960698689956,0.0,1.0,0.0,0.322105,25.146756667136977,0.7599962438049604,0.039735,0.670347,0.117803,0.940463,3.2188758248682006,2.6390573296152584,0.2857142857142857,0.0,0.49841500000000005,1.0
000498,2022,8,6,1,0,1,1896,0.004219409282700422,0.003164556962025316,0.0005274261603375527,0.75,0.125,0.131877,25.358480246859003,0.7772706522137205,0.034039,0.130326,0.084771,0.889153,3.258096538021482,2.5649493574615367,0.38461538461538464,0.0,0.497597,1.0
000498,2023,5,3,1,0,1,1890,0.002645502645502645,0.001587301587301587,0.0005291005291005291,0.6,0.2,-0.15575,25.661608405306236,0.7658486117752702,0.024598,0.123121,0.083491,0.84024,3.295836866004329,2.302585092994046,0.4,0.0,0.497481,1.0
000501,2019,1,0,0,1,0,1307,0.0007651109410864575,0.0,0.0,0.0,0.0,,23.884306606835636,0.5969559545990115,0.052709,0.002854,0.15461,1.029719,3.332204510175204,2.3978952727983707,0.36363636363636365,0.0,0.215481,1.0
000501,2020,2,2,0,0,0,1292,0.001547987616099071,0.001547987616099071,0.0,1.0,0.0,-0.106175,23.85012069770282,0.5651628927747678,0.023597,-0.569757,0.187337,0.95812,3.332204510175204,2.772588722239781,0.375,0.0,0.215481,1.0
000501,2022,1,1,0,0,0,1223,0.0008176614881439084,0.0008176614881439084,0.0,1.0,0.0,0.080875,24.14894880893456,0.6482982972142132,0.010341,-0.110764,0.166438,0.92853,3.4011973816621555,2.4849066497880004,0.3333333333333333,0.0,0.215481,1.0
000501,2023,1,1,0,0,0,1324,0.0007552870090634441,0.0007552870090634441,0.0,1.0,0.0,-0.234821,24.183104972158556,0.6530523265773162,0.006663,0.132606,0.220217,0.85919,3.4339872044851463,2.8903717578961645,0.3333333333333333,0.0,0.215481,1.0
000502,2021,4,4,0,0,0,1336,0.002994011976047904,0.002994011976047904,0.0,1.0,0.0,-0.353514,,,,,,,,,,,,
000503,2019,13,6,5,1,1,1095,0.01187214611872146,0.005479452054794521,0.0045662100456621,0.4615384615384616,0.3846153846153846,,20.98963022956906,0.059551061562431,0.011984,0.360628,7.608597,7.340611,3.332204510175204,2.3978952727983707,0.2727272727272727,0.0,0.262235,1.0
000503,2020,22,12,2,6,2,1052,0.02091254752851711,0.01140684410646388,0.001901140684410646,0.5454545454545454,0.09090909090909091,-0.511682,20.983179344753896,0.2564745473679863,-0.163474,0.596241,1.48219,6.050538,3.332204510175204,2.1972245773362196,0.3333333333333333,0.0,0.262235,1.0
000503,2021,11,9,2,0,0,1136,0.009683098591549295,0.007922535211267605,0.00176056338028169,0.8181818181818182,0.1818181818181818,1.021531,20.899158086986887,0.3397464566856089,-0.142317,0.21769,0.860999,9.598497,3.367295829986474,2.5649493574615367,0.38461538461538464,0.0,0.25980899999999996,1.0
000503,2022,21,16,4,0,1,1190,0.01764705882352941,0.01344537815126051,0.003361344537815126,0.7619047619047619,0.1904761904761905,-0.398817,20.82283666647825,0.35458399734321466,-0.073543,0.231925,0.415634,7.275938,3.4011973816621555,2.5649493574615367,0.38461538461538464,0.0,0.260039,1.0
000503,2023,27,19,6,1,1,1251,0.02158273381294964,0.01518784972022382,0.004796163069544364,0.7037037037037037,0.2222222222222222,0.297244,21.39188641758312,0.27168194665503614,-0.052528,0.06123,1.731278,6.404904,3.4339872044851463,2.1972245773362196,0.3333333333333333,0.0,0.239492,1.0
000505,2019,2,1,0,1,0,1196,0.001672240802675585,0.0008361204013377926,0.0,0.5,0.0,,22.3779192654711,0.428227259405712,0.035205,0.004206,0.263063,1.067481,3.332204510175204,2.4849066497880004,0.3333333333333333,0.0,0.42059399999999997,1.0
000505,2020,2,1,0,1,0,1247,0.001603849238171612,0.0008019246190858059,0.0,0.5,0.0,0.614545,22.462943015300507,0.45585619205958283,0.040126,0.174921,0.136106,1.348983,3.332204510175204,2.302585092994046,0.3,0.0,0.39677999999999997,1.0
000505,2021,5,4,0,1,0,1479,0.003380662609871535,0.002704530087897228,0.0,0.8,0.0,-0.17455,22.5227619772872,0.45222873014813747,0.040748,0.345622,0.199141,1.260534,3.367295829986474,2.302585092994046,0.3,0.0,0.39677999999999997,1.0
000505,2022,4,3,0,1,0,1443,0.002772002772002772,0.002079002079002079,0.0,0.75,0.0,0.105048,22.53239755896572,0.4328209536062364,0.027033,0.093069,0.272341,1.316076,3.4011973816621555,2.5649493574615367,0.38461538461538464,0.0,0.39677999999999997,1.0
000505,2023,5,3,1,1,0,1372,0.003644314868804665,0.002186588921282799,0.0007288629737609329,0.6,0.2,-0.155556,22.594572965932002,0.4496766619186939,0.016419,-0.074419,0.757388,1.156887,3.4339872044851463,2.302585092994046,0.3,0.0,0.39677999999999997,1.0
000506,2020,7,3,0,4,0,1206,0.005804311774461028,0.002487562189054726,0.0,0.4285714285714285,0.0,-0.166667,21.566181828357237,0.7530754898991737,-0.196465,-0.175273,0.053651,1.712527,3.332204510175204,2.302585092994046,0.5,0.0,0.250803,0.0
000506,2021,2,0,1,1,0,1306,0.001531393568147014,0.0,0.0007656967840735069,0.0,0.5,0.3375,21.24682505818801,0.7621273406039775,-0.068432,1.132523,0.016147,2.528205,3.367295829986474,2.6390573296152584,0.42857142857142855,0.0,0.250803,0.0
000506,2023,2,1,0,1,0,1102,0.001814882032667877,0.0009074410163339383,0.0,0.5,0.0,0.278638,21.55469070537709,0.4343748719174388,-0.003514,0.026074,0.015923,2.104633,3.4339872044851463,2.1972245773362196,0.3333333333333333,0.0,0.250803,0.0
000507,2019,5,2,0,3,0,1292,0.003869969040247678,0.001547987616099071,0.0,0.4,0.0,,22.947987549573867,0.38871957682794167,0.03071,0.270311,0.526842,1.005195,3.295836866004329,2.0794415416798357,0.375,0.0,0.296367,1.0
000507,2020,4,1,1,2,0,1509,0.002650762094102054,0.0006626905235255136,0.0006626905235255136,0.25,0.25,-0.066775,23.325012257098898,0.5650295819718838,0.025289,0.064271,0.367452,0.961003,3.332204510175204,2.3978952727983707,0.45454545454545453,0.0,0.296367,1.0
000507,2021,2,1,0,1,0,1788,0.001118568232662192,0.0005592841163310962,0.0,0.5,0.0,0.147975,23.59887271324385,0.583036710801876,0.033681,0.805034,0.225062,0.925981,3.367295829986474,2.5649493574615367,0.46153846153846156,0.0,0.299812,1.0
000507,2022,4,1,0,3,0,1747,0.002289639381797367,0.0005724098454493417,0.0,0.25,0.0,-0.113003,23.763535635799943,0.5622068237647483,0.022933,-0.177249,0.288175,0.812568,3.4011973816621555,2.3978952727983707,0.45454545454545453,0.0,0.299812,1.0
000507,2023,2,0,0,2,0,1748,0.0011441647597254,0.0,0.0,0.0,0.0,-0.049768,23.751986907693453,0.539777704772331,0.022386,0.039195,0.27995,0.794597,3.4339872044851463,2.0794415416798357,0.5,1.0,0.299812,1.0
000509,2022,3,3,0,0,0,988,0.003036437246963563,0.003036437246963563,0.0,1.0,0.0,0.305842,20.232470208989167,0.6398941795956431,0.011117,1.835783,0.168454,7.275938,3.4011973816621555,2.3978952727983707,0.36363636363636365,0.0,0.23076899999999997,1.0
000509,2023,2,2,0,0,0,1092,0.001831501831501832,0.001831501831501832,0.0,1.0,0.0,0.055263,20.438926913698587,0.6984139678100658,0.029511,-0.161815,0.157572,6.416906,3.4339872044851463,2.6390573296152584,0.35714285714285715,0.0,0.23076899999999997,1.0
000510,2022,1,1,0,0,0,998,0.001002004008016032,0.001002004008016032,0.0,1.0,0.0,-0.00846,21.555082988432428,0.36470847508601356,0.005925,0.020389,0.52289,1.855324,3.4011973816621555,2.3978952727983707,0.45454545454545453,0.0,0.088238,0.0
000513,2019,10,4,0,6,0,2517,0.003972983710766786,0.001589193484306714,0.0,0.4,0.0,,23.612329134582247,0.31714945850787846,0.082543,0.059142,1.672603,1.681348,3.295836866004329,2.5649493574615367,0.5384615384615384,0.0,0.34204900000000005,0.0
000513,2020,12,10,0,2,0,2737,0.004384362440628425,0.003653635367190354,0.0,0.8333333333333334,0.0,0.235908,23.748110977974417,0.3375647603061475,0.110525,0.121018,1.636073,1.766195,3.332204510175204,2.4849066497880004,0.5,0.0,0.33840699999999996,0.0
000513,2021,8,6,0,2,0,2897,0.002761477390403866,0.0020711080428029,0.0,0.75,0.0,0.023704,23.831072240915443,0.3603129452404904,0.090874,0.14671,1.317721,1.674483,3.367295829986474,2.5649493574615367,0.5384615384615384,0.0,0.333746,0.0
000513,2022,7,6,0,1,0,2971,0.002356109054190508,0.002019522046449007,0.0,0.8571428571428571,0.0,-0.15991,23.936720005811956,0.3993019708875345,0.082797,0.046893,1.361782,1.402403,3.4011973816621555,2.3978952727983707,0.45454545454545453,0.0,0.33090200000000003,0.0
000513,2023,8,7,1,0,0,2992,0.00267379679144385,0.002339572192513369,0.0003342245989304813,0.875,0.125,0.127155,23.94393314126661,0.41038910267907985,0.076036,-0.015799,1.357262,1.451437,3.4339872044851463,2.3978952727983707,0.45454545454545453,0.0,0.335031,0.0
000514,2019,1,0,1,0,0,851,0.001175088131609871,0.0,0.001175088131609871,0.0,1.0,,22.59532002476443,0.4255267419344774,0.041575,0.602988,0.783208,1.036782,3.295836866004329,1.9459101490553132,0.5714285714285714,0.0,0.631865,1.0
000514,2020,1,0,1,0,0,898,0.00111358574610245,0.0,0.00111358574610245,0.0,1.0,-0.18896,22.756958459730548,0.4981466842862316,0.019115,-0.279162,0.305998,0.916595,3.332204510175204,2.1972245773362196,0.5555555555555556,0.0,0.631865,1.0
000514,2021,1,0,1,0,0,927,0.001078748651564185,0.0,0.001078748651564185,0.0,1.0,0.051451,22.85002898390026,0.5210479190470049,0.025241,0.901973,0.36111,0.91941,3.367295829986474,2.0794415416798357,0.5,0.0,0.631865,1.0
000514,2022,1,0,1,0,0,1012,0.0009881422924901185,0.0,0.0009881422924901185,0.0,1.0,0.088384,22.720695622105914,0.43590044564586344,0.019889,-0.245436,0.364893,0.927045,3.4011973816621555,1.9459101490553132,0.5714285714285714,0.0,0.631865,1.0
000514,2023,1,0,1,0,0,1003,0.0009970089730807576,0.0,0.0009970089730807576,0.0,1.0,-0.02331,22.809591603721863,0.46196952985471507,0.012235,0.484728,0.155766,0.898768,3.4339872044851463,2.3978952727983707,0.6,0.0,0.631865,1.0
000516,2019,5,1,0,4,0,1157,0.00432152117545376,0.000864304235090752,0.0,0.2,0.0,,23.02895495310217,0.5019374869431836,-0.04759,-0.514083,0.581771,1.445229,3.295836866004329,2.1972245773362196,0.3333333333333333,0.0,0.188779,0.0
000516,2020,7,3,0,4,0,1340,0.005223880597014926,0.002238805970149254,0.0,0.4285714285714285,0.0,1.591753,23.218486421560627,0.5848643876765156,0.003145,0.621658,0.305474,2.593561,3.332204510175204,2.1972245773362196,0.3333333333333333,0.0,0.188779,0.0
000516,2021,5,3,0,2,0,1376,0.003633720930232558,0.002180232558139535,0.0,0.6,0.0,-0.122514,23.31255318841451,0.599746853264065,-0.06643,0.817768,0.434727,2.235007,3.367295829986474,2.3978952727983707,0.45454545454545453,0.0,0.297449,0.0
000516,2022,11,7,1,3,0,1314,0.00837138508371385,0.00532724505327245,0.00076103500761035,0.6363636363636364,0.09090909090909091,0.109701,23.308336360219496,0.6795278815101581,-0.089928,-0.071947,0.214111,2.485489,3.4011973816621555,2.1972245773362196,0.3333333333333333,0.0,0.279556,0.0
000516,2023,11,8,0,3,0,1329,0.008276899924755455,0.006019563581640331,0.0,0.7272727272727273,0.0,-0.337418,23.149937241416854,0.6629233360161082,-0.038393,0.703408,0.229349,2.077543,3.4339872044851463,2.1972245773362196,0.3333333333333333,0.0,0.272496,0.0
000517,2019,1,1,0,0,0,886,0.001128668171557562,0.001128668171557562,0.0,1.0,0.0,,24.412461964807672,0.8313308585015008,0.054592,0.679175,0.242996,1.039579,3.295836866004329,2.0794415416798357,0.375,0.0,0.479264,0.0
000517,2020,1,1,0,0,0,899,0.001112347052280311,0.001112347052280311,0.0,1.0,0.0,0.086957,24.93935544791511,0.8445885119207474,0.032988,0.677686,0.175813,0.985115,3.332204510175204,2.302585092994046,0.4,0.0,0.479264,0.0
000517,2021,2,2,0,0,0,855,0.002339181286549708,0.002339181286549708,0.0,1.0,0.0,-0.139655,25.14705257768756,0.8225514367429491,0.015338,0.626571,0.168257,0.934478,3.367295829986474,2.1972245773362196,0.3333333333333333,0.0,0.479264,0.0
000517,2022,2,2,0,0,0,876,0.00228310502283105,0.00228310502283105,0.0,1.0,0.0,0.264228,25.018328441117756,0.8528991001558265,0.010478,-0.221336,0.14741,0.985108,3.4011973816621555,2.302585092994046,0.4,0.0,0.479264,0.0
000517,2023,2,2,0,0,0,819,0.002442002442002442,0.002442002442002442,0.0,1.0,0.0,-0.061017,24.60105564571462,0.8000826528058919,0.005699,0.577533,0.113668,0.969889,3.4339872044851463,2.1972245773362196,0.3333333333333333,0.0,0.479264,0.0
000519,2019,7,7,0,0,0,1432,0.004888268156424581,0.004888268156424581,0.0,1.0,0.0,,23.12218108483965,0.25638591469699445,0.023815,0.074298,1.564883,1.147386,3.295836866004329,2.302585092994046,0.3,0.0,0.229707,1.0
000519,2020,4,4,0,0,0,1355,0.002952029520295203,0.002952029520295203,0.0,1.0,0.0,0.320866,23.221966086578217,0.29993013884129166,0.023692,0.21448,1.607466,1.446446,3.332204510175204,2.1972245773362196,0.3333333333333333,0.0,0.189687,1.0
000519,2021,8,8,0,0,0,1230,0.006504065040650406,0.006504065040650406,0.0,1.0,0.0,1.661677,23.364517375300448,0.3577724999616669,0.037052,0.162563,1.388283,3.003244,3.367295829986474,2.5649493574615367,0.38461538461538464,0.0,0.15970700000000002,1.0
000519,2022,9,7,1,0,1,1145,0.007860262008733625,0.00611353711790393,0.0008733624454148472,0.7777777777777778,0.1111111111111111,-0.261717,23.431528798622153,0.35002200587781873,0.056422,-0.106482,1.419507,2.172067,3.4011973816621555,2.302585092994046,0.4,0.0,0.15970700000000002,1.0
000519,2023,7,7,0,0,0,1073,0.0065237651444548,0.0065237651444548,0.0,1.0,0.0,-0.282332,23.471669652311647,0.32581619740321893,0.054128,-0.089025,1.503335,1.5777,3.4339872044851463,2.5649493574615367,0.5384615384615384,0.0,0.15970700000000002,1.0
000520,2019,2,0,0,2,0,817,0.002447980416156671,0.0,0.0,0.0,0.0,,20.249280488736343,0.3430842126706916,0.051359,-0.057234,0.675056,7.203935,3.295836866004329,2.0794415416798357,0.5,0.0,0.17885500000000001,0.0
000520,2020,1,0,0,1,0,946,0.00105708245243129,0.0,0.0,0.0,0.0,-0.194313,20.266884192089677,0.3356895708250821,0.016765,-0.097584,0.425857,5.766933,3.332204510175204,2.4849066497880004,0.5,0.0,0.17885500000000001,0.0
000520,2022,3,3,0,0,0,1182,0.002538071065989848,0.002538071065989848,0.0,1.0,0.0,-0.049563,20.46560920782287,0.2835705058796539,0.045903,0.114647,0.792531,4.552636,3.4011973816621555,1.9459101490553132,0.42857142857142855,0.0,0.171147,0.0
000521,2019,32,28,1,3,0,1675,0.0191044776119403,0.01671641791044776,0.0005970149253731343,0.875,0.03125,,23.376665086047858,0.6400583985231941,0.002924,-0.053568,0.647343,0.876621,3.295836866004329,2.302585092994046,0.3,0.0,0.23785,1.0
000521,2020,24,19,1,4,0,1783,0.01346045989904655,0.01065619742007852,0.0005608524957936063,0.7916666666666666,0.04166666666666666,0.781341,23.502293500542287,0.6918595643030601,-0.005222,-0.070391,0.601056,1.042638,3.332204510175204,2.5649493574615367,0.46153846153846156,0.0,0.23785,1.0
000521,2021,54,44,0,10,0,1776,0.03040540540540541,0.02477477477477477,0.0,0.8148148148148148,0.0,-0.386139,23.44393407844326,0.6711891428526345,0.005566,0.171881,0.596755,0.905926,3.367295829986474,2.302585092994046,0.3,0.0,0.23785,1.0
000521,2022,40,28,0,12,0,1677,0.02385211687537269,0.01669648181276088,0.0,0.7,0.0,0.160763,23.508299376022592,0.6580918663113774,0.017655,0.121015,0.595437,0.905332,3.4011973816621555,2.1972245773362196,0.3333333333333333,0.0,0.24123899999999998,1.0
000521,2023,94,24,0,70,0,1657,0.05672902836451418,0.01448400724200362,0.0,0.2553191489361702,0.0,0.35867,23.68810605296767,0.6805816260281901,0.043442,0.199476,0.653158,0.955155,3.4339872044851463,2.1972245773362196,0.3333333333333333,0.0,0.24123899999999998,1.0
000523,2021,3,3,0,0,0,1803,0.001663893510815308,0.001663893510815308,0.0,1.0,0.0,-0.181373,,,,,,,,,,,,
000523,2022,7,7,0,0,0,1575,0.004444444444444444,0.004444444444444444,0.0,1.0,0.0,0.149701,21.573072305470554,0.5850340863498397,-0.028355,-0.037651,0.532257,2.905873,3.4011973816621555,1.791759469228055,0.3333333333333333,0.0,0.18336300000000003,1.0
000523,2023,10,10,0,0,0,1722,0.005807200929152149,0.005807200929152149,0.0,1.0,0.0,-0.182292,21.89134236229722,0.5152265860396866,0.029967,0.056675,2.539816,1.980714,3.4339872044851463,2.3978952727983707,0.36363636363636365,0.0,0.252202,1.0
000524,2019,7,6,0,1,0,1503,0.004657351962741184,0.003992015968063872,0.0,0.8571428571428571,0.0,,22.285365832749868,0.4254370951476201,0.06175,0.126342,1.333526,1.19424,3.295836866004329,2.302585092994046,0.3,1.0,0.445986,1.0
000524,2020,3,1,0,2,0,1560,0.001923076923076923,0.000641025641025641,0.0,0.3333333333333333,0.0,0.071963,21.98135159054487,0.3213462024533089,-0.06316,-0.67296,1.589465,1.827892,3.332204510175204,2.1972245773362196,0.3333333333333333,0.0,0.451176,1.0
000524,2021,19,15,0,4,0,1721,0.01104009296920395,0.008715862870424172,0.0,0.7894736842105263,0.0,-0.058154,21.866777016826994,0.2836113021572468,-0.043453,-0.187075,1.810636,1.874798,3.367295829986474,2.1972245773362196,0.3333333333333333,0.0,0.451176,1.0
000524,2022,4,2,0,2,0,1742,0.002296211251435132,0.001148105625717566,0.0,0.5,0.0,0.609396,21.817359910616464,0.31056697576143105,-0.062282,-0.322189,1.355999,3.000918,3.4011973816621555,2.0794415416798357,0.375,0.0,0.451176,1.0
000524,2023,12,9,0,3,0,1785,0.006722689075630253,0.005042016806722689,0.0,0.75,0.0,-0.256881,21.92806601821463,0.36275116592714884,0.025732,1.451798,1.237858,2.152478,3.4339872044851463,2.4849066497880004,0.5,0.0,0.451176,1.0
000525,2019,1,0,1,0,0,1187,0.0008424599831508003,0.0,0.0008424599831508003,0.0,1.0,,23.345228166722517,0.6704217318128455,-0.024789,-0.218984,0.014613,1.079712,3.295836866004329,2.3978952727983707,0.2727272727272727,0.0,0.458362,0.0
000525,2020,2,1,0,1,0,1368,0.001461988304093567,0.0007309941520467836,0.0,0.5,0.0,-0.377572,23.16932321194709,0.6440596539947218,-0.011765,-0.128392,0.020263,0.94902,3.332204510175204,2.4849066497880004,0.3333333333333333,0.0,0.450996,0.0
000525,2021,1,1,0,0,0,1669,0.0005991611743559018,0.0005991611743559018,0.0,1.0,0.0,0.454545,,,,,,,,,,,,
600519,2022,2,0,0,2,0,731,0.002735978112175103,0.0,0.0,0.0,0.0,-0.1363,26.26203531369735,0.19420971679667906,0.2384,0.168657,3.105608,7.275938,3.091042453358316,2.3978952727983707,0.5454545454545454,0.0,0.539956,1.0
