code,year,end_date,institution_id,industry_code,annual_report_ai_word_freq,annual_report_ai_sentence_freq,annual_report_total_sentences,annual_report_total_words,ai_disclosure_sentence_ratio,ai_disclosure_word_ratio,ai_sentence_per_1000_sentences,ai_word_per_1000_words,annual_trading_shares,float_market_value_thousand,total_market_value_thousand,annual_return_no_cash_dividend,investor_sentiment_proxy_log_trading_volume
000002,2020,2020-12-31,101775,K70,5,5,2893,82876,0.0017283097131005876,6.033109706066895e-05,1.7283097131005876,0.06033109706066895,19715359350,278893778.71,279084440.5,-0.076551,23.704663831398754
000002,2021,2021-12-31,101775,K70,9,9,2959,83022,0.003041568097330179,0.00010840500108405001,3.0415680973301793,0.10840500108405,21153574603,192018852.52,192150123.49,-0.267944,23.775074740167234
000002,2022,2022-12-31,101775,K70,6,6,2837,80362,0.0021149101163200562,7.466215375426196e-05,2.1149101163200563,0.07466215375426197,26099773690,176855965.47,176980376.9,-0.02955,23.985192480394556
000002,2023,2023-12-31,101775,K70,7,7,2768,67525,0.0025289017341040463,0.0001036653091447612,2.5289017341040463,0.1036653091447612,18076549082,101636339.07,101715095.74,-0.387912,23.61788130438948
000002,2024,2024-12-31,101775,K70,9,9,2888,80133,0.0031163434903047093,0.00011231327917337427,3.1163434903047094,0.11231327917337428,48797781340,70544954.38,70597666.83,-0.305927,24.61095068444821
000006,2020,2020-12-31,102296,K70,0,0,1792,45747,0.0,0.0,0.0,0.0,6303343460,7573472.21,7573472.21,0.080037,22.5643460376634
000006,2021,2021-12-31,102296,K70,0,0,1873,48888,0.0,0.0,0.0,0.0,2030101150,6020977.91,6020977.91,-0.170588,21.431351456837547
000006,2022,2022-12-31,102296,K70,0,0,1858,47794,0.0,0.0,0.0,0.0,8913058679,8504968.79,8504968.79,0.439686,22.910783305715192
000006,2023,2023-12-31,102296,K70,0,0,1841,45170,0.0,0.0,0.0,0.0,8964143154,6196442.15,6196477.26,-0.256508,22.916498362748648
000006,2024,2024-12-31,102296,K70,2,2,1840,44825,0.0010869565217391304,4.461795872838818e-05,1.0869565217391304,0.04461795872838818,9537921865,9881907.74,9881963.74,0.594771,22.978541464924767
000007,2020,2020-12-31,102313,K70,0,0,2127,51522,0.0,0.0,0.0,0.0,1563110440,2153367.87,2414742.87,-0.266316,21.169943545518397
000007,2021,2021-12-31,102313,K70,0,0,1969,45626,0.0,0.0,0.0,0.0,4102085669,1881493.59,2109868.59,-0.126255,22.134761381312693
000007,2022,2022-12-31,102313,K70,0,0,1993,49803,0.0,0.0,0.0,0.0,2348729777,2403615.78,2695365.78,0.277504,21.577140498968884
000007,2023,2023-12-31,102313,K70,0,0,2097,49510,0.0,0.0,0.0,0.0,821667887,1504576.97,1687201.97,-0.374036,20.526846842181588
000007,2024,2024-12-31,102313,K70,0,0,1992,48059,0.0,0.0,0.0,0.0,1541080400,2435529.75,2435529.75,0.443532,21.15574956648532
000008,2020,2020-12-31,102314,C37,4,4,2235,53374,0.0017897091722595079,7.494285607224491e-05,1.789709172259508,0.07494285607224492,6291104061,6769650.39,7063220.18,-0.297521,22.562402418805856
000008,2021,2021-12-31,102314,C37,6,6,2266,54472,0.00264783759929391,0.00011014833308855926,2.64783759929391,0.11014833308855926,5897295546,7919721.32,8175538.32,0.15748,22.497759700904595
000008,2022,2022-12-31,102314,C37,3,3,2098,51661,0.0014299332697807435,5.807088519385997e-05,1.4299332697807434,0.058070885193859965,9762804948,6197330.94,6395829.3,-0.217687,23.001845588397725
000008,2023,2023-12-31,102314,C37,0,0,2018,49134,0.0,0.0,0.0,0.0,5964155901,6340551.76,6410651.33,0.026087,22.509033374016973
000008,2024,2024-12-31,102314,C37,1,1,1925,48041,0.0005194805194805195,2.0815553381486647e-05,0.5194805194805194,0.02081555338148665,16014392070,7789470.66,7877495.28,0.228814,23.49675365931201
000009,2020,2020-12-31,102336,S90,0,0,2705,77669,0.0,0.0,0.0,0.0,21270070633,19212270.34,19421481.16,0.219709,23.7805667869805
000009,2021,2021-12-31,102336,S90,0,0,2622,74793,0.0,0.0,0.0,0.0,22907816700,36817139.58,37218057.51,0.920319,23.85474402991816
000009,2022,2022-12-31,102336,S90,0,0,2576,72920,0.0,0.0,0.0,0.0,17791627300,30846792.62,31182696.84,-0.159737,23.60199380723448
000009,2023,2023-12-31,102336,S90,1,1,2698,75033,0.00037064492216456633,1.3327469246864713e-05,0.37064492216456635,0.013327469246864712,4315974147,29953792.0,30279971.95,-0.026055,22.185588894518986
000009,2024,2024-12-31,102336,S90,0,0,2675,73945,0.0,0.0,0.0,0.0,5784251934,23345587.46,23599807.78,-0.21678,22.47840487808112
000011,2020,2020-12-31,101859,K70,5,5,2477,51713,0.0020185708518368995,9.668748670547058e-05,2.0185708518368997,0.09668748670547059,3254742244,6407207.36,6430309.74,0.331562,21.90337892206746
000011,2021,2021-12-31,101859,K70,2,2,2663,58874,0.0007510326699211416,3.3970853008119036e-05,0.7510326699211416,0.033970853008119035,2048327745,6138704.83,6160839.08,-0.008217,21.440289563546443
000011,2022,2022-12-31,101859,K70,2,2,2639,60863,0.0007578628268283441,3.286068711696761e-05,0.757862826828344,0.032860687116967616,2819344333,6101851.54,6123852.91,0.052316,21.75977018918904
000011,2023,2023-12-31,101859,K70,1,1,2831,63909,0.00035323207347227127,1.5647248431363346e-05,0.35323207347227126,0.015647248431363347,1467506097,4664573.31,4681392.3,-0.2044,21.10683026502416
000011,2024,2024-12-31,101859,K70,3,3,2852,63829,0.0010518934081346423,4.700057967381598e-05,1.0518934081346423,0.047000579673815976,2257272570,4601396.25,4617987.44,0.02167,21.537423094437344
000012,2020,2020-12-31,101860,C30,5,5,2111,51485,0.0023685457129322598,9.711566475672526e-05,2.3685457129322596,0.09711566475672526,11541297466,14450033.13,14474564.09,0.487026,23.16919752385539
000012,2021,2021-12-31,101860,C30,4,4,1983,48310,0.002017145738779627,8.279859242392879e-05,2.017145738779627,0.08279859242392879,12954394616,19431928.38,19475937.86,0.359079,23.284700920188957
000012,2022,2022-12-31,101860,C30,6,6,1970,48849,0.003045685279187817,0.00012282748879199166,3.045685279187817,0.12282748879199167,10562461246,13129958.58,13160477.65,-0.304129,23.080572160699894
000012,2023,2023-12-31,101860,C30,6,6,2184,52961,0.0027472527472527475,0.00011329091218066124,2.7472527472527473,0.11329091218066124,3703691229,10900302.84,10924569.37,-0.147541,22.0325957890245
000012,2024,2024-12-31,101860,C30,4,4,2217,52907,0.0018042399639152007,7.560436237170884e-05,1.8042399639152007,0.07560436237170884,4080977140,10344996.53,10355785.69,-0.007181,22.129602292031187
000014,2020,2020-12-31,101621,K70,0,0,1799,37057,0.0,0.0,0.0,0.0,1092331980,1670118.95,1670118.95,-0.109452,20.81158067997163
000014,2021,2021-12-31,101621,K70,1,1,1858,40744,0.0005382131324004305,2.4543491066169253e-05,0.5382131324004306,0.024543491066169255,538111724,1597505.08,1597505.08,-0.042512,20.103576763852438
000014,2022,2022-12-31,101621,K70,1,1,1751,38717,0.0005711022272986865,2.582844745202366e-05,0.5711022272986864,0.02582844745202366,4127349729,2466451.02,2466451.02,0.550253,22.14090132606976
000014,2023,2023-12-31,101621,K70,1,1,1658,35801,0.0006031363088057901,2.7932180665344545e-05,0.6031363088057901,0.027932180665344544,3152861743,2664928.93,2664928.93,0.092247,21.87157636751527
000014,2024,2024-12-31,101621,K70,1,1,1678,35550,0.0005959475566150178,2.8129395218002813e-05,0.5959475566150179,0.02812939521800281,2883358074,2660088.0,2660088.0,0.017802,21.78222145011013
000017,2020,2020-12-31,101711,C37,0,0,2310,41573,0.0,0.0,0.0,0.0,1576887844,730184.23,730193.77,-0.466814,21.178719023184524
000017,2021,2021-12-31,101711,C37,0,0,2406,43832,0.0,0.0,0.0,0.0,1518840170,1081642.2,1081656.33,0.481328,21.141212835142547
000017,2022,2022-12-31,101711,C37,0,0,2314,44838,0.0,0.0,0.0,0.0,3489761288,1442189.6,2098312.49,0.333333,21.973099172254123
000017,2023,2023-12-31,101711,C37,1,1,2810,52610,0.00035587188612099647,1.9007793195210037e-05,0.35587188612099646,0.019007793195210038,1564191549,1317984.6,1917575.49,-0.086134,21.170634945994703
000017,2024,2024-12-31,101711,C37,3,2,2694,51797,0.0007423904974016332,5.791841226325849e-05,0.7423904974016332,0.05791841226325849,8900695581,1757312.8,2556767.32,0.333333,22.90939526591144
000019,2020,2020-12-31,101629,F51,8,8,2583,55227,0.003097173828881146,0.0001448566824198309,3.097173828881146,0.14485668241983088,4986584548,3121386.24,8255894.81,0.266447,22.330017053242518
000019,2021,2021-12-31,101629,F51,6,6,2767,60432,0.0021684134441633538,9.928514694201747e-05,2.168413444163354,0.09928514694201747,1683016749,2896646.43,7661470.38,-0.045333,21.24385370457139
000019,2022,2022-12-31,101629,F51,3,3,2723,60909,0.0011017260374586854,4.925380485642516e-05,1.1017260374586855,0.04925380485642516,4373565576,3125548.09,8266902.66,0.114943,22.198844434881202
000019,2023,2023-12-31,101629,F51,3,3,2807,59346,0.0010687566797292483,5.0551005965018706e-05,1.0687566797292483,0.05055100596501871,1583548838,3138271.71,8299926.24,0.037284,21.18293426590499
000019,2024,2024-12-31,101629,F51,3,3,2713,56097,0.0011057869517139699,5.3478795657521794e-05,1.1057869517139698,0.0534787956575218,1848002559,2734541.79,7232163.85,-0.102122,21.33737119544633
000020,2020,2020-12-31,101631,C39,0,0,1633,33853,0.0,0.0,0.0,0.0,604027548,1809842.26,1809842.26,-0.06373,20.219130365786096
000020,2021,2021-12-31,101631,C39,1,1,2005,36047,0.0004987531172069825,2.7741559630482425e-05,0.4987531172069825,0.027741559630482426,360092271,1659474.98,1659474.98,-0.083083,19.70187086768346
000020,2022,2022-12-31,101631,C39,0,0,1625,33636,0.0,0.0,0.0,0.0,833721572,1617806.94,1617806.94,-0.025109,20.541410059260524
000020,2023,2023-12-31,101631,C39,0,0,1954,37719,0.0,0.0,0.0,0.0,814611254,2346091.81,2346091.81,0.450168,20.51822156968024
000020,2024,2024-12-31,101631,C39,0,0,2217,41264,0.0,0.0,0.0,0.0,2212114674,2250074.16,2250074.16,-0.040927,21.51721476148697
000021,2020,2020-12-31,101632,C39,2,2,2265,60040,0.0008830022075055188,3.331112591605596e-05,0.8830022075055187,0.033311125916055964,13385733579,27957297.49,27968640.49,0.565681,23.317455318543185
000021,2021,2021-12-31,101632,C39,14,13,2302,61615,0.005647263249348393,0.00022721739836078876,5.647263249348393,0.22721739836078877,5243329285,24710849.87,24719707.39,-0.158338,22.380222493447363
000021,2022,2022-12-31,101632,C39,12,12,2133,58613,0.005625879043600563,0.00020473273847098765,5.625879043600563,0.20473273847098766,3683579112,16676382.92,16682681.32,-0.315657,22.027150701527194
000021,2023,2023-12-31,101632,C39,11,11,2242,60227,0.004906333630686887,0.0001826423364935992,4.906333630686887,0.1826423364935992,14567090809,25287878.03,25297124.8,0.528531,23.40203076734725
000021,2024,2024-12-31,101632,C39,8,8,2128,57656,0.0037593984962406013,0.00013875398917718884,3.7593984962406015,0.13875398917718884,13503863316,29741675.97,29744799.43,0.183837,23.326241653081134
000025,2020,2020-12-31,101778,F51,0,0,2061,48806,0.0,0.0,0.0,0.0,1538302273,6637953.61,6637953.61,-0.200849,21.153945225780102
000025,2021,2021-12-31,101778,F51,0,0,2180,51208,0.0,0.0,0.0,0.0,809404146,5875963.67,5875963.67,-0.113609,20.51180891394122
000025,2022,2022-12-31,101778,F51,0,0,2233,52235,0.0,0.0,0.0,0.0,3759150598,6736148.19,6736148.19,0.148061,22.04745886430667
000025,2023,2023-12-31,101778,F51,0,0,2108,47879,0.0,0.0,0.0,0.0,1616683023,6249103.07,6249103.07,-0.070671,21.20364237111465
000025,2024,2024-12-31,101778,F51,0,0,2187,50654,0.0,0.0,0.0,0.0,2134361000,6488697.85,6488697.85,0.040289,21.48143314187322
000026,2020,2020-12-31,101779,F52,1,1,2339,49582,0.00042753313381787086,2.0168609576055828e-05,0.42753313381787084,0.02016860957605583,2524225891,4077268.09,4128217.46,0.048693,21.649200275243526
000026,2021,2021-12-31,101779,F52,1,1,2522,55272,0.0003965107057890563,1.8092343320306844e-05,0.3965107057890563,0.018092343320306844,1628559672,4241865.01,4362306.15,0.072476,21.210961824932163
000026,2022,2022-12-31,101779,F52,1,1,2320,51343,0.0004310344827586207,1.947685176168124e-05,0.43103448275862066,0.019476851761681242,1122230137,3752803.67,3838696.79,-0.093671,20.838583737095895
000026,2023,2023-12-31,101779,F52,0,0,2378,51123,0.0,0.0,0.0,0.0,1568833558,3973585.41,4003504.67,0.073755,21.17359822412705
000026,2024,2024-12-31,101779,F52,2,2,2356,49130,0.0008488964346349745,4.0708324852432325e-05,0.8488964346349746,0.04070832485243232,1195457435,3761275.25,3786948.47,-0.017336,20.90179474071566
000027,2020,2020-12-31,101655,D44,1,1,3085,79891,0.00032414910858995135,1.2517054486738181e-05,0.32414910858995133,0.01251705448673818,4288098011,28972504.59,28972504.59,0.184863,22.17910911772981
000027,2021,2021-12-31,101655,D44,1,1,2912,81220,0.00034340659340659343,1.2312238364934744e-05,0.3434065934065934,0.012312238364934744,22935741149,38534858.32,38534858.32,0.372742,23.855962279712138
000027,2022,2022-12-31,101655,D44,5,4,2896,83820,0.0013812154696132596,5.965163445478406e-05,1.3812154696132597,0.05965163445478406,4994488792,30256999.87,30256999.87,-0.19321,22.331600900065705
000027,2023,2023-12-31,101655,D44,1,1,2848,79428,0.00035112359550561797,1.2590018633227576e-05,0.35112359550561795,0.012590018633227576,4210836502,30685164.96,30685164.96,0.036164,22.160927159202892
000027,2024,2024-12-31,101655,D44,3,3,3059,86816,0.0009807126511932004,3.455584224106156e-05,0.9807126511932004,0.034555842241061556,6337896686,30827886.66,30827886.66,0.026357,22.56981279751428
000028,2020,2020-12-31,101656,F51,0,0,3009,71602,0.0,0.0,0.0,0.0,1101946100,16842200.03,17094506.87,0.022928,20.820343636317652
000028,2021,2021-12-31,101656,F51,1,1,3137,77162,0.000318775900541919,1.2959747025738057e-05,0.318775900541919,0.012959747025738058,643752064,13598789.45,13802507.95,-0.175109,20.282824217704064
000028,2022,2022-12-31,101656,F51,0,0,3119,76330,0.0,0.0,0.0,0.0,727456703,12094758.93,12275946.09,-0.094375,20.405065041836867
000028,2023,2023-12-31,101656,F51,6,6,2915,72493,0.002058319039451115,8.276661194873988e-05,2.058319039451115,0.08276661194873988,1168239887,13858777.14,14066390.39,0.170173,20.878764083825775
000028,2024,2024-12-31,101656,F51,0,0,2109,56070,0.0,0.0,0.0,0.0,1195356315,13983071.11,14192546.36,0.032425,20.901710150270272
000029,2020,2020-12-31,102321,K70,0,0,1789,39182,0.0,0.0,0.0,0.0,746625906,6366452.4,6366452.4,-0.328111,20.43107482381594
000029,2021,2021-12-31,102321,K70,0,0,1934,44304,0.0,0.0,0.0,0.0,1402212260,6981697.8,6981697.8,0.108824,21.0613170128153
000029,2022,2022-12-31,102321,K70,0,0,1890,43337,0.0,0.0,0.0,0.0,3063413813,12385157.4,12385157.4,0.785185,21.842795756553237
000029,2023,2023-12-31,102321,K70,0,0,1686,39915,0.0,0.0,0.0,0.0,1420623962,10485921.6,10485921.6,-0.148956,21.074362022610412
000029,2024,2024-12-31,102321,K70,0,0,1663,40127,0.0,0.0,0.0,0.0,1516448471,13428399.6,13428399.6,0.280612,21.13963690627627
000030,2020,2020-12-31,102341,C36,5,5,2210,47925,0.0022624434389140274,0.00010432968179447053,2.2624434389140275,0.10432968179447052,4166835805,12917525.59,12938461.66,0.577731,22.150422785202664
000030,2021,2021-12-31,102341,C36,10,9,2461,56710,0.0036570499796830555,0.00017633574325515782,3.6570499796830553,0.17633574325515783,2927547083,12547862.69,13079480.31,0.051771,21.797430736654377
000030,2022,2022-12-31,102341,C36,7,7,2360,56050,0.0029661016949152543,0.0001248884924174844,2.9661016949152543,0.1248884924174844,1940830392,7748921.34,7756026.06,-0.366577,21.38638175606854
000030,2023,2023-12-31,102341,C36,4,3,2583,58635,0.0011614401858304297,6.821864074358318e-05,1.1614401858304297,0.06821864074358318,2143905236,9036398.52,9045021.07,0.270455,21.485894880017707
000030,2024,2024-12-31,102341,C36,3,3,2644,59349,0.0011346444780635401,5.054845068998635e-05,1.13464447806354,0.050548450689986354,2858437224,8681034.53,8689317.99,0.007491,21.773540887608547
000031,2020,2020-12-31,101916,K70,0,0,2577,75261,0.0,0.0,0.0,0.0,3038636202,7980169.82,18859778.69,-0.36351,21.834674634271423
000031,2021,2021-12-31,101916,K70,0,0,2371,72440,0.0,0.0,0.0,0.0,2088886903,7052491.63,15987948.75,-0.152273,21.45989717923288
000031,2022,2022-12-31,101916,K70,0,0,2457,70600,0.0,0.0,0.0,0.0,6167714036,15050855.76,16116538.15,0.008043,22.542594109778587
000031,2023,2023-12-31,101916,K70,0,0,2354,68955,0.0,0.0,0.0,0.0,4435257942,11888574.89,12730350.62,-0.210106,22.21285161178331
000031,2024,2024-12-31,101916,K70,0,0,2496,72313,0.0,0.0,0.0,0.0,5737359897,12168776.99,13030392.55,0.023569,22.470264993385697
000032,2020,2020-12-31,101917,E49,17,17,2320,58623,0.007327586206896552,0.0002899885710386708,7.327586206896552,0.2899885710386708,1349134416,7364491.55,7396631.93,0.266197,21.022729051165104
000032,2021,2021-12-31,101917,E49,46,42,3463,103616,0.012128212532486284,0.0004439468807906115,12.128212532486284,0.44394688079061145,519230167,8532936.02,23617567.98,0.158659,20.067857826442715
000032,2022,2022-12-31,101917,E49,53,45,3277,99535,0.0137320720170888,0.0005324760134626011,13.7320720170888,0.5324760134626011,3979572593,12991990.79,22929878.57,-0.023626,22.104440262033997
000032,2023,2023-12-31,101917,E49,98,73,3424,100536,0.021320093457943924,0.0009747752049017268,21.320093457943923,0.9747752049017268,7512756263,13656097.52,24101976.58,0.055087,22.73986824790648
000032,2024,2024-12-31,101917,E49,104,84,3507,104658,0.023952095808383235,0.0009937128552045711,23.952095808383234,0.9937128552045711,5755403835,11373633.63,20073600.89,-0.161945,22.473405047987644
000034,2020,2020-12-31,101880,F51,108,79,2583,68903,0.030584591560201317,0.00156742086701595,30.584591560201318,1.56742086701595,6066129144,10674686.29,14154173.2,0.091688,22.525986535963092
000034,2021,2021-12-31,101880,F51,94,69,2905,76424,0.023752151462994836,0.0012299801109599078,23.752151462994835,1.2299801109599078,2510835608,8535879.48,10457440.33,-0.253532,21.64388144663941
000034,2022,2022-12-31,101880,F51,102,77,3032,81699,0.025395778364116096,0.0012484852935776447,25.395778364116097,1.2484852935776447,3998673251,11923291.49,14560702.57,0.398092,22.109228456046
000034,2023,2023-12-31,101880,F51,98,75,3069,75615,0.024437927663734114,0.001296039145672155,24.437927663734115,1.296039145672155,7224945175,16452046.95,20027143.18,0.383582,22.70080548281923
000034,2024,2024-12-31,101880,F51,133,80,3502,92470,0.022844089091947458,0.0014383043149129447,22.84408909194746,1.4383043149129446,6294099803,19373787.54,23468989.83,0.18676,22.56287849246958
000035,2020,2020-12-31,101881,N77,2,2,2534,70710,0.0007892659826361484,2.82845424975251e-05,0.7892659826361483,0.0282845424975251,2847194109,10083249.5,10372724.69,-0.333874,21.769599823459046
000035,2021,2021-12-31,101881,N77,6,6,2645,73708,0.002268431001890359,8.140229011776199e-05,2.268431001890359,0.08140229011776198,3814924119,14744605.71,15167901.55,0.462287,22.062186611576767
000035,2022,2022-12-31,101881,N77,1,1,2457,63359,0.000407000407000407,1.5783077384428416e-05,0.40700040700040696,0.015783077384428416,8310267547,12438461.06,12795550.9,-0.139767,22.840757641204036
000035,2023,2023-12-31,101881,N77,2,2,3424,75817,0.0005841121495327102,2.6379308070749303e-05,0.5841121495327103,0.026379308070749303,4275175134,12119526.16,12467459.85,-0.025641,22.17609090574746
000035,2024,2024-12-31,101881,N77,7,7,3581,79345,0.001954761239877129,8.82223202470225e-05,1.9547612398771292,0.0882223202470225,7395097274,11813617.2,12178814.1,-0.009919,22.724083087180873
000036,2020,2020-12-31,10988,K70,2,2,2052,47046,0.0009746588693957114,4.2511584406750836e-05,0.9746588693957114,0.04251158440675084,3117917058,5886422.6,5906057.42,0.016241,21.86043100652261
000036,2021,2021-12-31,10988,K70,0,0,2088,46254,0.0,0.0,0.0,0.0,2798762933,6421790.59,6440273.67,0.148241,21.752443347215376
000036,2022,2022-12-31,10988,K70,0,0,2045,45119,0.0,0.0,0.0,0.0,3851379650,5992684.77,6009932.8,-0.051152,22.071697271962844
000036,2023,2023-12-31,10988,K70,0,0,2217,50479,0.0,0.0,0.0,0.0,2712650125,5755936.73,5772503.36,-0.031111,21.72119190027224
000036,2024,2024-12-31,10988,K70,0,0,2246,50654,0.0,0.0,0.0,0.0,4216423080,6041149.8,6054450.82,0.048843,22.162252994431455
000037,2020,2020-12-31,10880,D44,0,0,1786,42937,0.0,0.0,0.0,0.0,1153380712,3700722.61,3700877.0,-0.127592,20.865963217139985
000037,2021,2021-12-31,10880,D44,0,0,1694,41114,0.0,0.0,0.0,0.0,1871892400,2656926.05,2657039.9,-0.282051,21.35021573525159
000037,2022,2022-12-31,10880,D44,0,0,1729,40987,0.0,0.0,0.0,0.0,3153030151,2717939.15,2718043.36,0.022959,21.871629780419525
000037,2023,2023-12-31,10880,D44,0,0,1825,43976,0.0,0.0,0.0,0.0,3465555132,2785682.58,2785824.99,0.024938,21.96613866829979
000037,2024,2024-12-31,10880,D44,0,0,1976,49145,0.0,0.0,0.0,0.0,4598095090,2697605.44,2697708.87,-0.03163,22.24890794402179
000038,2020,2020-12-31,10881,L72,3,3,2238,50451,0.0013404825737265416,5.9463637985371946e-05,1.3404825737265416,0.059463637985371944,2928171927,2286508.47,5018663.22,-0.189873,21.797644149900844
000038,2021,2021-12-31,10881,L72,2,2,2422,52212,0.0008257638315441783,3.8305370412931895e-05,0.8257638315441783,0.038305370412931895,674626651,2045948.73,4490658.03,-0.105208,20.329669987667916
000039,2020,2020-12-31,10985,C33,8,8,4721,125307,0.0016945562380851515,6.384320109810306e-05,1.6945562380851515,0.06384320109810306,4037612731,22998728.71,23011473.68,0.538697,22.118919446343785
000039,2021,2021-12-31,10985,C33,5,5,4791,124802,0.0010436234606553956,4.0063460521466e-05,1.0436234606553956,0.040063460521466,6038273974,26328097.7,26342687.69,0.163442,22.521384042325852
000039,2022,2022-12-31,10985,C33,8,8,4668,121569,0.001713796058269066,6.580624994858887e-05,1.7137960582690661,0.06580624994858887,3226769774,16201906.28,16210884.73,-0.344406,21.894747404118217
000039,2023,2023-12-31,10985,C33,10,8,4154,94884,0.0019258545979778526,0.00010539184688672485,1.9258545979778525,0.10539184688672484,3239519419,17605764.64,17615521.05,0.112216,21.898690828588595
000039,2024,2024-12-31,10985,C33,7,7,3530,98722,0.00198300283286119,7.090618099309172e-05,1.98300283286119,0.07090618099309172,7337275812,17881933.49,17891842.95,0.018562,22.716233468039306
000042,2020,2020-12-31,103439,K70,0,0,2293,54587,0.0,0.0,0.0,0.0,485776286,6056967.99,6076556.61,-0.14733,20.001258761072567
000042,2021,2021-12-31,103439,K70,0,0,2269,51989,0.0,0.0,0.0,0.0,296642285,5351596.3,5358538.98,-0.112691,19.508037546622752
000042,2022,2022-12-31,103439,K70,2,1,2190,50453,0.00045662100456621003,3.964085386399223e-05,0.45662100456621,0.03964085386399223,2021185577,5271919.93,5278759.24,-0.010918,21.42695009599144
000042,2023,2023-12-31,103439,K70,0,0,2321,52160,0.0,0.0,0.0,0.0,1100949885,3811299.02,3816130.74,-0.275567,20.819439176848128
000042,2024,2024-12-31,103439,K70,0,0,2320,52369,0.0,0.0,0.0,0.0,3945508719,2967908.81,2971795.19,-0.221254,22.095843736035707
000045,2020,2020-12-31,101184,C39,0,0,2172,54647,0.0,0.0,0.0,0.0,1888912696,3276818.16,3286328.48,-0.037584,21.359267207881093
000045,2021,2021-12-31,101184,C39,0,0,2209,54204,0.0,0.0,0.0,0.0,1354908235,4328323.02,4342391.57,0.329149,21.026999566475578
000045,2022,2022-12-31,101184,C39,0,0,2308,55042,0.0,0.0,0.0,0.0,2886472657,5068372.31,5069170.79,0.172632,21.783301060049016
000045,2023,2023-12-31,101184,C39,0,0,2183,47932,0.0,0.0,0.0,0.0,2054650591,5392857.82,5393707.42,0.069432,21.443371642214327
000045,2024,2024-12-31,101184,C39,1,1,2234,49239,0.0004476275738585497,2.0309104571579438e-05,0.4476275738585497,0.020309104571579438,2751031352,4858142.25,4858915.59,-0.093644,21.735241715770467
000048,2020,2020-12-31,101187,C13,0,0,2551,60912,0.0,0.0,0.0,0.0,655745234,9215616.57,9217060.64,0.093389,20.301282910196104
000048,2021,2021-12-31,101187,C13,0,0,2452,57438,0.0,0.0,0.0,0.0,410818954,9055852.38,9057271.42,0.048166,19.833663176628963
000048,2022,2022-12-31,101187,C13,1,1,2348,55680,0.00042589437819420784,1.795977011494253e-05,0.42589437819420783,0.017959770114942528,946918283,9339820.61,9339820.61,0.106297,20.66872335809247
000048,2023,2023-12-31,101187,C13,1,1,2447,57611,0.0004086636697997548,1.7357796254187568e-05,0.4086636697997548,0.01735779625418757,1130663538,9575278.28,9709417.28,0.081232,20.84607049998951
000048,2024,2024-12-31,101187,C13,3,3,2433,56360,0.0012330456226880395,5.3229240596167495e-05,1.2330456226880395,0.053229240596167494,1182567391,9481675.5,9545080.5,0.004372,20.89095366782694
000049,2020,2020-12-31,107889,C38,28,21,2031,47149,0.0103397341211226,0.000593862011919659,10.3397341211226,0.5938620119196589,1430236333,13874476.69,14006567.09,0.676485,21.081105536094356
000049,2021,2021-12-31,107889,C38,21,17,2232,55696,0.0076164874551971325,0.00037704682562482043,7.616487455197133,0.37704682562482045,2385825673,17407574.28,17513435.93,0.26574,21.592811095924475
000049,2022,2022-12-31,107889,C38,26,21,2329,60241,0.009016745384285102,0.00043159974104015536,9.016745384285102,0.43159974104015536,2525956503,13012770.1,13017340.76,-0.241598,21.649885641407376
000049,2023,2023-12-31,107889,C38,13,10,2372,58889,0.0042158516020236085,0.00022075430046358403,4.2158516020236085,0.22075430046358405,1047145600,10428447.85,10431397.04,-0.283057,20.769333824113648
000049,2024,2024-12-31,107889,C38,9,7,2028,49698,0.0034516765285996054,0.00018109380659181456,3.4516765285996054,0.18109380659181457,2034474502,9039528.3,9042851.93,-0.116519,21.433503393009964
000050,2020,2020-12-31,101178,C39,13,10,3228,73501,0.0030978934324659233,0.00017686834192732071,3.0978934324659235,0.1768683419273207,5598522740,26958287.57,36227200.52,-0.090239,22.445768603637163
000050,2021,2021-12-31,101178,C39,15,12,3289,73808,0.0036485253876558225,0.0002032300021677867,3.6485253876558223,0.2032300021677867,4968708894,30008901.03,31999874.55,-0.11194,22.326425863628295
000050,2022,2022-12-31,101178,C39,14,12,3212,74989,0.0037359900373599006,0.00018669404846044087,3.7359900373599007,0.18669404846044088,2032903390,20574223.21,21284094.74,-0.329493,21.43273085005031
000050,2023,2023-12-31,101178,C39,16,14,3659,81350,0.0038261820169445205,0.00019668100799016594,3.8261820169445206,0.19668100799016594,3094786115,25302207.85,26175012.59,0.229792,21.852984634394534
000050,2024,2024-12-31,101178,C39,17,14,3528,75607,0.003968253968253968,0.00022484690570978878,3.968253968253968,0.22484690570978877,5595677091,22193203.35,22193461.38,-0.152113,22.4452601887252
000055,2020,2020-12-31,101532,C33,2,2,2600,59638,0.0007692307692307692,3.353566517991885e-05,0.7692307692307693,0.03353566517991885,2122091815,3028037.8,3038328.16,-0.064182,21.47566814481666
000055,2021,2021-12-31,101532,C33,3,3,2693,61674,0.0011139992573338284,4.864286409183773e-05,1.1139992573338284,0.048642864091837726,2380388990,3366744.49,3378185.9,0.111857,21.590529752871312
000055,2022,2022-12-31,101532,C33,8,8,2549,60329,0.003138485680659082,0.0001326062092857498,3.1384856806590817,0.1326062092857498,5533192510,3196894.33,3215054.18,-0.038229,22.43403079349767
000055,2023,2023-12-31,101532,C33,6,6,2685,63222,0.0022346368715083797,9.490367277213628e-05,2.2346368715083798,0.09490367277213628,1953955755,3054862.02,3072313.93,-0.033827,21.393121747526617
000055,2024,2024-12-31,101532,C33,13,13,2751,65627,0.004725554343874954,0.00019808920109101437,4.725554343874954,0.19808920109101438,1547629663,2662866.45,2678078.96,-0.110619,21.159990348350536
000058,2020,2020-12-31,101534,L72,1,1,2044,57891,0.0004892367906066536,1.7273842220725157e-05,0.4892367906066536,0.017273842220725158,5245078917,3617255.83,6647938.79,-0.081633,22.380556125011314
000058,2021,2021-12-31,101534,L72,0,0,2296,61723,0.0,0.0,0.0,0.0,2269624537,3622638.65,6657831.56,0.002976,21.54288025299723
000058,2022,2022-12-31,101534,L72,0,0,2136,58734,0.0,0.0,0.0,0.0,4742367512,7779001.85,7780086.13,0.175334,22.279802323273575
000058,2023,2023-12-31,101534,L72,0,0,1910,41394,0.0,0.0,0.0,0.0,4278048399,7060274.65,7061166.78,-0.091139,22.176762761240614
000058,2024,2024-12-31,101534,L72,3,2,2264,59922,0.0008833922261484099,5.006508460999299e-05,0.8833922261484098,0.05006508460999299,5963522162,7907234.18,7908112.86,0.124128,22.50892711041778
000059,2020,2020-12-31,101535,C25,0,0,1763,42168,0.0,0.0,0.0,0.0,3893548230,8828903.73,8828922.8,-0.055008,22.082586720473614
000059,2021,2021-12-31,101535,C25,0,0,1712,40502,0.0,0.0,0.0,0.0,7670577965,11643621.29,11643941.67,0.333152,22.760657803593507
000059,2022,2022-12-31,101535,C25,0,0,1712,40061,0.0,0.0,0.0,0.0,6513762812,10876209.25,10876209.25,-0.035989,22.597183131255424
000059,2023,2023-12-31,101535,C25,0,0,1658,38408,0.0,0.0,0.0,0.0,3624526252,8780939.53,8780939.53,-0.173235,22.010989427884933
000059,2024,2024-12-31,101535,C25,0,0,1944,45799,0.0,0.0,0.0,0.0,5320457476,7661329.75,7661329.75,-0.124954,22.394825128520164
000060,2020,2020-12-31,101551,C32,0,0,2311,60494,0.0,0.0,0.0,0.0,10232084671,17199620.25,17205883.28,0.137674,23.048794176403725
000060,2021,2021-12-31,101551,C32,0,0,2558,69193,0.0,0.0,0.0,0.0,18873034583,17915784.46,17921669.95,0.0361,23.660999998659804
000060,2022,2022-12-31,101551,C32,0,0,2601,70548,0.0,0.0,0.0,0.0,9745714429,15322867.07,15323927.94,-0.145682,23.00009347968664
000060,2023,2023-12-31,101551,C32,5,4,2707,71931,0.0014776505356483192,6.951105920952024e-05,1.4776505356483192,0.06951105920952023,9809431217,16145159.99,16146374.99,0.078049,23.006610129026274
000060,2024,2024-12-31,101551,C32,6,5,2661,70275,0.0018789928598271326,8.537886872998933e-05,1.8789928598271326,0.08537886872998933,12803401036,17527956.84,17529302.29,0.098611,23.272976678594016
000061,2020,2020-12-31,10864,L72,2,2,2411,70475,0.0008295313148071339,2.8378857750975524e-05,0.8295313148071339,0.028378857750975525,6937733829,11961034.9,11963597.12,0.271914,22.66024102067618
000061,2021,2021-12-31,10864,L72,0,0,2305,63670,0.0,0.0,0.0,0.0,2519641025,10843425.87,10843600.8,-0.085106,21.647382278322777
000061,2022,2022-12-31,10864,L72,0,0,2176,62274,0.0,0.0,0.0,0.0,3430868423,9672539.51,9672695.55,-0.097027,21.956079250918037
000061,2023,2023-12-31,10864,L72,1,1,2172,63293,0.00046040515653775324,1.5799535493656486e-05,0.4604051565377532,0.015799535493656487,1997384227,10979180.81,10979357.93,0.142105,21.41510427547699
000061,2024,2024-12-31,10864,L72,3,3,2327,66958,0.001289213579716373,4.4804205621434335e-05,1.289213579716373,0.044804205621434334,2125026002,11848037.77,11895718.56,0.100464,21.477049875953806
000062,2020,2020-12-31,101552,F51,13,11,2561,60150,0.004295197188598204,0.00021612635078969243,4.295197188598204,0.21612635078969242,1499237213,12994238.85,13011111.97,-0.115871,21.128222291712394
000062,2021,2021-12-31,101552,F51,8,8,2678,64158,0.002987303958177745,0.00012469216621465758,2.987303958177745,0.12469216621465758,1723978366,17997647.54,18021017.62,0.401125,21.267900460965333
000062,2022,2022-12-31,101552,F51,10,10,2662,63619,0.003756574004507889,0.00015718574639651676,3.756574004507889,0.15718574639651675,1576780657,12753925.28,12770552.82,-0.273941,21.178651047111618
000062,2023,2023-12-31,101552,F51,10,9,2918,67526,0.003084304318026045,0.00014809110564819477,3.084304318026045,0.14809110564819478,1242808625,11772050.61,11787398.06,-0.048321,20.940639676237964
000062,2024,2024-12-31,101552,F51,14,13,2947,67537,0.004411265693926026,0.00020729377970593897,4.411265693926026,0.20729377970593896,7301811215,23395016.2,23428368.81,1.027507,22.71138826610694
000063,2020,2020-12-31,101553,C39,29,24,3267,84599,0.0073461891643709825,0.00034279365004314473,7.3461891643709825,0.3427936500431447,22301330501,116975940.37,129819424.05,-0.043515,23.82791217739949
000063,2021,2021-12-31,101553,C39,31,27,3647,94219,0.007403345215245407,0.00032902068584892644,7.403345215245407,0.32902068584892646,14957051941,130295130.28,133172330.17,0.001486,23.428448727372803
000063,2022,2022-12-31,101553,C39,26,22,3142,80115,0.007001909611712286,0.00032453348311801787,7.001909611712286,0.3245334831180179,8832916564,102919741.56,102938573.93,-0.219104,22.901751098836648
000063,2023,2023-12-31,101553,C39,30,26,2997,77035,0.008675342008675343,0.00038943337444018953,8.675342008675342,0.38943337444018955,20268285934,106635510.12,106654794.0,0.039443,23.732323232167293
000063,2024,2024-12-31,101553,C39,36,30,3170,79185,0.00946372239747634,0.0004546315590073878,9.46372239747634,0.4546315590073878,27200967617,162705897.88,162732507.06,0.551473,24.026518383806792
000065,2020,2020-12-31,101554,E48,1,1,2656,66727,0.00037650602409638556,1.4986437274266789e-05,0.37650602409638556,0.014986437274266788,1015329025,5021271.96,5740591.91,-0.126936,20.73847856045731
000065,2021,2021-12-31,101554,E48,2,2,2703,69089,0.0007399186089530152,2.894816830465052e-05,0.7399186089530152,0.02894816830465052,2675245069,5817754.14,6645068.51,0.16319,21.70730682805126
000065,2022,2022-12-31,101554,E48,2,2,2463,62576,0.0008120178643930166,3.196113525952442e-05,0.8120178643930166,0.03196113525952442,5828389000,7468595.4,8264089.99,0.065091,22.486006469963357
000065,2023,2023-12-31,101554,E48,0,0,2560,65416,0.0,0.0,0.0,0.0,6551709798,10158098.02,11239970.66,0.367697,22.602991890544345
000065,2024,2024-12-31,101554,E48,1,1,2650,65392,0.0003773584905660377,1.5292390506483973e-05,0.3773584905660377,0.015292390506483972,3282383967,8859291.26,9802313.93,-0.120145,21.911835814849272
000066,2020,2020-12-31,101661,C39,6,6,2990,89957,0.002006688963210702,6.669853374389986e-05,2.0066889632107023,0.06669853374389986,20851154418,55599558.98,55606177.19,0.226028,23.760675151476228
000066,2021,2021-12-31,101661,C39,8,8,2997,86218,0.002669336002669336,9.278804889930177e-05,2.6693360026693362,0.09278804889930177,15353508713,41601262.33,41607170.73,-0.249789,23.454609865575637
000066,2022,2022-12-31,101661,C39,3,3,2672,75043,0.001122754491017964,3.997707980757699e-05,1.122754491017964,0.03997707980757699,10971628377,32097291.42,32903150.69,-0.276328,23.118578539415356
000066,2023,2023-12-31,101661,C39,22,15,2715,74267,0.0055248618784530384,0.000296228472942222,5.524861878453039,0.296228472942222,17146611166,31845547.96,32645086.77,-0.007157,23.565066391441153
000066,2024,2024-12-31,101661,C39,27,17,2624,71504,0.0064786585365853655,0.00037760125307675094,6.478658536585366,0.37760125307675096,24866212670,45775928.83,46999892.71,0.439723,23.936775798122962
000068,2020,2020-12-31,101662,M74,3,2,2190,52502,0.0009132420091324201,5.7140680355034096e-05,0.91324200913242,0.0571406803550341,3820711118,3271682.26,3271682.26,-0.220624,22.06370239904615
000068,2021,2021-12-31,101662,M74,4,4,2430,59296,0.0016460905349794238,6.745817593092283e-05,1.646090534979424,0.06745817593092283,3267394750,3483083.27,3483083.27,0.064615,21.907258792079293
000068,2022,2022-12-31,101662,M74,5,4,2045,51853,0.0019559902200488996,9.642643627176827e-05,1.9559902200488997,0.09642643627176826,6262580030,3855551.71,3855551.71,0.106936,22.557858082676937
000068,2023,2023-12-31,101662,M74,5,3,2049,50672,0.0014641288433382138,9.867382380802021e-05,1.4641288433382138,0.09867382380802021,2721310917,3563616.98,3563616.98,-0.075718,21.724379556298295
000068,2024,2024-12-31,101662,M74,7,6,1997,49971,0.0030045067601402104,0.00014008124712333153,3.0045067601402105,0.14008124712333153,9244907578,3372349.4,3372349.4,-0.053672,22.94733870487236
000069,2020,2020-12-31,101663,K70,6,6,2173,62688,0.0027611596870685687,9.571209800918837e-05,2.761159687068569,0.09571209800918837,11874436261,50029153.82,58150718.86,-0.050757,23.19765371306657
000069,2021,2021-12-31,101663,K70,1,1,2206,66971,0.00045330915684496827,1.4931836167893565e-05,0.45330915684496825,0.014931836167893566,14849423300,49671883.32,57740629.16,0.049365,23.42122686649153
000069,2022,2022-12-31,101663,K70,3,3,2042,58440,0.0014691478942213516,5.13347022587269e-05,1.4691478942213516,0.0513347022587269,17274800847,37610631.16,43715561.57,-0.228693,23.572514678197948
000069,2023,2023-12-31,101663,K70,0,0,1894,53435,0.0,0.0,0.0,0.0,8947529651,21945577.91,25507579.08,-0.41651,22.91464331459729
000069,2024,2024-12-31,101663,K70,0,0,1833,51435,0.0,0.0,0.0,0.0,18461617742,18408617.8,21460814.0,-0.141479,23.638959697230145
000070,2020,2020-12-31,101681,C38,7,7,2556,67889,0.0027386541471048514,0.0001031094875458469,2.7386541471048513,0.1031094875458469,5373417988,7324195.54,7520684.91,-0.144793,22.404730040009355
000070,2021,2021-12-31,101681,C38,21,20,2796,70606,0.00715307582260372,0.00029742514800441887,7.15307582260372,0.2974251480044189,2837281191,5350723.84,5489763.23,-0.294245,21.766112103829034
000070,2022,2022-12-31,101681,C38,23,23,2594,61042,0.008866615265998457,0.00037678975131876413,8.866615265998457,0.37678975131876413,4231163293,5763075.66,5844520.9,0.064615,22.16574280259806
000070,2023,2023-12-31,101681,C38,19,19,2766,65320,0.006869125090383225,0.0002908756889161053,6.869125090383225,0.2908756889161053,10220789269,7055314.29,7148737.39,0.147399,23.047689646724386
000070,2024,2024-12-31,101681,C38,25,19,2673,62849,0.00710811821922933,0.000397778803163137,7.10811821922933,0.397778803163137,9138813877,5109428.01,5176982.37,-0.275819,22.93579644134357
000088,2020,2020-12-31,101671,G54,0,0,1894,47305,0.0,0.0,0.0,0.0,5251930064,14214702.24,14214702.24,0.175286,22.38186147741864
000088,2021,2021-12-31,101671,G54,1,1,1896,48723,0.0005274261603375527,2.0524187755269586e-05,0.5274261603375527,0.020524187755269586,1858567725,11920557.26,11920557.26,-0.158544,21.34307198825365
000088,2022,2022-12-31,101671,G54,0,0,1852,48035,0.0,0.0,0.0,0.0,2269740566,11403250.06,11403250.06,-0.037736,21.542931374243192
000088,2023,2023-12-31,101671,G54,1,1,2178,59245,0.0004591368227731864,1.6879061524179257e-05,0.4591368227731864,0.016879061524179256,1628256592,10975781.11,10975909.33,-0.0286,21.21077570451509
000088,2024,2024-12-31,101671,G54,1,1,2577,68383,0.00038804811796662784,1.462351754090929e-05,0.38804811796662786,0.01462351754090929,2653537556,10953289.75,25321483.9,0.035246,21.699159513891246
000089,2020,2020-12-31,101672,G56,1,1,2500,58731,0.0004,1.7026783129863274e-05,0.4,0.017026783129863273,5602855194,16754786.89,16754786.89,-0.155578,22.44654216100498
000089,2021,2021-12-31,101672,G56,2,2,2727,63041,0.0007334066740007334,3.172538506686125e-05,0.7334066740007334,0.03172538506686125,2935415487,15011632.81,15011632.81,-0.104039,21.80011484341007
000089,2022,2022-12-31,101672,G56,2,2,2248,51142,0.0008896797153024911,3.910680067263697e-05,0.889679715302491,0.03910680067263697,3398297430,16118835.29,16119048.34,0.077869,21.94654038756034
000089,2023,2023-12-31,101672,G56,2,2,2744,63275,0.0007288629737609329,3.160806005531411e-05,0.7288629737609329,0.03160806005531411,2123846045,13186273.65,13186447.94,-0.181934,21.476494454648233
000089,2024,2024-12-31,101672,G56,4,4,2729,61564,0.0014657383657017222,6.497303618998116e-05,1.4657383657017222,0.06497303618998117,3413552088,14129615.16,14129801.92,0.087092,21.951019254410298
000090,2020,2020-12-31,101674,E48,2,2,2221,55629,0.0009004952723998199,3.595247083355804e-05,0.9004952723998199,0.035952470833558035,7161688412,11097628.28,11099159.88,0.192453,22.692011601991226
000090,2021,2021-12-31,101674,E48,0,0,2370,59759,0.0,0.0,0.0,0.0,3345433502,10966130.15,10968361.7,0.052189,21.930862119439013
000090,2022,2022-12-31,101674,E48,3,3,2365,58216,0.0012684989429175475,5.153222481791947e-05,1.2684989429175475,0.05153222481791947,7869795608,10201169.66,10202258.07,-0.013629,22.786297928136314
000090,2023,2023-12-31,101674,E48,5,3,2262,57265,0.001326259946949602,8.731336767659129e-05,1.3262599469496021,0.08731336767659129,6824230958,8594915.7,8595309.0,-0.098901,22.643745491668568
000090,2024,2024-12-31,101674,E48,0,0,2293,55431,0.0,0.0,0.0,0.0,7358832210,7679370.33,7679721.73,-0.052174,22.719167090114563
000096,2020,2020-12-31,101692,F51,4,3,1727,39443,0.0017371163867979154,0.00010141216438911847,1.7371163867979154,0.10141216438911847,362887146,4950117.12,5116320.0,-0.148246,19.709602454085708
000096,2021,2021-12-31,101692,F51,4,3,1786,41542,0.0016797312430011197,9.628809397717973e-05,1.6797312430011198,0.09628809397717973,357476854,4510787.84,4662240.0,-0.086687,19.69458117674379
000096,2022,2022-12-31,101692,F51,0,0,1767,41439,0.0,0.0,0.0,0.0,645917687,4097000.96,4234560.0,-0.012458,20.286182635671864
000096,2023,2023-12-31,101692,F51,0,0,1808,42807,0.0,0.0,0.0,0.0,731933513,5920728.32,6119520.0,0.448878,20.41120023993163
000096,2024,2024-12-31,101692,F51,0,0,1866,44286,0.0,0.0,0.0,0.0,1415451522,6262996.48,6473280.0,0.062554,21.070714414667325
000099,2020,2020-12-31,102270,G56,1,1,1825,43043,0.000547945205479452,2.3232581372116254e-05,0.547945205479452,0.023232581372116253,1873270282,4521285.33,4521285.33,0.016238,21.350951554855932
000099,2021,2021-12-31,102270,G56,0,0,2094,52323,0.0,0.0,0.0,0.0,1963784522,5242509.13,6710411.69,0.169571,21.398139327519615
000099,2022,2022-12-31,102270,G56,0,0,2024,49586,0.0,0.0,0.0,0.0,2839810064,5170366.19,5647606.6,-0.149133,21.767003008361932
000099,2023,2023-12-31,102270,G56,0,0,1959,46829,0.0,0.0,0.0,0.0,3996826517,6249893.2,6826777.21,0.21772,22.10876651268137
000099,2024,2024-12-31,102270,G56,1,1,2162,51891,0.00046253469010175765,1.927116455647415e-05,0.46253469010175763,0.01927116455647415,20523552825,20449300.81,20449300.81,2.004739,23.744838981930652
000100,2020,2020-12-31,102272,C39,0,0,2614,65701,0.0,0.0,0.0,0.0,112495635422,89632518.81,99337981.6,0.606264,25.446180261598293
000100,2021,2021-12-31,102272,C39,0,0,3472,71687,0.0,0.0,0.0,0.0,85556273407,82792342.03,86569063.74,-0.111582,25.17244016490584
000100,2022,2022-12-31,102272,C39,3,3,2788,70191,0.0010760401721664275,4.2740522289182376e-05,1.0760401721664274,0.042740522289182376,35081383517,50786212.39,63507436.78,-0.372771,24.280936442612266
000100,2023,2023-12-31,102272,C39,2,2,2892,71645,0.0006915629322268327,2.7915416288645404e-05,0.6915629322268326,0.027915416288645405,49298921624,77823728.68,80750047.3,0.271505,24.62116804402357
000100,2024,2024-12-31,102272,C39,6,6,2845,68965,0.00210896309314587,8.700065250489379e-05,2.1089630931458703,0.08700065250489379,95079970504,91033586.21,94458776.26,0.188372,25.277984169225903
000151,2020,2020-12-31,101839,F51,0,0,1886,44983,0.0,0.0,0.0,0.0,977651987,2167002.45,2406317.4,-0.22381,20.700664324182043
000151,2021,2021-12-31,101839,F51,0,0,2238,59260,0.0,0.0,0.0,0.0,1034938416,2268289.16,2871024.9,0.04674,20.757607761410426
000151,2022,2022-12-31,101839,F51,1,1,1966,50140,0.000508646998982706,1.9944156362185878e-05,0.5086469989827059,0.01994415636218588,6102196448,3390439.26,4291355.66,0.494712,22.53191461692129
000151,2023,2023-12-31,101839,F51,0,0,2138,53803,0.0,0.0,0.0,0.0,3974553440,3019943.15,3822410.35,-0.109277,22.10317823685509
000151,2024,2024-12-31,101839,F51,0,0,2078,55052,0.0,0.0,0.0,0.0,3863027811,4344958.55,4760300.97,0.245366,22.074717120190453
000153,2020,2020-12-31,101840,C27,0,0,1961,43306,0.0,0.0,0.0,0.0,3257336327,2745399.62,2746842.82,0.331316,21.904175621034813
000153,2021,2021-12-31,101840,C27,0,0,2000,43871,0.0,0.0,0.0,0.0,2339058065,3737487.22,3739451.94,0.361364,21.57301414937926
000153,2022,2022-12-31,101840,C27,0,0,2105,47077,0.0,0.0,0.0,0.0,3143630481,4230411.24,4503428.28,0.140234,21.86864417343556
000153,2023,2023-12-31,101840,C27,0,0,2127,48355,0.0,0.0,0.0,0.0,2524197135,2990461.08,3111085.78,-0.301622,21.649188883171252
000153,2024,2024-12-31,101840,C27,0,0,2164,49778,0.0,0.0,0.0,0.0,2035799341,2776545.02,2849062.92,-0.06809,21.434154375768
000155,2020,2020-12-31,101841,D44,3,2,2095,52612,0.0009546539379474941,5.7021211890823384e-05,0.9546539379474941,0.05702121189082338,6774532735,10541000.0,10541000.0,0.916859,22.636436232477628
000155,2021,2021-12-31,101841,D44,4,2,2678,72664,0.0007468259895444362,5.50478916657492e-05,0.7468259895444362,0.0550478916657492,23187983436,33693100.0,38441851.23,2.196386,23.866900026131766
000155,2022,2022-12-31,101841,D44,3,3,2559,71282,0.0011723329425556857,4.2086361213209507e-05,1.1723329425556857,0.04208636121320951,6802509441,23137254.3,26330534.43,-0.327554,22.640557416639822
000155,2023,2023-12-31,101841,D44,5,3,2564,68676,0.001170046801872075,7.280563806861203e-05,1.1700468018720749,0.07280563806861202,3439102381,17236216.91,19615067.41,-0.255045,21.95847633881702
000155,2024,2024-12-31,101841,D44,3,2,2780,76970,0.0007194244604316547,3.897622450305314e-05,0.7194244604316546,0.03897622450305314,4684009223,18086818.89,19717077.89,-0.184349,22.26742025193699
000156,2020,2020-12-31,101842,R86,74,44,2360,60609,0.01864406779661017,0.001220940784371958,18.64406779661017,1.220940784371958,3843266547,10959328.08,15861101.7,-0.119732,22.06958850547854
000156,2021,2021-12-31,101842,R86,28,15,2120,54161,0.007075471698113208,0.0005169771606875796,7.0754716981132075,0.5169771606875796,1713928671,10831298.55,15675808.46,0.008178,21.26205404132025
000156,2022,2022-12-31,101842,R86,32,17,2082,54271,0.008165225744476465,0.0005896335059239742,8.165225744476464,0.5896335059239741,2145859935,11722262.78,13878463.99,-0.091017,21.486806211550533
000156,2023,2023-12-31,101842,R86,15,8,2105,53060,0.003800475059382423,0.00028269883151149644,3.8004750593824226,0.28269883151149644,2945244774,11534456.17,13656112.1,0.013351,21.80345776604598
000156,2024,2024-12-31,101842,R86,24,16,2012,50478,0.007952286282306162,0.00047545465351242125,7.952286282306162,0.4754546535124213,3653834799,12239106.31,13341113.58,0.006784,22.01904308315222
000157,2020,2020-12-31,103592,C35,9,8,2517,64838,0.0031783869686134287,0.00013880748943520774,3.1783869686134287,0.13880748943520774,17223768076,64500603.82,64839886.13,0.513473,23.56955613181099
000157,2021,2021-12-31,103592,C35,11,11,2512,66573,0.004378980891719745,0.0001652321511723972,4.3789808917197455,0.1652321511723972,26653042643,50642773.98,50857289.67,-0.243434,24.006169151547876
000157,2022,2022-12-31,103592,C35,16,16,2776,73011,0.005763688760806916,0.00021914506033337444,5.763688760806916,0.21914506033337444,8885389181,38453874.79,38602390.62,-0.196653,22.907674099732176
000157,2023,2023-12-31,103592,C35,17,16,2721,66680,0.005880191106210952,0.0002549490101979604,5.880191106210952,0.2549490101979604,8046825224,46141584.82,46337060.8,0.259191,22.808543468600277
000157,2024,2024-12-31,103592,C35,21,20,2978,77299,0.006715916722632639,0.00027167233728767515,6.715916722632639,0.27167233728767515,13553195287,51119787.76,51304280.18,0.156202,23.32988817108477
000158,2020,2020-12-31,101684,I65,75,70,2468,62233,0.028363047001620744,0.001205148393938907,28.363047001620743,1.205148393938907,15022269132,9755600.27,9911423.67,-0.090909,23.432799545973054
000158,2021,2021-12-31,101684,I65,39,39,2556,64597,0.015258215962441314,0.0006037432078889113,15.258215962441314,0.6037432078889113,16028244860,10913123.15,11062427.71,0.116129,23.49761830668123
000158,2022,2022-12-31,101684,I65,75,66,2480,64239,0.02661290322580645,0.0011675150609442861,26.61290322580645,1.1675150609442861,8202742922,8886489.58,8984225.97,-0.187861,22.827734438087905
000158,2023,2023-12-31,101684,I65,47,46,2833,71188,0.016237204376985528,0.0006602236331966062,16.237204376985527,0.6602236331966062,25365491022,13656368.6,13780076.14,0.533808,23.956655466066675
000158,2024,2024-12-31,101684,I65,43,38,3284,78793,0.011571254567600487,0.0005457337580749559,11.571254567600487,0.5457337580749558,32706365896,31978670.83,32196140.76,1.336427,24.21083557165199
000159,2020,2020-12-31,101705,F51,0,0,2527,51763,0.0,0.0,0.0,0.0,4462824646,2461112.28,2461112.28,-0.096661,22.219047731434024
000159,2021,2021-12-31,101705,F51,0,0,2683,56904,0.0,0.0,0.0,0.0,5176237065,3138879.53,3138879.53,0.279297,22.367344194100813
000159,2022,2022-12-31,101705,F51,0,0,2219,51734,0.0,0.0,0.0,0.0,3737808337,3345574.51,3345574.51,0.06585,22.041765270721942
000159,2023,2023-12-31,101705,F51,0,0,2423,55001,0.0,0.0,0.0,0.0,1858379665,3119652.09,3119652.09,-0.067529,21.34297079769036
000159,2024,2024-12-31,101705,F51,0,0,2031,47770,0.0,0.0,0.0,0.0,3190136017,2884115.96,2884115.96,-0.075501,21.883329391705626
000301,2020,2020-12-31,101795,C28,0,0,2583,65586,0.0,0.0,0.0,0.0,3315854028,11185505.48,45834509.45,0.849421,21.921981053045474
000301,2021,2021-12-31,101795,C28,0,0,2660,67699,0.0,0.0,0.0,0.0,11194657986,33495201.81,93508130.17,1.050633,23.13870253601683
000301,2022,2022-12-31,101795,C28,0,0,2695,69032,0.0,0.0,0.0,0.0,9954064443,68237605.85,86209887.2,-0.317994,23.02124679154305
000301,2023,2023-12-31,101795,C28,2,2,2534,64278,0.0007892659826361484,3.111484489249821e-05,0.7892659826361483,0.03111484489249821,5819028645,52771297.72,63467645.54,-0.256135,22.484399185447803
000301,2024,2024-12-31,101795,C28,11,7,2628,65270,0.002663622526636225,0.0001685307185537,2.663622526636225,0.1685307185537,4382742855,45130475.38,54278081.17,-0.134375,22.20094058817012
000333,2020,2020-12-31,106591,C38,46,42,2357,67033,0.017819261773440814,0.0006862291707069653,17.819261773440815,0.6862291707069653,7092576551,674029839.95,692030837.34,0.717425,22.682314517962315
000333,2021,2021-12-31,106591,C38,74,66,2630,76563,0.025095057034220533,0.0009665243002494677,25.095057034220535,0.9665243002494677,8590023565,504027800.1,515581934.9,-0.233944,22.873867316361398
000333,2022,2022-12-31,106591,C38,61,55,2682,79593,0.020507084265473527,0.0007663990551932959,20.507084265473527,0.7663990551932959,7442062688,354989589.58,362428847.41,-0.275154,22.730413890511795
000333,2023,2023-12-31,106591,C38,45,34,2444,65003,0.013911620294599018,0.0006922757411196406,13.911620294599018,0.6922757411196406,5278265620,376457229.38,383753756.4,0.102896,22.38686339983171
000333,2024,2024-12-31,106591,C38,60,42,2755,80433,0.015245009074410164,0.0007459624780873522,15.245009074410165,0.7459624780873523,7856542512,518283529.35,526880906.37,0.431814,22.78461246276801
000338,2020,2020-12-31,102980,C36,5,5,2891,74622,0.0017295053614666206,6.700436868483826e-05,1.7295053614666207,0.06700436868483826,14559816860,67017746.88,94595267.2,0.012343,23.40153130140782
000338,2021,2021-12-31,102980,C36,9,6,2949,77922,0.002034587995930824,0.0001155001155001155,2.0345879959308237,0.11550011550011549,23705508932,90123960.76,121357115.93,0.159468,23.888973302506855
000338,2022,2022-12-31,102980,C36,14,10,2940,81099,0.003401360544217687,0.00017262851576468267,3.401360544217687,0.17262851576468266,11903870436,51395920.09,69056201.24,-0.41526,23.200129430989342
000338,2023,2023-12-31,102980,C36,7,7,2903,78878,0.002411298656562177,8.874464362686681e-05,2.411298656562177,0.0887446436268668,10342342779,67816006.71,92595004.61,0.378585,23.05951225483066
000338,2024,2024-12-31,102980,C36,11,11,2950,83226,0.003728813559322034,0.00013217023526301876,3.728813559322034,0.13217023526301877,17310455732,68255405.69,92934180.45,0.052381,23.574576533517597
000400,2020,2020-12-31,102298,C38,17,15,2111,48183,0.0071056371387967785,0.0003528215345661333,7.105637138796778,0.3528215345661333,5771130384,14579585.14,14580412.89,0.348189,22.476133805558124
000400,2021,2021-12-31,102298,C38,12,9,2117,48791,0.004251299008030231,0.0002459469984218401,4.251299008030231,0.2459469984218401,8369532058,26315842.82,26317342.76,0.811895,22.847863812955435
000400,2022,2022-12-31,102298,C38,10,8,2108,49727,0.003795066413662239,0.00020109799505298932,3.795066413662239,0.2010979950529893,8039141994,20135148.7,20136296.36,-0.231034,22.807588197402815
000400,2023,2023-12-31,102298,C38,11,10,2227,54498,0.00449034575662326,0.0002018422694410804,4.4903457566232605,0.2018422694410804,3179285357,22142403.25,22377444.43,0.10666,21.879922278294206
000400,2024,2024-12-31,102298,C38,9,8,2236,54031,0.0035778175313059034,0.00016657104254964741,3.5778175313059033,0.1665710425496474,4304127457,27759058.11,28049609.73,0.275592,22.182840273214996
000401,2020,2020-12-31,101861,C30,1,1,2351,58919,0.0004253509145044662,1.6972453707632512e-05,0.4253509145044662,0.016972453707632514,7579046576,19062981.6,19067449.23,-0.138742,22.74865324729113
000401,2021,2021-12-31,101861,C30,2,2,2677,66408,0.0007471049682480389,3.0116853391157692e-05,0.7471049682480388,0.030116853391157692,3353752544,16903897.26,29656510.29,-0.119435,21.933345718555852
000401,2022,2022-12-31,101861,C30,3,3,2573,67240,0.001165954139137194,4.46162998215348e-05,1.165954139137194,0.044616299821534804,2670947655,12734268.47,21877097.68,-0.249164,21.705699173727584
000401,2023,2023-12-31,101861,C30,3,3,2415,57551,0.0012422360248447205,5.21276780594603e-05,1.2422360248447206,0.0521276780594603,2170191209,9887245.6,16985991.49,-0.205346,21.498081115824235
000401,2024,2024-12-31,101861,C30,3,3,2696,67360,0.001112759643916914,4.453681710213777e-05,1.112759643916914,0.04453681710213777,2949727772,8092386.11,13902463.71,-0.181534,21.804978722701065
000402,2020,2020-12-31,101862,K70,0,0,2102,60297,0.0,0.0,0.0,0.0,2056980267,19270252.5,19278597.9,-0.168719,21.444504854960623
000402,2021,2021-12-31,101862,K70,0,0,2060,58249,0.0,0.0,0.0,0.0,5163900460,16911082.35,16917343.27,-0.075969,22.364958034183452
000402,2022,2022-12-31,101862,K70,0,0,2102,57629,0.0,0.0,0.0,0.0,7091133527,15686102.44,15691882.01,-0.067138,22.682111041721353
000402,2023,2023-12-31,101862,K70,0,0,2087,56888,0.0,0.0,0.0,0.0,3845556443,10845819.4,10849815.56,-0.305714,22.070184148288913
000402,2024,2024-12-31,101862,K70,1,1,2167,59631,0.00046146746654360867,1.6769800942462813e-05,0.46146746654360865,0.016769800942462814,12914244024,9741629.48,9743911.5,-0.101928,23.28159672713136
000403,2020,2020-12-31,101863,C27,0,0,2103,53009,0.0,0.0,0.0,0.0,845338635,18512190.2,18712517.31,1.115211,20.55524785770427
000403,2021,2021-12-31,101863,C27,0,0,2521,65135,0.0,0.0,0.0,0.0,811257893,15031156.62,20539756.04,-0.262368,20.51409655659779
000403,2022,2022-12-31,101863,C27,4,3,2190,54916,0.0013698630136986301,7.283851700779372e-05,1.36986301369863,0.07283851700779373,1520858799,13706827.84,16668515.9,-0.186015,21.14254101225219
000403,2023,2023-12-31,101863,C27,0,0,2105,53825,0.0,0.0,0.0,0.0,1502117459,17324222.08,19957269.66,0.20036,21.13014158962751
000403,2024,2024-12-31,101863,C27,0,0,2096,53102,0.0,0.0,0.0,0.0,1682373011,14468010.41,15447612.91,-0.211456,21.243471140854627
000404,2020,2020-12-31,101885,C34,4,4,2350,63854,0.001702127659574468,6.264290412503524e-05,1.702127659574468,0.06264290412503525,3166404222,3521737.59,3528699.61,0.288608,21.875862466502944
000404,2021,2021-12-31,101885,C34,2,2,2144,59600,0.0009328358208955224,3.355704697986577e-05,0.9328358208955224,0.03355704697986577,2530337438,3258123.13,3264221.14,-0.055227,21.651618505890987
000404,2022,2022-12-31,101885,C34,1,1,2500,65444,0.0004,1.5280239594156838e-05,0.4,0.015280239594156838,7822135490,3798886.58,3800138.05,0.196162,22.780223434914422
000404,2023,2023-12-31,101885,C34,4,4,2383,57078,0.001678556441460344,7.007954027821578e-05,1.678556441460344,0.07007954027821578,4610804393,4090818.05,4099416.32,0.115385,22.251668167670637
000404,2024,2024-12-31,101885,C34,5,4,2462,59594,0.0016246953696181965,8.390106386548981e-05,1.6246953696181965,0.0839010638654898,4403469783,5128119.87,5150370.24,0.298812,22.20565865437178
000407,2020,2020-12-31,101730,D45,1,1,1563,39651,0.0006397952655150352,2.5220044891679908e-05,0.6397952655150352,0.025220044891679907,3130302047,3721911.28,3740359.79,0.203652,21.86439533780102
000407,2021,2021-12-31,101730,D45,0,0,1648,43405,0.0,0.0,0.0,0.0,2971443037,3888302.61,3907575.87,0.049412,21.81231354314421
000407,2022,2022-12-31,101730,D45,0,0,1643,44009,0.0,0.0,0.0,0.0,6457300094,3371704.54,3388325.93,-0.125,22.588477125428376
000407,2023,2023-12-31,101730,D45,1,1,1644,41076,0.0006082725060827251,2.4345116369656246e-05,0.6082725060827251,0.024345116369656247,1993508502,3170278.03,3185906.45,-0.054545,21.413161990139017
000407,2024,2024-12-31,101730,D45,1,1,1700,42742,0.000588235294117647,2.3396191100088906e-05,0.588235294117647,0.023396191100088906,3158826020,2995122.05,3009889.52,-0.040055,21.873466283175652
000408,2020,2020-12-31,101731,C26,0,0,2798,58658,0.0,0.0,0.0,0.0,2070308889,3792624.14,15970173.97,0.085366,21.450963655313384
000408,2021,2021-12-31,101731,C26,0,0,3399,72764,0.0,0.0,0.0,0.0,6358894598,19412932.56,80808114.13,4.118602,22.57312039400389
000408,2022,2022-12-31,101731,C26,0,0,3356,72306,0.0,0.0,0.0,0.0,3533511873,41043898.85,41043898.85,-0.320293,21.985558078497064
000408,2023,2023-12-31,101731,C26,1,1,3487,76600,0.00028677946659019213,1.3054830287206266e-05,0.28677946659019216,0.013054830287206266,1798405750,40047806.64,40048224.75,0.043512,21.310166415501058
000408,2024,2024-12-31,101731,C26,3,3,3636,77101,0.0008250825082508251,3.891000116730003e-05,0.8250825082508251,0.038910001167300035,2757780126,43825007.03,43825464.57,0.136148,21.737691891239635
000409,2020,2020-12-31,101732,I65,3,3,2667,62302,0.0011248593925759281,4.815254726975057e-05,1.124859392575928,0.04815254726975057,932945900,1650919.16,2079489.81,-0.155602,20.653857773207655
000409,2021,2021-12-31,101732,I65,10,10,2478,56414,0.004035512510088781,0.00017726096359059807,4.035512510088781,0.17726096359059806,2312848064,2697447.77,3397692.2,0.633907,21.561745530619262
000409,2022,2022-12-31,101732,I65,47,45,2743,67645,0.016405395552314985,0.0006948037548968882,16.405395552314985,0.6948037548968882,3780481946,2713846.54,4257589.34,-0.03609,22.053117337656925
000409,2023,2023-12-31,101732,I65,61,54,2825,70450,0.01911504424778761,0.0008658623136976579,19.115044247787612,0.8658623136976579,4612816116,3920470.97,6150589.28,0.444618,22.2521043788156
000409,2024,2024-12-31,101732,I65,43,40,2993,73049,0.013364517206815904,0.000588645977357664,13.364517206815904,0.588645977357664,4784174286,3771981.63,6044904.9,-0.037797,22.28857928416024
000410,2020,2020-12-31,102759,C34,1,1,2263,51645,0.0004418912947414936,1.936295866008326e-05,0.44189129474149363,0.019362958660083262,1061222479,6202574.3,6214092.63,-0.45815,20.782687363569266
000410,2021,2021-12-31,102759,C34,0,0,2044,48292,0.0,0.0,0.0,0.0,1310633170,8471816.36,8487541.16,0.365854,20.993776194031163
000410,2022,2022-12-31,102759,C34,0,0,2173,52143,0.0,0.0,0.0,0.0,974855145,9446747.61,11603875.91,0.115079,20.697799449719643
000410,2023,2023-12-31,102759,C34,0,0,2166,52661,0.0,0.0,0.0,0.0,2648948711,11665556.65,14329341.42,0.234875,21.69742868578051
000410,2024,2024-12-31,102759,C34,1,1,2198,50904,0.00045495905368516835,1.9644821625019645e-05,0.45495905368516837,0.019644821625019643,3779567404,11951312.36,14680348.35,0.024496,22.0528753969071
000411,2020,2020-12-31,101624,F51,10,9,2570,57386,0.003501945525291829,0.0001742585299550413,3.501945525291829,0.1742585299550413,2399204630,4017952.61,4824455.94,0.597453,21.598403115623952
000411,2021,2021-12-31,101624,F51,9,8,2745,63547,0.0029143897996357013,0.00014162745684296663,2.914389799635701,0.14162745684296663,1006498633,3040809.61,3743814.36,-0.240196,20.72974344586486
000411,2022,2022-12-31,101624,F51,6,5,2624,62681,0.0019054878048780487,9.572278680939998e-05,1.9054878048780488,0.09572278680939998,1910953607,3456614.88,3556992.03,-0.039291,21.37086822561474
000411,2023,2023-12-31,101624,F51,7,6,2932,67541,0.0020463847203274215,0.0001036407515435069,2.0463847203274215,0.1036407515435069,1572319907,3593842.55,5856485.81,-0.020225,21.175818014066127
000411,2024,2024-12-31,101624,F51,7,6,2933,65606,0.002045687009887487,0.00010669755815016919,2.0456870098874873,0.1066975581501692,1177341477,3438102.98,5560892.97,-0.022792,20.88652474888963
000415,2020,2020-12-31,101742,L71,0,0,3050,74520,0.0,0.0,0.0,0.0,6784350347,8513751.85,14842851.08,-0.368421,22.637884377380846
000415,2021,2021-12-31,101742,L71,0,0,3217,77099,0.0,0.0,0.0,0.0,6847312196,10323071.44,17996956.93,0.2125,22.647122032219368
000415,2022,2022-12-31,101742,L71,0,0,3133,74923,0.0,0.0,0.0,0.0,6132765048,9405762.22,13667792.03,-0.24055,22.536911553546148
000415,2023,2023-12-31,101742,L71,0,0,2908,71226,0.0,0.0,0.0,0.0,7918028605,11540461.75,13234875.54,-0.031674,22.79240809840483
000415,2024,2024-12-31,101742,L71,0,0,2895,70702,0.0,0.0,0.0,0.0,29664875716,20330526.16,23315645.23,0.761682,24.113229547098268
000417,2020,2020-12-31,101817,F52,3,3,2556,56188,0.0011737089201877935,5.339218338435253e-05,1.1737089201877935,0.05339218338435253,2686403460,3754912.31,3759041.84,-0.006085,21.711469132627997
000417,2021,2021-12-31,101817,F52,0,0,2634,59681,0.0,0.0,0.0,0.0,1374602865,3435511.06,3439289.32,-0.072614,21.041430701619777
000417,2022,2022-12-31,101817,F52,3,3,2496,55888,0.001201923076923077,5.3678786143716006e-05,1.201923076923077,0.053678786143716004,3741457287,4245699.61,4250368.89,0.249433,22.042741021677177
000417,2023,2023-12-31,101817,F52,2,2,2790,61696,0.0007168458781362007,3.241701244813278e-05,0.7168458781362007,0.03241701244813278,4250291565,3887346.98,3891622.16,-0.07156,22.170253421294312
000417,2024,2024-12-31,101817,F52,2,2,2786,60562,0.0007178750897343862,3.3024008454146164e-05,0.7178750897343863,0.033024008454146166,4224494651,4970195.14,4975661.2,0.300601,22.16416548160774
000419,2020,2020-12-31,102323,F52,0,0,1744,37586,0.0,0.0,0.0,0.0,1210201847,2537164.22,2538531.0,0.021882,20.914052999171656
000419,2021,2021-12-31,102323,F52,0,0,1789,39120,0.0,0.0,0.0,0.0,738646282,2488313.29,2489608.56,0.012848,20.420329721565977
000419,2022,2022-12-31,102323,F52,1,1,1761,39127,0.0005678591709256105,2.555779896235336e-05,0.5678591709256104,0.025557798962353363,4410361003,4216006.8,4218201.4,0.729258,22.207222383372255
000419,2023,2023-12-31,102323,F52,0,0,1871,41860,0.0,0.0,0.0,0.0,3043797999,3053345.13,3054934.52,-0.256443,21.836371914691362
000419,2024,2024-12-31,102323,F52,0,0,1798,41048,0.0,0.0,0.0,0.0,2676748758,3103856.96,3103856.96,0.037367,21.707868745380615
000420,2020,2020-12-31,102343,C28,0,0,2232,45800,0.0,0.0,0.0,0.0,8727983492,3722651.0,3724635.58,-0.125,22.889800194205915
000420,2021,2021-12-31,102343,C28,0,0,2326,49011,0.0,0.0,0.0,0.0,12797016721,11421229.04,11427001.3,1.78836,23.272477912113526
000420,2022,2022-12-31,102343,C28,0,0,2231,47115,0.0,0.0,0.0,0.0,10562913262,9601037.36,10892786.76,-0.159393,23.080614954355447
000420,2023,2023-12-31,102343,C28,0,0,2514,47777,0.0,0.0,0.0,0.0,5049987888,7152861.9,7155306.88,-0.343115,22.34265168201298
000420,2024,2024-12-31,102343,C28,0,0,2516,49988,0.0,0.0,0.0,0.0,16086013744,8873445.5,8876514.72,0.24055,23.501216019897647
000421,2020,2020-12-31,102344,D45,8,8,2225,52554,0.0035955056179775282,0.00015222437873425428,3.5955056179775284,0.1522243787342543,2968374761,3882546.21,3882546.21,0.511038,21.81128042180069
000421,2021,2021-12-31,102344,D45,3,3,2463,59973,0.001218026796589525,5.00225101295583e-05,1.2180267965895248,0.0500225101295583,1528588172,2828875.85,2828875.85,-0.261799,21.147610383598025
000421,2022,2022-12-31,102344,D45,2,2,2459,61035,0.0008133387555917039,3.276808388629475e-05,0.813338755591704,0.03276808388629475,3766360414,2800243.51,2828043.16,0.010121,22.04937496493889
000421,2023,2023-12-31,102344,D45,1,1,2509,59579,0.00039856516540454366,1.6784437469578206e-05,0.3985651654045437,0.016784437469578205,3583506594,4002802.07,4042050.92,0.449898,21.99960765377607
000421,2024,2024-12-31,102344,D45,7,7,2733,66159,0.002561287961946579,0.00010580571048534591,2.561287961946579,0.10580571048534591,7833352083,3721220.57,3732875.24,-0.058655,22.781656363127677
000422,2020,2020-12-31,102303,C26,0,0,2596,56208,0.0,0.0,0.0,0.0,1340150801,2873001.55,2873173.48,0.103448,21.016047983383185
000422,2021,2021-12-31,102303,C26,0,0,2768,63619,0.0,0.0,0.0,0.0,12978337493,19132394.69,19133539.63,5.659375,23.28654745789279
000422,2022,2022-12-31,102303,C26,0,0,2839,67598,0.0,0.0,0.0,0.0,9937978618,13206890.88,13207619.33,-0.309714,23.019629478685303
000422,2023,2023-12-31,102303,C26,0,0,3156,73248,0.0,0.0,0.0,0.0,2591785827,9391167.82,11065285.81,-0.282121,21.67561298393613
000422,2024,2024-12-31,102303,C26,1,1,3591,85828,0.000278473962684489,1.1651209395535256e-05,0.278473962684489,0.011651209395535257,7579551919,12712279.22,13666383.67,0.237094,22.748719921396958
000423,2020,2020-12-31,102324,C27,1,1,2168,48409,0.00046125461254612545,2.0657315788386457e-05,0.46125461254612543,0.020657315788386456,1720352493,25311203.69,25317173.7,0.100172,21.265795045146866
000423,2021,2021-12-31,102324,C27,2,2,2175,48998,0.0009195402298850574,4.0817992571125354e-05,0.9195402298850575,0.04081799257112535,1966695264,31876031.51,31883549.93,0.267236,21.399620440609674
000423,2022,2022-12-31,102324,C27,0,0,1927,46512,0.0,0.0,0.0,0.0,1625246812,26618676.56,26618676.56,-0.151588,21.20892552611784
000423,2023,2023-12-31,102324,C27,0,0,2168,49424,0.0,0.0,0.0,0.0,1180649280,31760936.96,31760936.96,0.24074,20.889330362234084
000423,2024,2024-12-31,102324,C27,0,0,2115,48747,0.0,0.0,0.0,0.0,1694173942,40390226.4,40390226.4,0.331121,21.250461109723037
000425,2020,2020-12-31,101882,C35,7,7,2555,65219,0.0027397260273972603,0.00010733068584308254,2.73972602739726,0.10733068584308254,25201687795,37563350.85,42066799.47,-0.007313,23.95017680525274
000425,2021,2021-12-31,101882,C35,10,9,2641,66582,0.0034078000757288905,0.00015019074224264817,3.4078000757288907,0.15019074224264817,26054336761,46847244.48,46923673.9,0.134078,23.983450069677513
000425,2022,2022-12-31,101882,C35,5,4,2633,69559,0.0015191796429927839,7.188142440230595e-05,1.519179642992784,0.07188142440230595,9978995400,24522325.81,59907962.09,-0.115192,23.023748260980657
000425,2023,2023-12-31,101882,C35,7,6,2754,74267,0.002178649237472767,9.425451411797972e-05,2.1786492374727673,0.09425451411797972,16321782782,44335689.06,64516266.87,0.106509,23.515766419670623
000425,2024,2024-12-31,101882,C35,6,5,2784,75366,0.0017959770114942528,7.961149590000795e-05,1.7959770114942528,0.07961149590000796,22060847604,64392331.22,93702197.12,0.485348,23.817070272744424
000426,2020,2020-12-31,107585,B09,0,0,2131,54947,0.0,0.0,0.0,0.0,6250156173,11566149.77,14403587.0,0.577465,22.55587228822253
000426,2021,2021-12-31,107585,B09,0,0,2286,60846,0.0,0.0,0.0,0.0,7633676729,10681477.83,13301271.67,-0.076531,22.755835444289517
000426,2022,2022-12-31,107585,B09,2,2,2504,68949,0.0007987220447284345,2.900694716384574e-05,0.7987220447284344,0.02900694716384574,6693791904,8983007.25,11188500.61,-0.15884,22.624446352458197
000426,2023,2023-12-31,107585,B09,0,0,2723,75390,0.0,0.0,0.0,0.0,5023094077,13419149.15,16681705.35,0.49376,22.33731193098348
000426,2024,2024-12-31,107585,B09,0,0,2723,72483,0.0,0.0,0.0,0.0,8096406154,19740618.36,19745069.42,0.231828,22.81468611559978
000428,2020,2020-12-31,101883,H61,0,0,2605,58375,0.0,0.0,0.0,0.0,3600969951,2689755.95,2689964.64,0.007634,22.004469077229544
000428,2021,2021-12-31,101883,H61,0,0,2442,59982,0.0,0.0,0.0,0.0,2975018958,3209440.5,3209616.9,0.193182,21.813516248696807
000428,2022,2022-12-31,101883,H61,0,0,2184,57740,0.0,0.0,0.0,0.0,14489662340,6694058.03,6694343.82,1.085714,23.396701290108936
000428,2023,2023-12-31,101883,H61,0,0,2127,52633,0.0,0.0,0.0,0.0,6869782232,4157040.6,4157218.08,-0.378995,22.650398244424995
000428,2024,2024-12-31,101883,H61,0,0,2169,54543,0.0,0.0,0.0,0.0,5804847804,3260403.2,3260563.2,-0.215686,22.48195923383698
000429,2020,2020-12-31,101884,G54,2,2,2097,49969,0.0009537434430138292,4.002481538553903e-05,0.9537434430138293,0.04002481538553903,763212026,7882561.54,10540052.58,-0.216465,20.45304643662198
000429,2021,2021-12-31,101884,G54,0,0,2083,49181,0.0,0.0,0.0,0.0,1020840062,9641480.23,12891965.14,0.27124,20.74389171645395
000429,2022,2022-12-31,101884,G54,3,2,2080,49471,0.0009615384615384616,6.064158800105112e-05,0.9615384615384616,0.06064158800105112,749371544,10191994.12,13623671.27,0.133784,20.434745473226666
000429,2023,2023-12-31,101884,G54,0,0,2027,48671,0.0,0.0,0.0,0.0,1566427993,11026171.0,14738652.04,0.136573,21.172063701133432
000429,2024,2024-12-31,101884,G54,3,3,2030,50178,0.001477832512315271,5.978715771852206e-05,1.4778325123152711,0.05978715771852206,2943826419,19158949.62,25609054.13,0.802246,21.80297607547697
000498,2020,2020-12-31,10856,E48,8,7,3481,86039,0.002010916403332376,9.298108997082718e-05,2.010916403332376,0.09298108997082719,2506324342,1947766.87,7395556.21,0.032051,21.64208311162161
000498,2021,2021-12-31,10856,E48,4,4,3468,89301,0.0011534025374855825,4.479233155283816e-05,1.1534025374855825,0.044792331552838155,3053014098,4603187.46,9628613.06,0.322105,21.839395168769066
000498,2022,2022-12-31,10856,E48,3,3,3581,92665,0.0008377548170901983,3.2374682997895645e-05,0.8377548170901983,0.03237468299789564,8752843290,10012833.12,10721093.94,0.131877,22.89264443207477
000498,2023,2023-12-31,10856,E48,2,2,3919,98907,0.0005103342689461597,2.022101570161869e-05,0.5103342689461597,0.020221015701618692,2902046503,8222269.25,8803971.21,-0.15575,21.788682016090487
000498,2024,2024-12-31,10856,E48,3,3,3886,99018,0.0007720020586721565,3.029752166272799e-05,0.7720020586721564,0.03029752166272799,3270188737,8674523.18,9287933.94,0.092199,21.908113538232765
000501,2020,2020-12-31,10858,F52,2,2,2291,51476,0.0008729812309035355,3.8853057735643796e-05,0.8729812309035355,0.0388530577356438,5248940937,8944782.21,8958765.32,-0.106175,22.38129216710526
000501,2021,2021-12-31,10858,F52,0,0,2243,50116,0.0,0.0,0.0,0.0,2694622889,8072448.72,8082113.6,-0.084979,21.714524102017254
000501,2022,2022-12-31,10858,F52,0,0,2254,51055,0.0,0.0,0.0,0.0,2386199732,8602419.19,8612718.59,0.080875,21.59296786751258
000501,2023,2023-12-31,10858,F52,1,1,2433,55055,0.0004110152075626798,1.8163654527290892e-05,0.4110152075626798,0.018163654527290893,1775469699,6543983.17,6551818.07,-0.234821,21.29733084458648
000501,2024,2024-12-31,10858,F52,5,5,2922,59326,0.0017111567419575632,8.428007956039511e-05,1.7111567419575633,0.08428007956039511,2620772283,8036354.1,8043663.97,0.245305,21.68673487617028
000502,2020,2020-12-31,101188,K70,0,0,1798,41207,0.0,0.0,0.0,0.0,976473720,1695968.6,1709581.36,0.297335,20.699458396500557
000502,2021,2021-12-31,101188,K70,3,3,2047,49036,0.0014655593551538837,6.11795415613019e-05,1.4655593551538837,0.0611795415613019,380317259,1096420.78,1105221.25,-0.353514,19.756516357090803
000503,2020,2020-12-31,101480,I64,26,22,2060,46026,0.010679611650485437,0.0005648981010733064,10.679611650485437,0.5648981010733064,3081581626,7513800.23,7513800.23,-0.511682,21.848708817387795
000503,2021,2021-12-31,101480,I64,21,19,2166,49556,0.008771929824561403,0.0004237630155783356,8.771929824561402,0.4237630155783356,3744432755,15189380.85,15331222.55,1.021531,22.04353597542061
000503,2022,2022-12-31,101480,I64,25,21,2157,52904,0.009735744089012517,0.0004725540601844851,9.735744089012517,0.4725540601844851,5689446934,9131604.11,9208728.67,-0.398817,22.461878880887717
000503,2023,2023-12-31,101480,I64,18,17,2269,57020,0.00749228735125606,0.0003156787092248334,7.49228735125606,0.3156787092248334,4677426173,11845919.5,12970884.33,0.297244,22.266013832770433
000503,2024,2024-12-31,101480,I64,29,26,2357,58329,0.01103097157403479,0.0004971797904987227,11.03097157403479,0.49717979049872274,6782431371,10486660.04,10774347.45,-0.16692,22.637601484053246
000505,2020,2020-12-31,101482,C13,0,0,2146,54545,0.0,0.0,0.0,0.0,7916815025,4037187.8,5878340.23,0.614545,22.792254818709672
000505,2021,2021-12-31,101482,C13,2,2,2252,56504,0.0008880994671403197,3.539572419651706e-05,0.8880994671403197,0.03539572419651706,2516604461,4541051.28,4852278.59,-0.17455,21.64617639414767
000505,2022,2022-12-31,101482,C13,0,0,2263,57087,0.0,0.0,0.0,0.0,6922540405,5028604.45,5361999.53,0.105048,22.658048649900987
000505,2023,2023-12-31,101482,C13,0,0,2313,61127,0.0,0.0,0.0,0.0,1459887677,4316760.49,4527910.72,-0.155556,21.10162533683046
000505,2024,2024-12-31,101482,C13,1,1,2274,59608,0.00043975373790677223,1.677627164139042e-05,0.43975373790677225,0.01677627164139042,2323017412,3895462.87,4077767.55,-0.089035,21.56613278661705
000506,2020,2020-12-31,107583,B09,6,6,2105,50272,0.0028503562945368173,0.00011935073201782304,2.8503562945368173,0.11935073201782304,6127802990,2228686.11,2229642.63,-0.166667,22.53610211987966
000506,2021,2021-12-31,107583,B09,1,1,2143,52542,0.0004666355576294914,1.9032393133112558e-05,0.4666355576294914,0.019032393133112557,7150564717,2980788.22,2982147.01,0.3375,22.690457172071913
000506,2022,2022-12-31,107583,B09,0,0,2025,49862,0.0,0.0,0.0,0.0,9842188294,2999607.2,3000727.37,0.006231,23.009943910989346
000506,2023,2023-12-31,107583,B09,0,0,1939,47940,0.0,0.0,0.0,0.0,15275840128,3835411.07,3836843.35,0.278638,23.449538340753477
000506,2024,2024-12-31,107583,B09,0,0,2179,53780,0.0,0.0,0.0,0.0,13670167584,3686823.72,3688200.51,-0.038741,23.338481746934118
000507,2020,2020-12-31,101483,G55,0,0,2820,66999,0.0,0.0,0.0,0.0,2395647335,4778036.16,5284813.4,-0.066775,21.596919317718555
000507,2021,2021-12-31,101483,G55,0,0,3049,82109,0.0,0.0,0.0,0.0,4575791563,5365123.99,5941487.42,0.147975,22.24404554016131
000507,2022,2022-12-31,101483,G55,0,0,3004,82595,0.0,0.0,0.0,0.0,3854479301,5062114.79,5159712.76,-0.113003,22.0725017640217
000507,2023,2023-12-31,101483,G55,0,0,3345,80878,0.0,0.0,0.0,0.0,1953859379,4746296.58,4837805.55,-0.049768,21.39307242277779
000507,2024,2024-12-31,101483,G55,0,0,3514,87517,0.0,0.0,0.0,0.0,2720465553,4601922.54,4690647.96,-0.028137,21.724068862167016
000509,2020,2020-12-31,107866,Q83,0,0,2169,42728,0.0,0.0,0.0,0.0,3910832090,2220240.86,2886714.46,0.120833,22.08701599930008
000509,2021,2021-12-31,107866,Q83,1,1,2031,48779,0.0004923682914820286,2.0500625269070705e-05,0.4923682914820286,0.020500625269070705,1652301060,2402102.78,3122802.63,0.081784,21.225434735756217
000509,2022,2022-12-31,107866,Q83,3,3,1999,44361,0.0015007503751875938,6.762696963549064e-05,1.5007503751875937,0.06762696963549064,3307290889,4077817.27,4077886.6,0.305842,21.919395228976647
000509,2023,2023-12-31,107866,Q83,2,2,2106,47883,0.000949667616334283,4.176847733015893e-05,0.9496676163342831,0.04176847733015893,2560710553,4303182.36,4303243.49,0.055263,21.663550617081437
000509,2024,2024-12-31,107866,Q83,5,2,2405,55552,0.0008316008316008316,9.00057603686636e-05,0.8316008316008316,0.0900057603686636,4400776012,3573505.61,3573516.41,-0.169576,22.205046728910776
000510,2020,2020-12-31,101181,C26,0,0,2231,48143,0.0,0.0,0.0,0.0,3549673263,2566067.66,2844881.13,0.122596,21.990121397888093
000510,2021,2021-12-31,101181,C26,1,1,2395,51446,0.0004175365344467641,1.9437857170625512e-05,0.41753653444676414,0.019437857170625513,4468465379,3222112.24,3600267.12,0.265525,22.22031087118941
000510,2022,2022-12-31,101181,C26,0,0,2154,48463,0.0,0.0,0.0,0.0,5427708485,3331265.15,3569808.01,-0.00846,22.41478287187625
000510,2023,2023-12-31,101181,C26,0,0,2472,55198,0.0,0.0,0.0,0.0,2585920245,3216263.46,3454063.38,-0.032423,21.673347276139907
000510,2024,2024-12-31,101181,C26,0,0,2403,55920,0.0,0.0,0.0,0.0,3884620945,2042292.54,2334756.92,-0.365079,22.080291247408727
000513,2020,2020-12-31,101183,C27,3,3,3911,107664,0.000767067246228586,2.7864467231386535e-05,0.767067246228586,0.027864467231386535,2449538874,24515141.55,25311332.75,0.235908,21.619165629502803
000513,2021,2021-12-31,101183,C27,2,2,4095,111977,0.0004884004884004884,1.786081070219777e-05,0.4884004884004884,0.01786081070219777,1930177631,24327857.18,25124616.11,0.023704,21.38087787293373
000513,2022,2022-12-31,101183,C27,2,2,4302,118065,0.00046490004649000463,1.6939821284885445e-05,0.46490004649000466,0.016939821284885446,2282137139,19678344.79,20323433.35,-0.15991,21.54837818298724
000513,2023,2023-12-31,101183,C27,3,3,3895,93331,0.0007702182284980744,3.2143660734375504e-05,0.7702182284980744,0.0321436607343755,1306628453,20727604.26,21499883.34,0.127155,20.99071595726529
000513,2024,2024-12-31,101183,C27,4,4,3187,82775,0.0012550988390335738,4.832376925400181e-05,1.2550988390335738,0.04832376925400181,1432771894,22204656.01,22963145.89,0.123965,21.08287679308009
000514,2020,2020-12-31,101475,K70,0,0,2416,49077,0.0,0.0,0.0,0.0,1714074937,3197891.96,3197891.96,-0.18896,21.262139377286445
000514,2021,2021-12-31,101475,K70,0,0,2487,49857,0.0,0.0,0.0,0.0,1350690465,3341333.02,3341333.02,0.051451,21.023881754943854
000514,2022,2022-12-31,101475,K70,0,0,2469,52680,0.0,0.0,0.0,0.0,10416106799,3619777.44,3619777.44,0.088384,23.066619175816278
000514,2023,2023-12-31,101475,K70,0,0,1910,49383,0.0,0.0,0.0,0.0,5266773537,3518524.92,3518524.92,-0.02331,22.384683780130658
000514,2024,2024-12-31,101475,K70,0,0,1916,49847,0.0,0.0,0.0,0.0,7515163301,3467898.67,3467898.67,-0.011511,22.740188590054974
000516,2020,2020-12-31,101555,Q83,8,8,2534,55098,0.0031570639305445935,0.00014519583287959635,3.1570639305445933,0.14519583287959636,8442182065,24246708.98,24776089.73,1.591753,22.85650665076452
000516,2021,2021-12-31,101555,Q83,3,3,2639,57315,0.0011367942402425162,5.234231876472128e-05,1.1367942402425162,0.05234231876472128,12128141289,20887016.32,25103478.67,-0.122514,23.218794315679624
000516,2022,2022-12-31,101555,Q83,8,8,2359,54775,0.003391267486222976,0.0001460520310360566,3.3912674862229757,0.1460520310360566,8740828380,23253160.03,27849124.04,0.109701,22.891270802557255
000516,2023,2023-12-31,101555,Q83,7,7,2330,53345,0.0030042918454935624,0.00013122129534164401,3.0042918454935625,0.131221295341644,5678141444,15405314.57,18335165.19,-0.337418,22.45988980574715
000516,2024,2024-12-31,101555,Q83,11,10,2483,56412,0.004027386226339106,0.00019499397291356449,4.0273862263391065,0.1949939729135645,6816216933,11743587.74,11934820.74,-0.348952,22.642570453138312
000517,2020,2020-12-31,101557,K70,0,0,2071,47265,0.0,0.0,0.0,0.0,4788983030,7172736.22,9233375.21,0.086957,22.289583914972145
000517,2021,2021-12-31,101557,K70,0,0,2083,47557,0.0,0.0,0.0,0.0,3628166752,6142576.5,7832449.31,-0.139655,22.01199333093246
000517,2022,2022-12-31,101557,K70,0,0,2060,46648,0.0,0.0,0.0,0.0,13109866446,7364912.37,9392571.33,0.264228,23.296630947561052
000517,2023,2023-12-31,101557,K70,0,0,2039,45033,0.0,0.0,0.0,0.0,5570767682,6105366.72,7800610.09,-0.061017,22.44079870598472
000517,2024,2024-12-31,101557,K70,3,2,2025,43175,0.0009876543209876543,6.948465547191661e-05,0.9876543209876544,0.06948465547191661,9469682634,5557129.71,7100147.14,0.040816,22.971361230911242
000519,2020,2020-12-31,101559,C35,0,0,2923,62381,0.0,0.0,0.0,0.0,14028465032,13942754.53,13953441.0,0.320866,23.364354319017057
000519,2021,2021-12-31,101559,C35,0,0,2712,57409,0.0,0.0,0.0,0.0,15520970276,37111104.12,37139548.05,1.661677,23.465457867595262
000519,2022,2022-12-31,101559,C35,0,0,2584,57648,0.0,0.0,0.0,0.0,11353573211,27329071.43,27349858.41,-0.261717,23.152798351768794
000519,2023,2023-12-31,101559,C35,0,0,2833,59408,0.0,0.0,0.0,0.0,6868836409,19551528.11,19551528.11,-0.282332,22.650260556200863
000519,2024,2024-12-31,101559,C35,0,0,2794,62286,0.0,0.0,0.0,0.0,8810639052,20122477.29,20122477.29,0.03312,22.899225811494222
000520,2020,2020-12-31,101561,G55,0,0,2060,40349,0.0,0.0,0.0,0.0,1629934014,3441083.75,3441083.75,-0.194313,21.21180536935059
000520,2021,2021-12-31,101561,G55,0,0,2454,50404,0.0,0.0,0.0,0.0,2352525157,3471446.25,3471446.25,0.008824,21.57875512352178
000520,2022,2022-12-31,101561,G55,0,0,2333,47197,0.0,0.0,0.0,0.0,6492155302,3299392.06,3299392.06,-0.049563,22.593860408524577
000520,2023,2023-12-31,101561,G55,0,0,2200,43680,0.0,0.0,0.0,0.0,3087392756,2803471.17,2803471.17,-0.150307,21.85059280372235
000520,2024,2024-12-31,101561,G55,0,0,2281,47546,0.0,0.0,0.0,0.0,11617072986,4736550.57,4736550.57,0.689531,23.175741662233257
000521,2020,2020-12-31,101562,C38,5,5,2652,79355,0.001885369532428356,6.300800201625606e-05,1.885369532428356,0.06300800201625606,7158070443,5287523.47,5350987.88,0.781341,22.69150629053827
000521,2021,2021-12-31,101562,C38,13,10,2674,79847,0.0037397157816005983,0.00016281137675804976,3.7397157816005984,0.16281137675804977,7334572477,3209629.25,3240614.77,-0.386139,22.7158649616348
000521,2022,2022-12-31,101562,C38,8,6,2501,74904,0.0023990403838464614,0.00010680337498664957,2.3990403838464616,0.10680337498664957,9060905093,3687155.09,3717435.48,0.160763,22.927234852011626
000521,2023,2023-12-31,101562,C38,2,2,2651,76009,0.0007544322897019992,2.6312673499190884e-05,0.7544322897019993,0.026312673499190885,5883719451,4928009.14,4973675.85,0.35867,22.49545495873923
000521,2024,2024-12-31,101562,C38,2,2,2590,75028,0.0007722007722007722,2.6656714826464785e-05,0.7722007722007722,0.026656714826464784,8039428734,7141822.5,7194948.47,0.502664,22.807623864752216
000523,2020,2020-12-31,101780,C26,0,0,3229,74399,0.0,0.0,0.0,0.0,2779714808,2558910.01,2560335.15,-0.446694,21.745614172695934
000523,2021,2021-12-31,101780,C26,0,0,3391,78915,0.0,0.0,0.0,0.0,2369378554,5249710.89,5385483.25,-0.181373,21.58589354462942
000523,2022,2022-12-31,101780,C26,1,1,2917,71620,0.00034281796366129587,1.3962580284836637e-05,0.34281796366129585,0.013962580284836637,3604662593,5287049.52,6191693.31,0.149701,22.005494009405776
000523,2023,2023-12-31,101780,C26,2,2,2908,77449,0.000687757909215956,2.5823445105811566e-05,0.687757909215956,0.025823445105811565,3731830373,4323280.56,5763370.97,-0.182292,22.040164667130057
000523,2024,2024-12-31,101780,C26,2,2,2768,69130,0.000722543352601156,2.8930999566035007e-05,0.722543352601156,0.028930999566035006,4195693444,5474195.06,5598178.81,-0.028662,22.157324465945948
000524,2020,2020-12-31,101781,L72,3,3,2601,66548,0.0011534025374855825,4.508024283224139e-05,1.1534025374855825,0.04508024283224139,2245404766,5300806.35,5301350.0,0.071963,21.532151638993735
000524,2021,2021-12-31,101781,L72,7,7,2738,70165,0.002556610664718773,9.976484001995297e-05,2.556610664718773,0.09976484001995298,640680645,4992543.9,4993054.05,-0.058154,20.27804167856754
000524,2022,2022-12-31,101781,L72,0,0,2721,73088,0.0,0.0,0.0,0.0,4478739414,8034278.64,8035801.08,0.609396,22.222607463198006
000524,2023,2023-12-31,101781,L72,2,2,2644,68631,0.0007564296520423601,2.9141350118751002e-05,0.7564296520423601,0.029141350118751002,1887958074,5970427.24,5971558.6,-0.256881,21.358761698385027
000524,2024,2024-12-31,101781,L72,8,8,2713,71441,0.002948765204570586,0.00011198051539032209,2.948765204570586,0.1119805153903221,3799138824,6485359.41,6487619.22,0.08642,22.058040252995426
000525,2020,2020-12-31,101782,C26,0,0,2590,64019,0.0,0.0,0.0,0.0,4045198674,3475814.71,3513675.88,-0.377572,22.120796502443536
000525,2021,2021-12-31,101782,C26,2,2,3054,72137,0.0006548788474132286,2.7725023219706946e-05,0.6548788474132285,0.027725023219706945,3434889420,5055730.49,5110801.28,0.454545,21.957250570253937
000525,2022,2022-12-31,101782,C26,3,3,2651,68579,0.001131648434552999,4.3745169804167454e-05,1.131648434552999,0.043745169804167455,3946801379,6664372.0,6736965.33,0.318182,22.096171310597573
000525,2023,2023-12-31,101782,C26,4,4,2854,71015,0.001401541695865452,5.632612828275716e-05,1.4015416958654519,0.05632612828275716,1526675034,4952664.44,4953992.61,-0.264655,21.14635802783042
000525,2024,2024-12-31,101782,C26,7,7,3207,80972,0.002182725288431556,8.644963691152497e-05,2.182725288431556,0.08644963691152498,2121980230,5910786.84,7749223.4,-0.220638,21.475615560883686
000526,2020,2020-12-31,107623,P82,11,11,2839,60516,0.0038746037337090526,0.00018177011038403068,3.8746037337090526,0.18177011038403068,431186745,5039661.66,5039661.66,0.684566,19.882051839609847
000526,2021,2021-12-31,107623,P82,5,5,3121,71005,0.0016020506247997437,7.041757622702627e-05,1.6020506247997437,0.07041757622702627,817527518,2122462.57,2236313.84,-0.637526,20.521795122554437
000526,2022,2022-12-31,107623,P82,5,5,2924,66120,0.001709986320109439,7.562008469449486e-05,1.7099863201094392,0.07562008469449487,1366284439,2102064.36,2102064.36,-0.060032,21.035360804822584
000526,2023,2023-12-31,107623,P82,2,2,3224,72753,0.0006203473945409429,2.749027531510728e-05,0.6203473945409429,0.02749027531510728,1465773947,5886957.82,6105014.2,1.80056,21.105649232068444
000526,2024,2024-12-31,107623,P82,28,19,2948,68168,0.006445047489823609,0.00041074991198216174,6.445047489823609,0.41074991198216176,798925290,5005287.59,5182831.26,-0.158632,20.498777996229947
000528,2020,2020-12-31,101693,C35,0,0,2339,60117,0.0,0.0,0.0,0.0,6003764208,10765196.58,10862781.33,0.082133,22.515652477627995
000528,2021,2021-12-31,101693,C35,7,7,2755,76218,0.002540834845735027,9.184182214175129e-05,2.540834845735027,0.0918418221417513,6528897821,11313413.61,11374107.15,0.085598,22.599503979158637
000528,2022,2022-12-31,101693,C35,4,3,2589,69956,0.0011587485515643105,5.7178798101663906e-05,1.1587485515643106,0.05717879810166391,2263611114,5638303.68,11495517.55,-0.216602,21.540227213540433
000528,2023,2023-12-31,101693,C35,7,6,2873,77440,0.002088409328228333,9.039256198347107e-05,2.088409328228333,0.09039256198347106,3399053636,9523167.23,13151126.92,0.163265,21.946762887765363
000528,2024,2024-12-31,101693,C35,15,11,2498,68247,0.004403522818254604,0.00021978988087388457,4.403522818254604,0.21978988087388457,8044352189,17297432.74,24245507.19,0.818795,22.80823609084218
000529,2020,2020-12-31,101772,C13,1,1,2786,62055,0.0003589375448671931,1.611473692691967e-05,0.35893754486719315,0.01611473692691967,2298766548,3863816.08,3958098.44,0.00438,21.555638532986855
000529,2021,2021-12-31,101772,C13,1,1,2918,66200,0.0003427004797806717,1.5105740181268882e-05,0.3427004797806717,0.015105740181268881,910601953,3590271.58,3677879.08,-0.054572,20.62961642670056
000529,2022,2022-12-31,101772,C13,0,0,2669,61550,0.0,0.0,0.0,0.0,2984709156,4997885.99,5119841.19,0.415873,21.816768144203024
000529,2023,2023-12-31,101772,C13,3,3,2728,56986,0.0010997067448680353,5.2644509177692766e-05,1.0997067448680353,0.05264450917769276,2693362155,3869514.92,3963936.34,-0.208666,21.714056122239192
000529,2024,2024-12-31,101772,C13,1,1,2970,62774,0.0003367003367003367,1.593016216905088e-05,0.3367003367003367,0.015930162169050882,2400450778,3362317.82,3444362.95,-0.108984,21.598922381246815
000530,2020,2020-12-31,101774,C34,0,0,1916,41715,0.0,0.0,0.0,0.0,2372051735,2909456.63,2924322.78,0.244275,21.58702112897388
000530,2021,2021-12-31,101774,C34,0,0,2020,46562,0.0,0.0,0.0,0.0,3272937496,3393614.46,3411709.91,0.168724,21.908953735735604
000530,2022,2022-12-31,101774,C34,1,1,2105,52402,0.00047505938242280285,1.9083241097668028e-05,0.4750593824228028,0.019083241097668027,12985729129,2679912.16,2695672.03,-0.208113,23.28711683219819
000530,2023,2023-12-31,101774,C34,0,0,2064,51471,0.0,0.0,0.0,0.0,4056277537,3204222.21,3213144.79,0.194196,22.123531527422905
000530,2024,2024-12-31,101774,C34,0,0,1969,49051,0.0,0.0,0.0,0.0,6066691143,3606110.24,3616292.17,0.131086,22.526079177078188
000531,2020,2020-12-31,101792,D44,0,0,1862,43760,0.0,0.0,0.0,0.0,1900045611,6576795.07,6576795.07,0.411936,21.36514372914645
000531,2021,2021-12-31,101792,D44,1,1,2002,50842,0.0004995004995004995,1.966877778214862e-05,0.4995004995004995,0.01966877778214862,2079602821,6398673.54,6398673.54,-0.001042,21.455442761464642
000531,2022,2022-12-31,101792,D44,2,1,2023,52425,0.0004943153732081067,3.8149737720553174e-05,0.4943153732081067,0.038149737720553176,2223973805,5080574.19,5080574.19,-0.186724,21.52256143538769
000531,2023,2023-12-31,101792,D44,0,0,2015,53471,0.0,0.0,0.0,0.0,1377144257,5499844.88,6966974.91,0.093851,21.043277813732953
000531,2024,2024-12-31,101792,D44,0,0,2293,61172,0.0,0.0,0.0,0.0,1942373909,5240132.71,5998471.67,-0.124066,21.387176726902343
000532,2020,2020-12-31,101793,S90,1,1,2419,59986,0.00041339396444811904,1.667055646317474e-05,0.41339396444811904,0.01667055646317474,2289775968,4026403.02,4039981.74,-0.011775,21.551719819595874
000532,2021,2021-12-31,101793,S90,1,1,2393,60435,0.0004178854993731718,1.654670306941342e-05,0.41788549937317176,0.01654670306941342,2111349020,4091677.47,4105476.33,0.021331,21.470592926585017
000532,2022,2022-12-31,101793,S90,0,0,2297,56720,0.0,0.0,0.0,0.0,1126532782,3700030.76,3712508.82,-0.09068,20.842410419055383
000532,2023,2023-12-31,101793,S90,1,1,2249,55628,0.00044464206313917296,1.7976558567627815e-05,0.444642063139173,0.017976558567627816,1267646706,4119161.45,4133053.0,0.118849,20.96042803189931
000532,2024,2024-12-31,101793,S90,2,2,2388,57492,0.0008375209380234506,3.478744868851319e-05,0.8375209380234506,0.03478744868851319,5170731672,4534856.65,4550150.09,0.106339,22.366280038277324
000533,2020,2020-12-31,101794,C38,0,0,2319,50944,0.0,0.0,0.0,0.0,3902810187,2082103.3,2100080.64,0.105455,22.084962691628196
000533,2021,2021-12-31,101794,C38,0,0,2298,50980,0.0,0.0,0.0,0.0,5292470360,3212192.26,3239927.04,0.542763,22.389550960768666
000533,2022,2022-12-31,101794,C38,0,0,2485,57383,0.0,0.0,0.0,0.0,7243110464,2588931.07,2611284.48,-0.19403,22.703316573320397
000533,2023,2023-12-31,101794,C38,2,2,2563,58416,0.0007803355442840422,3.423719528896193e-05,0.7803355442840422,0.03423719528896193,3009239954,3212192.26,3239927.04,0.240741,21.824953377177508
000533,2024,2024-12-31,101794,C38,8,8,2673,63007,0.0029928918817807705,0.0001269700192042154,2.9928918817807704,0.1269700192042154,4516099059,4150508.54,4186344.96,0.292111,22.23091441833426
000534,2020,2020-12-31,102275,C27,0,0,2174,54949,0.0,0.0,0.0,0.0,1456318364,6723823.91,6727620.11,0.479526,21.099177420099107
000534,2021,2021-12-31,102275,C27,0,0,2398,61490,0.0,0.0,0.0,0.0,1031032516,8817646.27,8893092.94,0.315789,20.75382658076613
000534,2022,2022-12-31,102275,C27,0,0,2277,58864,0.0,0.0,0.0,0.0,1388134524,6943072.59,7058785.65,-0.21126,21.0512266143634
000534,2023,2023-12-31,102275,C27,0,0,2434,64026,0.0,0.0,0.0,0.0,1255106706,6472863.9,6663299.51,-0.068085,20.950486431413704
000534,2024,2024-12-31,102275,C27,0,0,2543,69254,0.0,0.0,0.0,0.0,1301306159,6429051.76,6565200.59,-0.007639,20.98663433546359
000536,2020,2020-12-31,101903,C39,8,5,2437,64350,0.002051702913418137,0.00012432012432012432,2.051702913418137,0.12432012432012432,8848707505,8068200.95,8076815.78,0.081481,22.903537240780935
000536,2021,2021-12-31,101903,C39,19,14,2373,59329,0.0058997050147492625,0.0003202481080078882,5.899705014749262,0.3202481080078882,5458398871,6797182.99,6804440.7,-0.157534,22.4204213368115
000536,2022,2022-12-31,101903,C39,18,14,2385,59994,0.005870020964360587,0.00030003000300030005,5.870020964360587,0.3000300030003,4955971006,5194595.13,5200141.67,-0.235772,22.323858950615485
000536,2023,2023-12-31,101903,C39,9,8,2332,56283,0.003430531732418525,0.0001599061883694899,3.4305317324185247,0.1599061883694899,26958342287,10803652.64,10815188.26,1.079787,24.017558633266237
000536,2024,2024-12-31,101903,C39,9,8,2447,57646,0.0032693093583980384,0.00015612531658744751,3.2693093583980386,0.15612531658744752,31861547706,12461502.15,12474807.94,0.153453,24.184665718622558
000537,2020,2020-12-31,102273,K70,2,2,2490,67452,0.0008032128514056225,2.965071458222143e-05,0.8032128514056225,0.029650714582221432,2444890352,10855921.47,11678004.91,-0.15444,21.61726611346889
000537,2021,2021-12-31,102273,K70,2,2,2807,79585,0.0007125044531528322,2.5130363762015455e-05,0.7125044531528322,0.025130363762015457,4080041937,41726907.09,44886749.35,2.883573,22.129373104231224
000537,2022,2022-12-31,102273,K70,0,0,2967,76255,0.0,0.0,0.0,0.0,7359314832,24641149.13,24641149.13,-0.446888,22.71923267201135
000537,2023,2023-12-31,102273,K70,4,4,3013,68375,0.001327580484566877,5.850091407678245e-05,1.3275804845668768,0.05850091407678245,2256199023,17936074.53,17936074.53,-0.26455,21.536947386549237
000537,2024,2024-12-31,102273,K70,2,2,3260,79773,0.0006134969325153375,2.5071139357928122e-05,0.6134969325153374,0.02507113935792812,2768291373,18847361.47,18847413.45,-0.034268,21.741496134335254
000538,2020,2020-12-31,102274,C27,7,5,2804,71644,0.001783166904422254,9.770532075261013e-05,1.783166904422254,0.09770532075261013,1651664592,68406166.32,145113016.81,0.303813,21.22504946055997
000538,2021,2021-12-31,102274,C27,12,9,3221,85010,0.0027941633033219497,0.00014115986354546525,2.7941633033219495,0.14115986354546525,1902628511,63198183.56,133861668.63,-0.044454,21.366502194433238
000538,2022,2022-12-31,102274,C27,20,17,3316,89811,0.005126658624849216,0.0002226898709512198,5.126658624849216,0.22268987095121978,1512374384,91574566.8,97677448.16,-0.257487,21.136946693180658
000538,2023,2023-12-31,102274,C27,24,22,3062,76817,0.007184846505551927,0.00031243084213129904,7.184846505551927,0.312430842131299,1542687848,87728679.94,88315794.28,-0.067881,21.15679208850077
000538,2024,2024-12-31,102274,C27,14,14,3140,78938,0.0044585987261146496,0.00017735437938635386,4.45859872611465,0.17735437938635387,2400125671,106075532.1,106966543.05,0.286673,21.598786936262734
000539,2020,2020-12-31,102276,D44,0,0,2791,70286,0.0,0.0,0.0,0.0,1737079578,9909154.74,17273278.83,-0.02439,21.275471137203155
000539,2021,2021-12-31,102276,D44,0,0,2695,70655,0.0,0.0,0.0,0.0,5252629953,15706550.05,27379037.31,0.615979,22.381994731738622
000539,2022,2022-12-31,102276,D44,1,1,2487,64014,0.0004020908725371934,1.5621582778767144e-05,0.4020908725371934,0.015621582778767143,7599571641,14174215.48,24707911.72,-0.097561,22.75135771975551
000539,2023,2023-12-31,102276,D44,1,1,2636,68369,0.00037936267071320183,1.462651201567962e-05,0.37936267071320184,0.01462651201567962,8571531660,12488628.21,21769673.57,-0.118919,22.87171227715754
000539,2024,2024-12-31,102276,D44,0,0,2581,70806,0.0,0.0,0.0,0.0,8183497471,11569151.82,20166998.22,-0.06953,22.825385459995886
000541,2020,2020-12-31,101564,C38,3,3,2348,52549,0.0012776831345826234,5.708957354088565e-05,1.2776831345826234,0.05708957354088565,2841986428,6652838.74,6734487.76,0.303061,21.76776909145158
000541,2021,2021-12-31,101564,C38,5,4,2845,70350,0.00140597539543058,7.107320540156361e-05,1.40597539543058,0.07107320540156362,1451921822,6062667.56,6137073.52,-0.072581,21.096153910990452
000541,2022,2022-12-31,101564,C38,7,6,2868,75787,0.0020920502092050207,9.236412577354956e-05,2.092050209205021,0.09236412577354956,2427517774,5197925.11,5250893.16,-0.111504,21.61013508045104
000541,2023,2023-12-31,101564,C38,6,6,3041,79314,0.0019730351857941467,7.564868749527195e-05,1.9730351857941466,0.07564868749527195,4475273465,7025731.98,8339354.64,0.371951,22.22183329652678
000541,2024,2024-12-31,101564,C38,11,11,2815,71199,0.003907637655417406,0.000154496551917864,3.9076376554174064,0.15449655191786402,3750265348,7419817.28,7775049.12,-0.049624,22.04509243415871
000543,2020,2020-12-31,101566,D44,0,0,2547,52825,0.0,0.0,0.0,0.0,4224983340,7483855.19,9475488.72,-0.073491,22.164281154789194
000543,2021,2021-12-31,101566,D44,2,2,2654,55355,0.0007535795026375283,3.613043085538795e-05,0.7535795026375283,0.036130430855387946,9153299007,9954601.64,12603760.12,0.348325,22.93738019857468
000543,2022,2022-12-31,101566,D44,2,2,2517,55655,0.0007945967421533572,3.593567514149672e-05,0.7945967421533572,0.03593567514149672,10209039936,10155547.72,10155547.72,-0.194245,23.046539433066084
000543,2023,2023-12-31,101566,D44,2,2,2488,65463,0.0008038585209003215,3.0551609306020195e-05,0.8038585209003215,0.030551609306020196,7790239047,14190564.45,14190564.45,0.408036,22.776137382879426
000543,2024,2024-12-31,101566,D44,2,2,2560,63385,0.00078125,3.1553206594620176e-05,0.78125,0.03155320659462017,8172071175,17930888.95,17930888.95,0.298882,22.823988223604434
000544,2020,2020-12-31,102818,D46,0,0,1891,43898,0.0,0.0,0.0,0.0,1794150854,6832538.26,6832538.26,0.159744,21.307797685676526
000544,2021,2021-12-31,102818,D46,1,1,2102,51404,0.0004757373929590866,1.945373900863746e-05,0.4757373929590866,0.01945373900863746,1082342333,6237980.72,6237980.72,-0.051355,20.802393357348418
000544,2022,2022-12-31,102818,D46,1,1,2077,53556,0.00048146364949446316,1.8672044215400703e-05,0.48146364949446313,0.018672044215400703,2695163593,6160005.96,6160005.96,0.026563,21.714724742247963
000544,2023,2023-12-31,102818,D46,0,0,2199,59502,0.0,0.0,0.0,0.0,1879138636,6764310.35,6764310.35,0.121835,21.354079336986985
000544,2024,2024-12-31,102818,D46,5,5,2291,61923,0.002182453077258839,8.074544191980362e-05,2.182453077258839,0.08074544191980362,2060354545,8508995.58,8508995.58,0.283862,21.44614391464746
000545,2020,2020-12-31,101568,C26,2,1,2291,41786,0.00043649061545176777,4.786292059541473e-05,0.43649061545176776,0.04786292059541473,7063440048,3338722.77,3434179.17,0.151316,22.678198028844566
000545,2021,2021-12-31,101568,C26,2,1,2251,43026,0.000444247001332741,4.6483521591595777e-05,0.444247001332741,0.04648352159159578,13198584024,3941612.38,3947332.38,0.149425,23.303375389951476
000545,2022,2022-12-31,101568,C26,2,1,2253,45684,0.0004438526409232135,4.3779003589878295e-05,0.44385264092321347,0.043779003589878296,9156602367,3458764.87,3463784.17,-0.1225,22.9377410263004
000545,2023,2023-12-31,101568,C26,2,1,2646,54248,0.0003779289493575208,3.686771862557145e-05,0.3779289493575208,0.03686771862557145,1881472161,2985771.38,2990104.28,-0.136752,21.355320372246535
000545,2024,2024-12-31,101568,C26,2,1,3065,63034,0.0003262642740619902,3.172890820826855e-05,0.3262642740619902,0.03172890820826855,6202046946,2148178.75,2151296.15,-0.280528,22.54814522725097
000546,2020,2020-12-31,101803,N77,0,0,2537,64206,0.0,0.0,0.0,0.0,1907897232,5177229.94,5374125.86,-0.247525,21.369267547410832
000546,2021,2021-12-31,101803,N77,0,0,2613,70481,0.0,0.0,0.0,0.0,4957943821,9593655.08,10485901.75,0.793883,22.324256939716676
000546,2022,2022-12-31,101803,N77,0,0,2640,70668,0.0,0.0,0.0,0.0,7375490527,8623020.9,9463077.38,-0.096054,22.72142824923164
000546,2023,2023-12-31,101803,N77,1,1,2886,75702,0.0003465003465003465,1.3209690629045468e-05,0.3465003465003465,0.013209690629045468,5027127912,6012443.96,6580707.58,-0.302805,22.33811466652907
000546,2024,2024-12-31,101803,N77,1,1,2511,63671,0.00039824771007566706,1.5705737305837823e-05,0.39824771007566706,0.01570573730583782,7564458741,3440345.81,3839395.07,-0.416568,22.746726633973406
000547,2020,2020-12-31,101804,C39,18,13,2907,73894,0.004471964224286206,0.00024359217257152136,4.471964224286206,0.24359217257152135,9424043036,33148639.23,44149095.27,1.699413,22.9665300305897
000547,2021,2021-12-31,101804,C39,27,24,3012,75066,0.00796812749003984,0.0003596834785388858,7.968127490039841,0.35968347853888577,9110230470,20574181.06,26781541.37,-0.391455,22.93266384658104
000547,2022,2022-12-31,101804,C39,28,12,2858,70988,0.004198740377886634,0.0003944328618921508,4.198740377886634,0.3944328618921508,10292309168,14809416.76,15058603.2,-0.436287,23.05466277065433
000547,2023,2023-12-31,101804,C39,12,8,2783,63303,0.002874595759971254,0.0001895644756172693,2.874595759971254,0.1895644756172693,5472859166,13294495.33,13379179.41,-0.104888,22.4230670164548
000547,2024,2024-12-31,101804,C39,23,10,2751,61277,0.0036350418029807343,0.000375344745989523,3.635041802980734,0.375344745989523,7036186645,11610843.59,11684803.05,-0.126643,22.67433219075811
000548,2020,2020-12-31,101805,G54,0,0,1957,42932,0.0,0.0,0.0,0.0,1694279186,2021714.68,2021824.03,-0.033413,21.250523228923747
000548,2021,2021-12-31,101805,G54,1,1,1825,39974,0.000547945205479452,2.501626056937009e-05,0.547945205479452,0.025016260569370088,989287811,2001747.13,2001855.4,-0.004938,20.712495860395464
000548,2022,2022-12-31,101805,G54,0,0,1826,41452,0.0,0.0,0.0,0.0,4901328691,2630725.03,2630867.32,0.319202,22.312772166937975
000548,2023,2023-12-31,101805,G54,0,0,1972,44823,0.0,0.0,0.0,0.0,2674287123,2720579.02,2720726.17,0.037951,21.70694868607716
000548,2024,2024-12-31,101805,G54,0,0,2127,50037,0.0,0.0,0.0,0.0,3626402840,2570822.38,2570961.43,-0.038532,22.01150704101218
000550,2020,2020-12-31,107584,C36,5,4,2083,45901,0.0019203072491598655,0.00010893008866909217,1.9203072491598654,0.10893008866909218,2765256100,10701079.62,10716576.96,0.500725,21.740399090054662
000550,2021,2021-12-31,107584,C36,3,2,2181,48682,0.0009170105456212746,6.162441970338113e-05,0.9170105456212746,0.06162441970338113,2425718241,8456134.14,8468380.34,-0.041376,21.60939349975059
000550,2022,2022-12-31,107584,C36,3,2,2096,46821,0.0009541984732824427,6.407381303261357e-05,0.9541984732824427,0.06407381303261357,2178232487,6962959.97,6973044.02,-0.16027,21.50177959956212
000550,2023,2023-12-31,107584,C36,3,3,2196,48820,0.001366120218579235,6.145022531749283e-05,1.366120218579235,0.06145022531749283,2391857316,9866353.93,9880642.42,0.448548,21.59533602117205
000550,2024,2024-12-31,107584,C36,9,6,2042,46567,0.002938295788442703,0.00019326991216956214,2.9382957884427032,0.19326991216956213,3781546236,12157961.1,12175568.3,0.268208,22.053398820344142
000551,2020,2020-12-31,101687,S90,0,0,2202,54008,0.0,0.0,0.0,0.0,3073095508,3268656.91,3268656.91,0.223054,21.84595119966385
000551,2021,2021-12-31,101687,S90,0,0,2256,56536,0.0,0.0,0.0,0.0,2031498330,4224849.08,4224849.08,0.304774,21.432039451831294
000551,2022,2022-12-31,101687,S90,0,0,2374,60245,0.0,0.0,0.0,0.0,1642221256,3428689.07,3462149.78,-0.188447,21.219315587376354
000551,2023,2023-12-31,101687,S90,0,0,2461,62947,0.0,0.0,0.0,0.0,1081125359,4188841.84,4229720.91,0.229872,20.801268335577365
000551,2024,2024-12-31,101687,S90,4,4,2660,67248,0.0015037593984962407,5.948132286462051e-05,1.5037593984962407,0.05948132286462051,2484171341,4799974.45,4831172.69,0.148997,21.633204976899624
000552,2020,2020-12-31,101813,B06,0,0,2503,55790,0.0,0.0,0.0,0.0,6543915334,7330809.45,7341177.07,0.282946,22.60180149835754
000552,2021,2021-12-31,101813,B06,0,0,2567,57159,0.0,0.0,0.0,0.0,13371529765,8099318.98,8110535.3,0.137072,23.316393639316093
000552,2022,2022-12-31,101813,B06,0,0,2827,74828,0.0,0.0,0.0,0.0,15947933147,7864360.53,7874569.01,-0.075362,23.492595074583143
000552,2023,2023-12-31,101813,B06,0,0,2962,73604,0.0,0.0,0.0,0.0,6093676561,7639063.01,16322969.28,0.015924,22.53051744127371
000552,2024,2024-12-31,101813,B06,0,0,3134,74904,0.0,0.0,0.0,0.0,13817539860,10245878.46,14717445.98,-0.065574,23.349204626487506
000553,2020,2020-12-31,101814,C26,0,0,3431,78718,0.0,0.0,0.0,0.0,1345155840,17024667.55,17024702.74,-0.2168,21.01977571020266
000553,2021,2021-12-31,101814,C26,0,0,3412,79013,0.0,0.0,0.0,0.0,1288182029,18374449.37,18374487.35,0.08133,20.976497782282514
000553,2022,2022-12-31,101814,C26,0,0,3054,67107,0.0,0.0,0.0,0.0,1677747253,19702460.52,19702501.25,0.073223,21.240717810285442
000553,2023,2023-12-31,101814,C26,0,0,2889,64422,0.0,0.0,0.0,0.0,978627238,15108848.18,15108879.41,-0.230166,20.70166137109368
000553,2024,2024-12-31,101814,C26,0,0,3011,66909,0.0,0.0,0.0,0.0,2190920590,14542810.64,14542840.7,-0.037464,21.507587653635024
000554,2020,2020-12-31,101815,F51,1,1,2241,39429,0.0004462293618920125,2.536204316619747e-05,0.44622936189201245,0.02536204316619747,3198842585,1599285.23,2120298.54,-0.1,21.886054889450808
000554,2021,2021-12-31,101815,F51,1,1,2421,44228,0.0004130524576621231,2.261011124174731e-05,0.4130524576621231,0.02261011124174731,2321841886,1932922.97,2562628.4,0.210884,21.565626624449727
000554,2022,2022-12-31,101815,F51,1,1,2380,45904,0.0004201680672268908,2.178459393516905e-05,0.42016806722689076,0.021784593935169048,5420973139,2005441.7,2658787.05,0.037523,22.413541182406952
000554,2023,2023-12-31,101815,F51,0,0,2334,42639,0.0,0.0,0.0,0.0,2804945754,2092477.14,2774177.44,0.046112,21.75465003705315
000554,2024,2024-12-31,101815,F51,0,0,2065,40746,0.0,0.0,0.0,0.0,4985837692,2154159.99,2855912.31,0.036915,22.3298672689708
000555,2020,2020-12-31,101816,I65,32,30,2706,75749,0.011086474501108648,0.0004224478210933478,11.086474501108649,0.4224478210933478,6075100496,14964118.87,15124416.82,0.049223,22.527464368752245
000555,2021,2021-12-31,101816,I65,63,46,2686,76440,0.01712583767684289,0.0008241758241758242,17.125837676842888,0.8241758241758241,2469626401,12343090.82,12462349.12,-0.176129,21.627332721895208
000555,2022,2022-12-31,101816,I65,25,23,2613,73461,0.008802143130501339,0.00034031663059310384,8.802143130501339,0.34031663059310385,3072759541,10554159.11,10593950.49,-0.150134,21.84584186841619
000555,2023,2023-12-31,101816,I65,21,18,2332,60639,0.007718696397941681,0.00034631177954781576,7.718696397941681,0.3463117795478158,2816033289,11066362.75,11105450.42,0.051253,21.758595096905285
000555,2024,2024-12-31,101816,I65,16,12,2541,69049,0.004722550177095631,0.00023171950354096367,4.7225501770956315,0.23171950354096366,5556816855,10889645.61,10928673.69,-0.005133,22.43829127335
000557,2020,2020-12-31,101819,G53,0,0,1834,44905,0.0,0.0,0.0,0.0,5454838184,5729610.66,5731412.71,0.13913,22.419768792180108
000557,2021,2021-12-31,101819,G53,1,1,1791,45893,0.0005583472920156337,2.178981544026322e-05,0.5583472920156337,0.02178981544026322,3369860280,6137827.19,6139757.63,0.071247,21.93813712080729
000557,2022,2022-12-31,101819,G53,0,0,1960,51399,0.0,0.0,0.0,0.0,5541945091,7143789.37,7146036.2,0.163895,22.43561137572354
000557,2023,2023-12-31,101819,G53,0,0,1877,46458,0.0,0.0,0.0,0.0,2266169147,7041735.24,7043949.97,-0.014286,21.54135664283872
000557,2024,2024-12-31,101819,G53,0,0,1978,50799,0.0,0.0,0.0,0.0,3777312008,7566585.07,7568964.87,0.074534,22.052278484890007
000558,2020,2020-12-31,102299,K70,3,3,2329,52231,0.0012881064834693002,5.743715418046754e-05,1.2881064834693001,0.05743715418046754,3618498245,3581807.19,3584042.58,-0.157576,22.009324927539097
000558,2021,2021-12-31,102299,K70,0,0,2589,57438,0.0,0.0,0.0,0.0,6317064435,4960401.32,4963512.2,0.384892,22.566520449222537
000558,2022,2022-12-31,102299,K70,0,0,2469,53345,0.0,0.0,0.0,0.0,10215495722,3711229.91,3712964.97,-0.251948,23.047171592966553
000558,2023,2023-12-31,102299,K70,0,0,2403,55640,0.0,0.0,0.0,0.0,5796823066,3775845.9,3777426.17,0.017361,22.48057585736159
000558,2024,2024-12-31,102299,K70,0,0,3021,65864,0.0,0.0,0.0,0.0,10411768172,4394414.51,4396253.67,0.163823,23.066202558463967
000559,2020,2020-12-31,102300,C36,1,1,2485,50656,0.00040241448692152917,1.974099810486418e-05,0.40241448692152915,0.01974099810486418,4573256253,14729337.11,17675283.69,0.007449,22.243491316352376
000559,2021,2021-12-31,102300,C36,1,1,2551,51866,0.0003920031360250882,1.9280453476265763e-05,0.3920031360250882,0.019280453476265762,6577476156,17537548.14,21045150.86,0.228037,22.606916945938668
000559,2022,2022-12-31,102300,C36,4,4,2508,54778,0.001594896331738437,7.302201613786557e-05,1.594896331738437,0.07302201613786558,4023672979,13407293.23,16089463.85,-0.207221,22.11546099904585
000559,2023,2023-12-31,102300,C36,2,2,2893,60285,0.000691323885240235,3.317574852782616e-05,0.691323885240235,0.03317574852782616,3265365815,17145838.6,17146677.08,0.12115,21.906637635052512
000559,2024,2024-12-31,102300,C36,6,6,3087,67867,0.001943634596695821,8.840821017578499e-05,1.943634596695821,0.08840821017578498,6078499376,20318239.55,20318316.77,0.213873,22.528023689467727
000560,2020,2020-12-31,102302,K70,11,11,3106,81215,0.0035415325177076628,0.00013544296004432677,3.5415325177076626,0.13544296004432677,5210812619,8692443.1,9563333.46,-0.041763,22.37400165367774
000560,2021,2021-12-31,102302,K70,8,8,3090,80840,0.0025889967637540453,9.896091044037604e-05,2.588996763754045,0.09896091044037604,6950459151,6856241.25,7396272.67,-0.223399,22.662073559376886
000560,2022,2022-12-31,102302,K70,6,6,2852,74264,0.0021037868162692847,8.079284713993322e-05,2.1037868162692845,0.08079284713993322,11650907784,5624526.63,5888752.13,-0.201274,23.178649935381628
000560,2023,2023-12-31,102302,K70,5,5,2845,73671,0.0017574692442882249,6.786931085501757e-05,1.757469244288225,0.06786931085501757,16261852223,5060327.27,5299876.91,-0.1,23.51208784749362
000560,2024,2024-12-31,102302,K70,2,2,2751,70501,0.0007270083605961468,2.8368391937703013e-05,0.7270083605961468,0.028368391937703012,53543406218,6878580.8,7184277.6,0.355556,24.703758493093392
000561,2020,2020-12-31,102305,C39,1,1,1898,43172,0.0005268703898840885,2.316316130825535e-05,0.5268703898840885,0.02316316130825535,2856177799,4296096.12,4335643.94,-0.017808,21.772750134387955
000561,2021,2021-12-31,102305,C39,1,1,1889,41957,0.0005293806246691371,2.3833925209142695e-05,0.5293806246691372,0.023833925209142695,2412931937,5050068.38,5073368.57,0.170153,21.604108416809403
000561,2022,2022-12-31,102305,C39,1,1,1809,40822,0.000552791597567717,2.449659497329871e-05,0.5527915975677169,0.024496594973298712,2841631684,5467566.68,5490606.27,0.082241,21.76764426110818
000561,2023,2023-12-31,102305,C39,1,1,1952,45869,0.0005122950819672131,2.180121650788114e-05,0.5122950819672132,0.021801216507881138,3259473233,5057131.29,5075891.33,-0.07489,21.904831434606244
000561,2024,2024-12-31,102305,C39,1,1,2164,53195,0.0004621072088724584,1.8798759281887396e-05,0.46210720887245843,0.018798759281887397,3997418894,5321915.9,5341771.35,0.053571,22.108914713535977
000564,2020,2020-12-31,101680,F52,2,2,2236,65352,0.0008944543828264759,3.0603501040519036e-05,0.8944543828264758,0.030603501040519038,27525254917,5195270.46,15493390.42,0.083682,24.038369780838337
000564,2021,2021-12-31,101680,F52,1,1,2392,69511,0.0004180602006688963,1.4386212254175598e-05,0.4180602006688963,0.014386212254175598,8278327401,25960799.53,32770059.27,0.569884,22.83690678034853
000564,2022,2022-12-31,101680,F52,1,1,2218,64233,0.0004508566275924256,1.556832157925054e-05,0.45085662759242556,0.015568321579250541,45067794964,24138345.44,30470405.96,-0.070175,24.531433747779385
000564,2023,2023-12-31,101680,F52,1,1,2203,64373,0.00045392646391284613,1.5534463206623896e-05,0.45392646391284613,0.015534463206623897,39989153710,22164802.25,27979114.91,-0.081761,24.41187409706558
000564,2024,2024-12-31,101680,F52,1,1,2217,63756,0.0004510599909788002,1.5684798293493945e-05,0.4510599909788002,0.015684798293493944,85111689017,50766856.03,62300318.57,1.363014,25.16723021935645
000565,2020,2020-12-31,101572,C26,0,0,2205,52079,0.0,0.0,0.0,0.0,924613471,2055227.12,2055227.12,-0.117811,20.644886340037385
000565,2021,2021-12-31,101572,C26,0,0,2364,57381,0.0,0.0,0.0,0.0,2036476678,2892060.11,2892060.11,0.412447,21.43448703347723
000565,2022,2022-12-31,101572,C26,0,0,2571,62883,0.0,0.0,0.0,0.0,1691313476,2545186.33,2545186.33,-0.116192,21.248771269339176
000565,2023,2023-12-31,101572,C26,0,0,2401,55809,0.0,0.0,0.0,0.0,1044739247,2735966.91,2735966.91,0.077513,20.767033167782056
000565,2024,2024-12-31,101572,C26,1,1,2274,52078,0.00043975373790677223,1.920196628134721e-05,0.43975373790677225,0.01920196628134721,1875628587,2345733.91,2345733.91,-0.140254,21.352209687119423
000566,2020,2020-12-31,101573,C27,0,0,2994,73168,0.0,0.0,0.0,0.0,7367742284,11106709.64,12331088.61,0.543478,22.720377157681824
000566,2021,2021-12-31,101573,C27,0,0,2940,70132,0.0,0.0,0.0,0.0,3525190610,6117389.65,6811166.91,-0.431203,21.983200345791246
000566,2022,2022-12-31,101573,C27,0,0,2857,73804,0.0,0.0,0.0,0.0,5194063301,4976216.33,5539749.09,-0.186667,22.370782137636766
000566,2023,2023-12-31,101573,C27,0,0,2936,72723,0.0,0.0,0.0,0.0,4176478980,5267547.62,5864090.37,0.058548,22.152734379464704
000566,2024,2024-12-31,101573,C27,0,0,2916,72140,0.0,0.0,0.0,0.0,7951325053,5584707.62,6214378.95,0.059735,22.796604425183293
000568,2020,2020-12-31,101591,C15,1,1,2231,51375,0.00044822949350067237,1.94647201946472e-05,0.44822949350067237,0.0194647201946472,3348582336,331167570.48,331268419.97,1.62748,21.931802910231124
000568,2021,2021-12-31,101591,C15,0,0,2296,52346,0.0,0.0,0.0,0.0,3772482144,371726749.7,371856711.08,0.131593,22.050999015659357
000568,2022,2022-12-31,101591,C15,2,2,2392,56798,0.0008361204013377926,3.521250748265784e-05,0.8361204013377926,0.03521250748265784,2058300562,328459081.6,330116633.03,-0.103778,21.44514650985589
000568,2023,2023-12-31,101591,C15,4,4,2695,63791,0.001484230055658627,6.270477026539793e-05,1.484230055658627,0.06270477026539793,1610708616,262764031.28,264104045.51,-0.18118,21.19994005389449
000568,2024,2024-12-31,101591,C15,2,2,2580,62539,0.0007751937984496124,3.1980044452261786e-05,0.7751937984496124,0.03198004445226178,2805242434,183704177.65,184288328.18,-0.272099,21.754755801776266
000570,2020,2020-12-31,101627,C34,0,0,1702,39667,0.0,0.0,0.0,0.0,1534922644,2311923.71,2311923.71,0.224401,21.15174582257894
000570,2021,2021-12-31,101627,C34,1,1,1833,43236,0.0005455537370430987,2.3128874086409473e-05,0.5455537370430987,0.023128874086409474,3630657356,2406539.81,3250801.17,0.040925,22.012679558910985
000570,2022,2022-12-31,101627,C34,2,2,1930,46707,0.0010362694300518134,4.2820134027019504e-05,1.0362694300518134,0.0428201340270195,2769485717,2379630.54,2650653.26,-0.180171,21.74192747853661
000570,2023,2023-12-31,101627,C34,1,1,1984,45485,0.0005040322580645161,2.1985269869187646e-05,0.5040322580645161,0.021985269869187647,4347288887,2873516.12,3200788.84,0.209644,22.19281824361171
000570,2024,2024-12-31,101627,C34,5,5,2058,46605,0.0024295432458697765,0.000107284626113078,2.4295432458697763,0.107284626113078,3465639399,2828474.86,2828474.86,-0.10816,21.966162983589054
000571,2020,2020-12-31,101628,S90,0,0,3253,76492,0.0,0.0,0.0,0.0,1176106969,2137318.27,2157269.6,-0.029304,20.88547564317051
000571,2021,2021-12-31,101628,S90,1,1,3450,83049,0.0002898550724637681,1.2041084179219497e-05,0.2898550724637681,0.012041084179219497,1586514710,2124634.81,2124707.04,-0.015094,21.184805441557202
000571,2022,2022-12-31,101628,S90,0,0,3270,81451,0.0,0.0,0.0,0.0,2880805015,1904845.0,1904909.76,-0.103448,21.78133561148043
000571,2023,2023-12-31,101628,S90,0,0,3380,80534,0.0,0.0,0.0,0.0,4337398888,2409547.52,2467689.84,0.264957,22.190540671054315
000571,2024,2024-12-31,101628,S90,1,1,3193,76937,0.00031318509238960227,1.2997647425815927e-05,0.3131850923896023,0.012997647425815927,5195998620,2857233.02,2945342.79,0.185811,22.37115467035827
000572,2020,2020-12-31,101644,C36,3,3,2039,43930,0.0014713094654242277,6.829046209879354e-05,1.4713094654242276,0.06829046209879354,5147763056,4992151.88,4999694.74,0.608466,22.361828099397275
000572,2021,2021-12-31,101644,C36,2,2,2274,50194,0.0008795074758135445,3.9845399848587483e-05,0.8795074758135445,0.03984539984858748,12352108397,9606608.06,9621123.09,0.924342,23.237092605935143
000572,2022,2022-12-31,101644,C36,1,1,2172,48553,0.00046040515653775324,2.059604967767182e-05,0.4604051565377532,0.02059604967767182,8080296132,7865923.52,7877808.48,-0.181197,22.812694358931576
000572,2023,2023-12-31,101644,C36,0,0,2372,51386,0.0,0.0,0.0,0.0,12196779350,8062982.15,8075164.85,0.025052,23.224437766211803
000572,2024,2024-12-31,101644,C36,1,1,2540,54593,0.0003937007874015748,1.8317366695363874e-05,0.39370078740157477,0.018317366695363872,14497755602,6864599.01,6874580.26,-0.148676,23.39725968839235
000573,2020,2020-12-31,101715,K70,0,0,2821,67508,0.0,0.0,0.0,0.0,2668293341,1789983.5,1806334.11,-0.05178,21.704704907231783
000573,2021,2021-12-31,101715,K70,0,0,2784,65168,0.0,0.0,0.0,0.0,2275466970,2012717.48,2029732.32,0.144876,21.545451130263988
000573,2022,2022-12-31,101715,K70,0,0,2978,73721,0.0,0.0,0.0,0.0,12872349436,2696281.91,2719075.37,0.371069,23.278347393331412
000573,2023,2023-12-31,101715,K70,0,0,3060,76383,0.0,0.0,0.0,0.0,5595023003,2139264.28,2157388.44,-0.187793,22.445143290229996
000573,2024,2024-12-31,101715,K70,0,0,2856,68309,0.0,0.0,0.0,0.0,4479690637,1892564.81,1908459.01,-0.097633,22.222819826971108
000576,2020,2020-12-31,101613,C35,0,0,2204,48880,0.0,0.0,0.0,0.0,4034665459,4536634.83,4694330.03,0.392904,22.118189225689626
000576,2021,2021-12-31,101613,C35,0,0,2251,50822,0.0,0.0,0.0,0.0,3490683695,5266760.84,5500337.64,0.190396,21.97336345540723
000576,2022,2022-12-31,101613,C35,0,0,2266,53032,0.0,0.0,0.0,0.0,2162476025,4363610.95,4499471.05,-0.181965,21.494519710466083
000576,2023,2023-12-31,101613,C35,0,0,2393,55346,0.0,0.0,0.0,0.0,1176161169,4003459.25,4116475.13,-0.084646,20.885521726352174
000576,2024,2024-12-31,101613,C35,0,0,2305,53235,0.0,0.0,0.0,0.0,1802448210,3149768.34,3168396.23,-0.219355,21.31241169494917
000581,2020,2020-12-31,101616,C36,1,1,2379,53169,0.0004203446826397646,1.8807952002106492e-05,0.4203446826397646,0.01880795200210649,2797706227,18945064.47,19400071.52,0.275066,21.752065714110657
000581,2021,2021-12-31,101616,C36,3,3,2500,56156,0.0012,5.342260844789515e-05,1.2,0.05342260844789515,2863669868,17597009.97,18013461.94,-0.006468,21.775369810196896
000581,2022,2022-12-31,101616,C36,3,3,2617,61367,0.0011463507833397019,4.8886209200384574e-05,1.146350783339702,0.04888620920038458,1461690349,14613091.83,14826238.98,-0.1026,21.102859376935832
000581,2023,2023-12-31,101616,C36,6,5,2620,61824,0.0019083969465648854,9.704968944099378e-05,1.9083969465648853,0.09704968944099378,2629351881,12419662.65,12504826.69,-0.144388,21.690003220066938
000581,2024,2024-12-31,101616,C36,9,8,2715,65095,0.0029465930018416206,0.00013825946693294417,2.9465930018416207,0.13825946693294416,2531571922,15553346.23,15568566.81,0.333776,21.652106260189292
000582,2020,2020-12-31,101634,G55,0,0,3054,79633,0.0,0.0,0.0,0.0,1751839401,13301604.65,17163476.97,0.192961,21.283932159733954
000582,2021,2021-12-31,101634,G55,1,1,3077,79624,0.00032499187520311994,1.2559027428915906e-05,0.32499187520311995,0.012559027428915905,1376579247,10185220.86,13132813.01,-0.216562,21.042867452992887
000582,2022,2022-12-31,101634,G55,2,2,2995,81007,0.000667779632721202,2.4689224388015852e-05,0.667779632721202,0.02468922438801585,5007188258,10404985.38,13096242.93,-0.05796,22.334140368748564
000582,2023,2023-12-31,101634,G55,1,1,2883,73949,0.000346860908775581,1.3522833304033861e-05,0.346860908775581,0.01352283330403386,2613073144,10587632.63,13307599.93,0.039648,21.68379281582176
000582,2024,2024-12-31,101634,G55,6,6,2728,68938,0.0021994134897360706,8.703472685601556e-05,2.1994134897360706,0.08703472685601556,2967699687,13878729.94,17947094.65,0.095377,21.81105297384376
000584,2020,2020-12-31,102332,C35,75,63,2923,70632,0.021553198768388643,0.0010618416581719334,21.553198768388643,1.0618416581719334,2160549438,3488181.84,4436266.07,-0.067783,21.493628396203352
000584,2021,2021-12-31,102332,C35,51,44,3279,79034,0.013418725221103996,0.0006452918996887416,13.418725221103996,0.6452918996887416,3908781137,4455888.93,4611281.72,0.039451,22.086491432934206
000584,2022,2022-12-31,102332,C35,34,30,2925,69791,0.010256410256410256,0.000487168832657506,10.256410256410257,0.487168832657506,6862268192,5132335.27,5235250.53,0.135314,22.649303864413728
000584,2023,2023-12-31,102332,C35,37,33,3429,86716,0.009623797025371828,0.00042668019742608056,9.623797025371827,0.42668019742608054,4804479970,2944467.23,2990484.68,-0.428779,22.292814646872824
000584,2024,2024-12-31,102332,C35,40,36,4426,112644,0.008133755083596927,0.0003551010262419658,8.133755083596927,0.3551010262419658,5557656755,2473898.98,2480656.5,-0.170483,22.438442409612666
000585,2020,2020-12-31,102342,C38,0,0,2019,45951,0.0,0.0,0.0,0.0,1411524660,1017733.03,1027751.4,-0.147959,21.067936276989432
000585,2021,2021-12-31,102342,C38,0,0,2018,46405,0.0,0.0,0.0,0.0,1512143697,1249313.0,1261611.0,0.227545,21.136794148547683
000586,2020,2020-12-31,102325,C39,3,3,2242,44086,0.0013380909901873326,6.804881368234814e-05,1.3380909901873326,0.06804881368234814,1423460410,1404374.4,1404374.4,-0.284729,21.07635665326648
000586,2021,2021-12-31,102325,C39,0,0,2306,46076,0.0,0.0,0.0,0.0,1175789337,1725484.8,1725484.8,0.22865,20.88520553602263
000586,2022,2022-12-31,102325,C39,1,1,2329,46788,0.00042936882782310007,2.1373001624348124e-05,0.42936882782310004,0.021373001624348124,1018318946,1601683.2,1601683.2,-0.071749,20.741419013469827
000586,2023,2023-12-31,102325,C39,0,0,2142,43076,0.0,0.0,0.0,0.0,1202714243,2433475.2,2433475.2,0.519324,20.90784670956317
000586,2024,2024-12-31,102325,C39,8,6,2278,46750,0.0026338893766461808,0.00017112299465240642,2.633889376646181,0.17112299465240643,2258841694,1837680.0,1837680.0,-0.244833,21.53811799450883
000589,2020,2020-12-31,102328,C29,0,0,2561,54894,0.0,0.0,0.0,0.0,4143698864,5102555.12,5248137.62,0.420601,22.14485467155081
000589,2021,2021-12-31,102328,C29,0,0,2746,60730,0.0,0.0,0.0,0.0,3617495243,5320653.08,5881364.69,-0.042553,22.009047701748937
000589,2022,2022-12-31,102328,C29,0,0,3042,71671,0.0,0.0,0.0,0.0,3993440679,5411115.78,5496525.32,-0.049106,22.10791902207342
000589,2023,2023-12-31,102328,C29,1,1,3017,71336,0.00033145508783559825,1.40181675451385e-05,0.33145508783559824,0.0140181675451385,4698891724,7162582.43,7367030.21,0.319415,22.27059251466499
000589,2024,2024-12-31,102328,C29,1,1,2985,69084,0.00033500837520938025,1.4475131723698685e-05,0.33500837520938026,0.014475131723698685,9271293115,7696440.75,7822935.69,-0.145425,22.950188701509823
000590,2020,2020-12-31,10859,C27,1,1,1963,43608,0.0005094243504839531,2.293157218858925e-05,0.5094243504839532,0.02293157218858925,867588388,2029910.4,2030716.34,-0.29097,20.5812279539321
000590,2021,2021-12-31,10859,C27,0,0,1931,44528,0.0,0.0,0.0,0.0,514851309,2365037.12,2365976.12,0.165094,20.059388698494214
000590,2022,2022-12-31,10859,C27,0,0,2208,48317,0.0,0.0,0.0,0.0,1906468389,2140023.47,2140873.13,-0.095142,21.3685183570038
000590,2023,2023-12-31,10859,C27,0,0,1972,40625,0.0,0.0,0.0,0.0,1066224930,2144810.99,2145662.55,0.002237,20.78739014512214
000590,2024,2024-12-31,10859,C27,1,1,2049,45513,0.0004880429477794046,2.1971744336782897e-05,0.4880429477794046,0.021971744336782898,2111981673,1701964.97,1702640.71,-0.206473,21.47089252566945
000591,2020,2020-12-31,10961,D44,2,2,2510,67060,0.0007968127490039841,2.9824038174768865e-05,0.7968127490039841,0.029824038174768867,16500722298,14809709.21,21861602.69,1.016393,23.52666999259179
000591,2021,2021-12-31,10961,D44,6,5,2700,70091,0.001851851851851852,8.56030018119302e-05,1.8518518518518519,0.0856030018119302,45588215742,22815508.0,33679497.96,0.557634,24.542915093380223
000591,2022,2022-12-31,10961,D44,5,5,2555,67629,0.0019569471624266144,7.393278031613657e-05,1.9569471624266144,0.07393278031613658,19176898581,22041768.54,28654637.14,-0.335804,23.676972192701097
000591,2023,2023-12-31,10961,D44,4,4,2755,75041,0.0014519056261343012,5.330419370743993e-05,1.451905626134301,0.05330419370743993,8220200623,20061019.68,21813489.12,-0.221282,22.82986045252931
000591,2024,2024-12-31,10961,D44,4,4,2710,71621,0.0014760147601476014,5.584954133564178e-05,1.4760147601476015,0.05584954133564178,9611968477,17128459.84,18628456.14,-0.120817,22.986274875372892
000592,2020,2020-12-31,10962,A02,0,0,2766,58863,0.0,0.0,0.0,0.0,16191948417,5301605.25,5351033.07,-0.044828,23.507779944399157
000592,2021,2021-12-31,10962,A02,0,0,3276,71919,0.0,0.0,0.0,0.0,16483360425,6048040.65,6104427.62,0.140794,23.52561724998571
000592,2022,2022-12-31,10962,A02,0,0,2827,62017,0.0,0.0,0.0,0.0,11529054836,4976235.98,5022630.32,-0.177215,23.168136193626196
000592,2023,2023-12-31,10962,A02,0,0,3104,66615,0.0,0.0,0.0,0.0,9552584929,4842260.39,4887405.66,-0.026923,22.98007762811207
000592,2024,2024-12-31,10962,A02,0,0,3045,64721,0.0,0.0,0.0,0.0,21332108645,5496315.33,5544211.16,0.134387,23.783479222771366
000593,2020,2020-12-31,10963,D45,1,1,1936,44613,0.0005165289256198347,2.2414991146078496e-05,0.5165289256198348,0.022414991146078495,1932892378,2265613.63,2266547.98,0.046358,21.38228335998893
000593,2021,2021-12-31,10963,D45,1,1,1992,46391,0.000502008032128514,2.1555905240240565e-05,0.502008032128514,0.021555905240240564,2762491670,2297705.0,2298824.77,0.014241,21.739398888763112
000593,2022,2022-12-31,10963,D45,1,1,2020,47944,0.0004950495049504951,2.0857667278491573e-05,0.49504950495049505,0.020857667278491573,4740634363,2692006.96,2693318.88,0.171607,22.279436795766195
000593,2023,2023-12-31,10963,D45,5,5,2190,53604,0.00228310502283105,9.327662114767555e-05,2.28310502283105,0.09327662114767556,2528381785,2652576.76,2653869.47,-0.014647,21.650845324771243
000593,2024,2024-12-31,10963,D45,1,1,2261,53053,0.0004422821760283061,1.884907545284904e-05,0.4422821760283061,0.01884907545284904,2178165450,1953733.27,1954539.0,-0.263514,21.501748823218477
000596,2020,2020-12-31,101485,C15,2,2,2201,49026,0.0009086778736937755,4.0794680373679274e-05,0.9086778736937755,0.040794680373679275,730898992,104339200.0,104339200.0,1.012213,20.409785831696215
000596,2021,2021-12-31,101485,C15,1,1,2404,54115,0.00041597337770382697,1.8479164741753673e-05,0.415973377703827,0.01847916474175367,617124238,93598400.0,99698400.0,-0.097426,20.24058092140501
000596,2022,2022-12-31,101485,C15,1,1,2370,51787,0.0004219409282700422,1.930986541023809e-05,0.4219409282700422,0.019309865410238092,590885539,109055340.0,109055340.0,0.102869,20.19713288487077
000596,2023,2023-12-31,101485,C15,1,1,2460,54308,0.0004065040650406504,1.841349340796936e-05,0.4065040650406504,0.01841349340796936,336397329,95122080.0,95122080.0,-0.116523,19.633803549051784
000596,2024,2024-12-31,101485,C15,3,2,2369,52306,0.0008442380751371887,5.735479677283677e-05,0.8442380751371886,0.057354796772836766,499558870,70810380.0,70810380.0,-0.236254,20.029236008967814
000597,2020,2020-12-31,101501,C27,2,2,3025,65506,0.0006611570247933885,3.053155436143254e-05,0.6611570247933884,0.030531554361432543,4129029106,6333733.47,6848061.55,0.012641,22.141308133232155
000597,2021,2021-12-31,101501,C27,0,0,2923,65947,0.0,0.0,0.0,0.0,1452085258,8236174.44,8383771.71,0.228402,21.096266469944723
000597,2022,2022-12-31,101501,C27,1,1,3058,68579,0.0003270111183780249,1.4581723268055818e-05,0.3270111183780249,0.014581723268055818,5650475065,8434291.42,9050535.63,0.01672,22.455005461047904
000597,2023,2023-12-31,101501,C27,0,0,3112,64302,0.0,0.0,0.0,0.0,3685465995,7352316.36,7645702.47,-0.136292,22.02766281212316
000597,2024,2024-12-31,101501,C27,5,5,3324,71834,0.0015042117930204573,6.960492246011638e-05,1.5042117930204573,0.06960492246011639,5888616498,7400163.45,7531374.21,0.003738,22.49628691720573
000598,2020,2020-12-31,102878,D46,0,0,2259,58077,0.0,0.0,0.0,0.0,4089038612,14333849.29,14333849.29,0.056156,22.13157572142446
000598,2021,2021-12-31,102878,D46,0,0,2321,59032,0.0,0.0,0.0,0.0,4095709889,18872901.56,18872901.56,0.3375,22.133205894538502
000598,2022,2022-12-31,102878,D46,0,0,2386,61656,0.0,0.0,0.0,0.0,3912744562,14519527.86,14602608.96,-0.210127,22.08750489897415
000598,2023,2023-12-31,102878,D46,0,0,2556,65716,0.0,0.0,0.0,0.0,3277915626,16891199.27,16987872.37,0.186503,21.910473577766567
000598,2024,2024-12-31,102878,D46,8,7,2562,67829,0.00273224043715847,0.00011794365242005631,2.73224043715847,0.11794365242005632,6682447760,22578775.42,22651859.53,0.363796,22.62275018866284
000599,2020,2020-12-31,101502,C29,1,1,1983,46338,0.0005042864346949068,2.1580560231343606e-05,0.5042864346949067,0.021580560231343606,2309844304,3262678.85,3494601.74,-0.099345,21.560445958775702
000599,2021,2021-12-31,101502,C29,4,4,2112,49872,0.001893939393939394,8.020532563362207e-05,1.893939393939394,0.08020532563362207,1476341987,3479331.39,3479535.99,0.004729,21.112833235473573
000599,2022,2022-12-31,101502,C29,0,0,2026,48560,0.0,0.0,0.0,0.0,4370879090,3422159.27,3422360.52,-0.014085,22.198229990811505
000599,2023,2023-12-31,101502,C29,0,0,2070,44520,0.0,0.0,0.0,0.0,2917855954,3634429.54,3634577.49,0.062053,21.79411492153794
000599,2024,2024-12-31,101502,C29,0,0,2252,52550,0.0,0.0,0.0,0.0,4680795761,3626327.76,3626409.9,-0.002247,22.266733967037105
000600,2020,2020-12-31,101504,D44,0,0,1955,50796,0.0,0.0,0.0,0.0,3542573460,6115147.55,10051023.97,0.171779,21.988119266364205
000600,2021,2021-12-31,101504,D44,5,4,2170,58334,0.0018433179723502304,8.571330613364419e-05,1.8433179723502304,0.08571330613364418,5536377232,5548324.6,9119378.25,-0.062389,22.434606194739366
000600,2022,2022-12-31,101504,D44,4,3,2276,62774,0.0013181019332161687,6.372064867620352e-05,1.3181019332161688,0.06372064867620353,8632163193,5722731.66,9406038.47,0.031434,22.878760970423254
000600,2023,2023-12-31,101504,D44,3,3,2360,64284,0.001271186440677966,4.666791114429718e-05,1.271186440677966,0.046667911144297185,7408610189,5461114.81,8976048.14,-0.04,22.72590869995862
000600,2024,2024-12-31,101504,D44,3,3,2386,62600,0.0012573344509639564,4.792332268370607e-05,1.2573344509639564,0.04792332268370607,6780610826,6169687.96,10240634.47,0.145709,22.63733302731851
000601,2020,2020-12-31,101505,D44,0,0,2336,58243,0.0,0.0,0.0,0.0,4060544279,7223556.41,7228890.67,0.252708,22.124582860688232
000601,2021,2021-12-31,101505,D44,0,0,2644,65958,0.0,0.0,0.0,0.0,2035502135,5528997.18,5532424.55,-0.227205,21.434008375280374
000601,2022,2022-12-31,101505,D44,0,0,2496,62809,0.0,0.0,0.0,0.0,4396443699,5075446.63,5078592.84,-0.072266,22.204061801060487
000601,2023,2023-12-31,101505,D44,0,0,2474,60785,0.0,0.0,0.0,0.0,1608328791,4621804.86,4624761.14,-0.089362,21.19846145943832
000601,2024,2024-12-31,101505,D44,1,1,2579,61905,0.00038774718883288094,1.61537840239076e-05,0.38774718883288095,0.0161537840239076,2379783318,4386667.81,4387039.78,-0.051402,21.590275278048207
000603,2020,2020-12-31,107558,B09,0,0,2596,61246,0.0,0.0,0.0,0.0,4448356303,9214571.05,10984311.99,0.068712,22.21580049500306
000603,2021,2021-12-31,107558,B09,0,0,3007,73888,0.0,0.0,0.0,0.0,2751384576,7407226.27,8679814.37,-0.209799,21.735370104465535
000603,2022,2022-12-31,107558,B09,0,0,2761,71061,0.0,0.0,0.0,0.0,2146320693,7395450.07,8666014.99,-0.00159,21.4870209080144
000603,2023,2023-12-31,107558,B09,0,0,2788,74924,0.0,0.0,0.0,0.0,3039681034,6989012.94,7624161.27,-0.120223,21.835018424162403
000603,2024,2024-12-31,107558,B09,1,1,3181,89526,0.00031436655139893113,1.1169939458928132e-05,0.3143665513989311,0.011169939458928132,3894575438,7583553.41,8272732.46,0.091868,22.082850508787587
000605,2020,2020-12-31,101478,D46,0,0,2212,53458,0.0,0.0,0.0,0.0,766993544,1950379.82,2048946.47,-0.148905,20.45798894338999
000605,2021,2021-12-31,101478,D46,0,0,2332,54440,0.0,0.0,0.0,0.0,836482555,1884912.69,1971361.57,-0.034423,20.54471622461723
000605,2022,2022-12-31,101478,D46,0,0,2190,52659,0.0,0.0,0.0,0.0,2664297824,2042744.31,2133584.53,0.085868,21.703206379546998
000605,2023,2023-12-31,101478,D46,0,0,1936,45202,0.0,0.0,0.0,0.0,1133474179,2164296.04,2260541.63,0.06281,20.848553248649324
000605,2024,2024-12-31,101478,D46,0,0,2147,51907,0.0,0.0,0.0,0.0,2812969385,2641151.41,2800109.28,0.24181,21.757506483351897
000606,2020,2020-12-31,101479,I64,4,4,2386,49015,0.0016764459346186086,8.160767112108539e-05,1.6764459346186085,0.08160767112108538,3593289381,2340837.32,2534795.86,-0.403604,22.00233388232999
000606,2021,2021-12-31,101479,I64,0,0,2316,49299,0.0,0.0,0.0,0.0,5466416742,1470979.34,1592862.65,-0.371601,22.421889164319463
000606,2022,2022-12-31,101479,I64,6,6,2264,45890,0.00265017667844523,0.00013074743952930923,2.65017667844523,0.13074743952930923,2764637142,1523940.71,1523940.71,-0.043269,21.740175231120947
000607,2020,2020-12-31,101496,R85,0,0,2783,65321,0.0,0.0,0.0,0.0,1713569268,3486348.28,4009731.74,-0.202429,21.261844323906846
000607,2021,2021-12-31,101496,R85,2,2,2893,68000,0.000691323885240235,2.9411764705882354e-05,0.691323885240235,0.029411764705882353,2277632428,4698606.44,5403978.56,0.347716,21.546402332059966
000607,2022,2022-12-31,101496,R85,1,1,2831,68208,0.00035323207347227127,1.4661036828524513e-05,0.35323207347227126,0.014661036828524512,8076491613,4778556.09,5495571.41,0.016949,22.81222340899649
000607,2023,2023-12-31,101496,R85,1,1,2973,70892,0.0003363605785401951,1.4105964001579867e-05,0.3363605785401951,0.014105964001579867,6243995121,4052923.5,4661058.72,-0.151852,22.55488605836931
000607,2024,2024-12-31,101496,R85,9,8,2690,63266,0.002973977695167286,0.0001422565042835014,2.973977695167286,0.1422565042835014,3319039035,3226381.18,3775661.1,-0.183624,21.922941130988992
000611,2020,2020-12-31,101582,C17,0,0,2350,57931,0.0,0.0,0.0,0.0,429016002,910141.59,962792.76,-0.257813,19.877004779226855
000611,2021,2021-12-31,101582,C17,0,0,2431,62483,0.0,0.0,0.0,0.0,1193479564,989978.57,1047248.27,0.087719,20.900138881686228
000612,2020,2020-12-31,101583,C32,0,0,2098,43128,0.0,0.0,0.0,0.0,8834669595,8358588.65,8369239.75,0.627315,22.901949544848435
000612,2021,2021-12-31,101583,C32,0,0,2309,50814,0.0,0.0,0.0,0.0,16118181200,9180159.33,9191857.33,0.105413,23.50321373893717
000612,2022,2022-12-31,101583,C32,0,0,2183,47913,0.0,0.0,0.0,0.0,4530147188,6215883.44,6223280.84,-0.311284,22.23402026796648
000612,2023,2023-12-31,101583,C32,0,0,2304,50321,0.0,0.0,0.0,0.0,2255745381,6850665.83,6855146.52,0.114943,21.53674630162411
000612,2024,2024-12-31,101583,C32,0,0,2405,52004,0.0,0.0,0.0,0.0,10329975019,7648917.32,7653920.11,0.14087,23.058315701875614
000613,2020,2020-12-31,101584,H61,0,0,1864,35591,0.0,0.0,0.0,0.0,3448226424,1167198.27,1212079.0,-0.270764,21.961125856095258
000613,2021,2021-12-31,101584,H61,2,2,1746,34241,0.001145475372279496,5.8409509068076284e-05,1.1454753722794961,0.058409509068076286,2263885707,1088869.58,1126488.0,-0.070615,21.540348513680918
000619,2020,2020-12-31,101669,C29,0,0,2619,54844,0.0,0.0,0.0,0.0,1190807830,2163600.0,2163600.0,0.043178,20.897897763335532
000619,2021,2021-12-31,101669,C29,0,0,3303,67444,0.0,0.0,0.0,0.0,653162381,1900800.0,1900800.0,-0.113145,20.29733632707764
000619,2022,2022-12-31,101669,C29,0,0,2460,55246,0.0,0.0,0.0,0.0,4251896110,2282400.0,2282400.0,0.200758,22.170630864154905
000619,2023,2023-12-31,101669,C29,0,0,2763,61912,0.0,0.0,0.0,0.0,1490761494,2491200.0,2491200.0,0.091483,21.122552896821546
000619,2024,2024-12-31,101669,C29,0,0,2693,59634,0.0,0.0,0.0,0.0,3088470711,2214000.0,2713188.31,-0.111272,21.850941890134752
000620,2020,2020-12-31,101686,K70,0,0,1951,49432,0.0,0.0,0.0,0.0,3052756178,4646697.43,4646891.53,-0.395062,21.839310684752007
000620,2021,2021-12-31,101686,K70,0,0,1890,46738,0.0,0.0,0.0,0.0,5118627597,3755315.91,3755447.03,-0.191837,22.35615219280111
000620,2022,2022-12-31,101686,K70,0,0,2007,51479,0.0,0.0,0.0,0.0,25525093463,6979577.04,6979820.75,0.858586,23.96292786265547
000620,2023,2023-12-31,101686,K70,0,0,2279,58070,0.0,0.0,0.0,0.0,11219632087,7834142.26,11097730.43,-0.486413,23.140930945772496
000620,2024,2024-12-31,101686,K70,4,4,2256,55654,0.0017730496453900709,7.187264167894492e-05,1.7730496453900708,0.07187264167894492,14250750559,9077656.9,12859274.94,0.15873,23.3800754131512
000622,2020,2020-12-31,101750,C35,0,0,1945,41910,0.0,0.0,0.0,0.0,2925891219,1671138.18,1671138.18,-0.176101,21.796864961819768
000622,2021,2021-12-31,101750,C35,0,0,1975,42642,0.0,0.0,0.0,0.0,1866040824,1679642.7,1679642.7,0.005089,21.347084817481647
000622,2022,2022-12-31,101750,C35,0,0,1977,43263,0.0,0.0,0.0,0.0,4226899295,1815715.02,1815715.02,0.081013,22.164734534258624
000622,2023,2023-12-31,101750,C35,2,2,2114,47594,0.000946073793755913,4.202210362650754e-05,0.9460737937559129,0.04202210362650754,2647758665,1862489.88,1862489.88,0.025761,21.69697933265031
000623,2020,2020-12-31,101751,C27,0,0,3132,78322,0.0,0.0,0.0,0.0,3398951548,19106610.67,19155293.24,0.008469,21.94673285307218
000623,2021,2021-12-31,101751,C27,1,1,3306,81343,0.00030248033877797946,1.2293620840146048e-05,0.3024803387779795,0.012293620840146048,3185416082,21427352.12,21481463.26,0.133576,21.88184875574265
000623,2022,2022-12-31,101751,C27,0,0,3632,93543,0.0,0.0,0.0,0.0,2522927229,17377206.28,17434079.12,-0.172171,21.648685663541734
000623,2023,2023-12-31,101751,C27,0,0,3784,92439,0.0,0.0,0.0,0.0,2310036656,17552902.06,17610344.0,0.03002,21.560529230185374
000623,2024,2024-12-31,101751,C27,0,0,3664,87547,0.0,0.0,0.0,0.0,3268582426,20569940.25,20653113.33,0.193527,21.90762221930088
000625,2020,2020-12-31,101752,C36,15,13,2340,60290,0.005555555555555556,0.0002487974788522143,5.555555555555555,0.24879747885221432,17113646164,85346079.1,97615651.5,1.181456,23.563142003550322
000625,2021,2021-12-31,101752,C36,4,4,2733,70062,0.0014635931211123307,5.709228968627787e-05,1.4635931211123308,0.05709228968627787,36413348822,88854724.33,96750772.89,-0.014077,24.31820127026819
000625,2022,2022-12-31,101752,C36,3,3,2678,68986,0.0011202389843166542,4.348708433595222e-05,1.1202389843166543,0.04348708433595222,46687579906,93610411.69,101929072.98,0.068861,24.566744011366765
000625,2023,2023-12-31,101752,C36,4,4,2424,64765,0.0016501650165016502,6.176175403381456e-05,1.6501650165016502,0.061761754033814564,42691097003,137389944.87,139279597.73,0.386353,24.477256234364337
000625,2024,2024-12-31,101752,C36,4,4,2562,70271,0.00156128024980484,5.69224858049551e-05,1.56128024980484,0.056922485804955104,47624904921,109810851.04,110520216.34,-0.185799,24.58662167400283
000626,2020,2020-12-31,101753,F51,0,0,1973,48829,0.0,0.0,0.0,0.0,1185591043,6555562.63,7670822.37,0.878989,20.89350725849646
000626,2021,2021-12-31,101753,F51,0,0,2118,54501,0.0,0.0,0.0,0.0,1030753576,12384181.78,12652259.94,0.759377,20.753555999833885
000626,2022,2022-12-31,101753,F51,0,0,2073,54277,0.0,0.0,0.0,0.0,1687700142,4681556.9,4763682.74,-0.623492,21.246632576937408
000626,2023,2023-12-31,101753,F51,0,0,2274,60756,0.0,0.0,0.0,0.0,878000998,3664449.51,3715265.39,-0.220085,20.593158289411956
000626,2024,2024-12-31,101753,F51,2,2,2244,58527,0.00089126559714795,3.417226237463051e-05,0.8912655971479501,0.03417226237463051,1900623855,2886632.45,2926407.67,-0.212329,21.365448014488454
000628,2020,2020-12-31,102280,E47,41,35,2352,61748,0.01488095238095238,0.0006639891170564229,14.88095238095238,0.6639891170564228,742490413,1588433.87,2976766.0,-0.14387,20.425520518120077
000628,2021,2021-12-31,102280,E47,52,43,2337,64028,0.018399657680787333,0.000812144686699569,18.39965768078733,0.812144686699569,766498508,2135863.32,3917353.6,0.329822,20.457343311068772
000628,2022,2022-12-31,102280,E47,7,5,2350,62843,0.002127659574468085,0.00011138869882087105,2.127659574468085,0.11138869882087106,1746344577,2143546.29,3931444.8,0.006295,21.28079062769873
000628,2023,2023-12-31,102280,E47,12,9,2421,65254,0.0037174721189591076,0.00018389677261164067,3.717472118959108,0.18389677261164067,2603409045,9542238.31,17501270.4,3.453853,21.680087594677545
000628,2024,2024-12-31,102280,E47,12,12,2334,61969,0.005141388174807198,0.000193645209701625,5.141388174807197,0.19364520970162502,7616731590,11964931.67,21943521.2,0.256884,22.753613189564682
000629,2020,2020-12-31,102281,C32,0,0,2079,47931,0.0,0.0,0.0,0.0,13491704909,16197734.59,18639749.26,-0.256849,23.325340882427234
000629,2021,2021-12-31,102281,C32,1,1,2203,52887,0.00045392646391284613,1.890823831943578e-05,0.45392646391284613,0.01890823831943578,36238675734,33412741.97,33414112.73,0.792627,24.313392775924836
000629,2022,2022-12-31,102281,C32,1,1,2330,56248,0.00042918454935622315,1.7778409899018633e-05,0.42918454935622313,0.017778409899018632,48041292098,40628010.15,40689578.58,0.215938,24.595326730112063
000629,2023,2023-12-31,102281,C32,1,1,2621,63465,0.00038153376573826786,1.5756716300323014e-05,0.38153376573826786,0.015756716300323013,16494885766,28173876.97,30487709.04,-0.306554,23.526316216292276
000629,2024,2024-12-31,102281,C32,0,0,2582,62524,0.0,0.0,0.0,0.0,23379070873,26482964.17,26769513.73,-0.121951,23.875107051995368
000630,2020,2020-12-31,102283,C32,2,2,2665,65959,0.00075046904315197,3.0321866614108765e-05,0.7504690431519699,0.030321866614108767,23307334576,27052849.22,27053190.6,0.107296,23.87203393669494
000630,2021,2021-12-31,102283,C32,0,0,2732,67412,0.0,0.0,0.0,0.0,72111219468,36631847.55,36632335.91,0.36965,25.001475478964924
000630,2022,2022-12-31,102283,C32,0,0,2631,66756,0.0,0.0,0.0,0.0,45631267155,32842307.08,32842783.92,-0.074713,24.543859001739015
000630,2023,2023-12-31,102283,C32,2,2,2974,79032,0.0006724949562878278,2.530620508148598e-05,0.6724949562878278,0.02530620508148598,25772204236,34526533.13,41547792.76,0.067308,23.972562392954714
000630,2024,2024-12-31,102283,C32,3,3,2924,77340,0.0010259917920656635,3.8789759503491075e-05,1.0259917920656634,0.038789759503491075,55816227493,34000434.36,41321132.9,0.008906,24.74533047935976
000631,2020,2020-12-31,102304,K70,0,0,2168,47744,0.0,0.0,0.0,0.0,1450826733,7394858.27,7394858.27,-0.000327,21.09539939227796
000631,2021,2021-12-31,102304,K70,0,0,2409,54266,0.0,0.0,0.0,0.0,1770857077,8684093.43,8684093.43,0.174342,21.29472949119188
000631,2022,2022-12-31,102304,K70,0,0,2213,50650,0.0,0.0,0.0,0.0,5121539669,8319215.55,8319215.55,-0.042017,22.35672094758847
000631,2023,2023-12-31,102304,K70,2,2,2573,59552,0.000777302759424796,3.358409457281032e-05,0.777302759424796,0.03358409457281032,4105404000,7952326.56,7952326.56,0.05117,22.135569991816958
000631,2024,2024-12-31,102304,K70,4,4,2787,66196,0.0014352350197344816,6.04266118798719e-05,1.4352350197344816,0.060426611879871896,4506512163,7042120.51,7042120.51,-0.084337,22.228789335169346
000633,2020,2020-12-31,101586,C32,0,0,1875,44153,0.0,0.0,0.0,0.0,2642100025,1983286.23,1983297.82,0.243961,21.694839902284453
000633,2021,2021-12-31,101586,C32,0,0,1695,37762,0.0,0.0,0.0,0.0,3014838094,2279816.41,2279829.73,0.149515,21.826811965849508
000633,2022,2022-12-31,101586,C32,0,0,1661,36751,0.0,0.0,0.0,0.0,2813522527,3119338.54,3119361.62,0.368243,21.757703103914135
000633,2023,2023-12-31,101586,C32,0,0,1647,34950,0.0,0.0,0.0,0.0,2339270494,2734234.48,2734255.25,-0.123457,21.57310496343705
000633,2024,2024-12-31,101586,C32,4,4,1692,36325,0.002364066193853428,0.00011011699931176875,2.3640661938534278,0.11011699931176876,2368324715,1706008.61,1706021.23,-0.376056,21.585448671256355
000635,2020,2020-12-31,101587,C26,0,0,2593,52926,0.0,0.0,0.0,0.0,1198530101,2354990.67,2354990.67,0.007634,20.904361727918797
000635,2021,2021-12-31,101587,C26,0,0,2310,47974,0.0,0.0,0.0,0.0,2755380817,3579464.58,3579464.58,0.537967,21.73682149794787
000635,2022,2022-12-31,101587,C26,0,0,2423,50506,0.0,0.0,0.0,0.0,2102842132,2624738.63,2637926.95,-0.266723,21.46655566332668
000635,2023,2023-12-31,101587,C26,2,2,2676,54692,0.0007473841554559044,3.656841951290865e-05,0.7473841554559043,0.03656841951290865,1295109599,2718695.79,2726601.03,0.035797,20.98186116172136
000635,2024,2024-12-31,101587,C26,1,1,2666,53744,0.00037509377344336085,1.8606728192914558e-05,0.37509377344336087,0.01860672819291456,2302907052,2358021.54,2361126.81,-0.132664,21.55743809787368
000636,2020,2020-12-31,101588,C39,6,6,2039,52819,0.0029426189308484553,0.00011359548647267082,2.942618930848455,0.11359548647267081,12837244055,30169355.84,30169355.84,1.263264,23.27561647478715
000636,2021,2021-12-31,101588,C39,4,4,2163,56882,0.0018492834026814608,7.032101543546289e-05,1.8492834026814609,0.07032101543546289,6914976842,26677946.71,26677946.71,-0.114243,22.656955453250585
000636,2022,2022-12-31,101588,C39,2,2,2115,56471,0.0009456264775413711,3.5416408422021925e-05,0.9456264775413711,0.03541640842202193,3580512182,15993801.75,17158505.92,-0.494617,21.998771695002883
000636,2023,2023-12-31,101588,C39,3,3,2067,50988,0.001451378809869376,5.8837373499646975e-05,1.4513788098693758,0.058837373499646975,2491459864,15804760.51,15804800.46,-0.072151,21.63613466678617
000636,2024,2024-12-31,101588,C39,6,6,1997,52649,0.0030045067601402104,0.0001139622784858212,3.0045067601402105,0.1139622784858212,4205608007,16603139.58,16603139.58,0.054173,22.159684711595528
000637,2020,2020-12-31,101589,C25,0,0,2433,54990,0.0,0.0,0.0,0.0,1928871788,1513624.21,2147085.22,-0.055804,21.38020110365333
000637,2021,2021-12-31,101589,C25,0,0,2630,59723,0.0,0.0,0.0,0.0,1512969165,1777448.55,2510997.97,0.169492,21.13733989216625
000637,2022,2022-12-31,101589,C25,0,0,2693,63090,0.0,0.0,0.0,0.0,3711277514,1972502.2,2786531.91,0.109731,22.03464199795885
000637,2023,2023-12-31,101589,C25,0,0,2908,68363,0.0,0.0,0.0,0.0,2371778127,1258608.75,1777973.72,-0.356343,21.58690577576428
000637,2024,2024-12-31,101589,C25,0,0,2578,60334,0.0,0.0,0.0,0.0,1597756980,1369013.03,1933936.32,0.087719,21.191866595754405
000650,2020,2020-12-31,101691,C27,0,0,2538,56842,0.0,0.0,0.0,0.0,9353817559,7200398.18,8539623.23,-0.018987,22.959050392104373
000650,2021,2021-12-31,101691,C27,1,1,2676,61904,0.0003736920777279522,1.6154044972861205e-05,0.37369207772795215,0.016154044972861204,10414091873,12317417.34,13047424.34,0.560656,23.066425713810677
000650,2022,2022-12-31,101691,C27,1,1,2612,64305,0.00038284839203675346,1.5550890288469017e-05,0.38284839203675347,0.015550890288469017,10033605817,8308954.36,8665617.67,-0.325107,23.02920587760456
000650,2023,2023-12-31,101691,C27,0,0,2637,62861,0.0,0.0,0.0,0.0,7583773628,8899574.7,9281590.49,0.103393,22.74927675295682
000650,2024,2024-12-31,101691,C27,0,0,2753,65795,0.0,0.0,0.0,0.0,6536148556,7668782.4,8063644.23,-0.101056,22.60061392328498
000651,2020,2020-12-31,101713,C38,24,24,2436,62402,0.009852216748768473,0.00038460305759430787,9.852216748768473,0.38460305759430785,13146838538,369776153.18,372614370.58,-0.021958,23.299447151380626
000651,2021,2021-12-31,101713,C38,31,26,2639,68986,0.009852216748768473,0.00044936653813817295,9.852216748768473,0.44936653813817296,12369984101,217329709.32,219012788.55,-0.353729,23.238538738143838
000651,2022,2022-12-31,101713,C38,31,26,2789,73426,0.00932233775546791,0.0004221937733228012,9.32233775546791,0.4221937733228012,11372468162,180587662.32,182007033.55,-0.046179,23.154461197932104
000651,2023,2023-12-31,101713,C38,11,9,2678,68611,0.0033607169529499626,0.00016032414627392108,3.3607169529499625,0.16032414627392108,8413473013,179613911.55,181162322.69,0.05724,22.853100188111437
000651,2024,2024-12-31,101713,C38,18,16,2676,70363,0.005979073243647235,0.0002558162670721828,5.9790732436472345,0.2558162670721828,9626206632,250677032.34,254583890.93,0.486789,22.987755073730323
000652,2020,2020-12-31,101714,F51,0,0,2242,54601,0.0,0.0,0.0,0.0,21019526602,7519158.42,7525426.65,0.367021,23.768717680876147
000652,2021,2021-12-31,101714,F51,0,0,2479,60363,0.0,0.0,0.0,0.0,4804911641,6354461.51,6359723.3,-0.152941,22.292904490437884
000652,2022,2022-12-31,101714,F51,1,1,2671,66349,0.00037439161362785476,1.5071817209000889e-05,0.3743916136278548,0.015071817209000889,5446191233,5942050.06,5946562.62,-0.062645,22.418182345160986
000652,2023,2023-12-31,101714,F51,0,0,2966,71906,0.0,0.0,0.0,0.0,3363537524,5735626.48,5739982.28,-0.029777,21.936259091901075
000652,2024,2024-12-31,101714,F51,1,1,3085,75720,0.00032414910858995135,1.3206550449022716e-05,0.32414910858995133,0.013206550449022716,4759317459,6104240.01,6108875.75,0.07455,22.283370104152
000655,2020,2020-12-31,101820,B08,0,0,2285,43843,0.0,0.0,0.0,0.0,4774628215,4596026.58,4596026.58,0.396022,22.286581947324258
000655,2021,2021-12-31,101820,B08,2,2,2571,52654,0.0007779074290159471,3.7983818893151516e-05,0.7779074290159471,0.037983818893151514,6225484219,4935370.51,4935370.51,0.086788,22.551917062617363
000655,2022,2022-12-31,101820,B08,0,0,2212,50139,0.0,0.0,0.0,0.0,2348486091,3941152.32,3941152.32,-0.195416,21.577036741335867
000655,2023,2023-12-31,101820,B08,0,0,2353,52460,0.0,0.0,0.0,0.0,1253825192,4268589.45,4268589.45,0.090634,20.949464869918593
000655,2024,2024-12-31,101820,B08,0,0,2122,46674,0.0,0.0,0.0,0.0,1937524751,3661342.41,3661342.41,-0.11576,21.38467709433598
000657,2020,2020-12-31,101822,C32,0,0,1994,47678,0.0,0.0,0.0,0.0,2025120782,5608023.75,7643605.7,0.058394,21.42889518165209
000657,2021,2021-12-31,101822,C32,0,0,2179,54817,0.0,0.0,0.0,0.0,7315211193,15238926.43,17267730.58,1.217931,22.71322174236195
000657,2022,2022-12-31,101822,C32,0,0,2312,59601,0.0,0.0,0.0,0.0,4166041165,15011479.77,17036345.18,-0.006841,22.150232061157396
000657,2023,2023-12-31,101822,C32,0,0,2433,63061,0.0,0.0,0.0,0.0,2574314710,10514583.05,11849766.41,-0.294192,21.668849203992313
000657,2024,2024-12-31,101822,C32,5,5,2473,64328,0.0020218358269308533,7.772665091406541e-05,2.0218358269308534,0.07772665091406541,6255845264,11487717.15,12862965.93,0.101415,22.556782106028034
000659,2020,2020-12-31,101702,C29,0,0,2067,45002,0.0,0.0,0.0,0.0,3218225614,4332817.49,4332817.49,0.238971,21.892095993375957
000659,2021,2021-12-31,101702,C29,0,0,2123,47691,0.0,0.0,0.0,0.0,5220107179,5309951.41,5309951.41,0.225519,22.375783771197217
000659,2022,2022-12-31,101702,C29,0,0,2099,49346,0.0,0.0,0.0,0.0,3963470056,4037105.91,4037105.91,-0.239709,22.100385755526432
000659,2023,2023-12-31,101702,C29,0,0,2276,52521,0.0,0.0,0.0,0.0,3387352665,3098543.07,3098543.07,-0.232484,21.94331452877463
000659,2024,2024-12-31,101702,C29,0,0,2207,51370,0.0,0.0,0.0,0.0,7112559636,3625681.11,3625681.11,0.170124,22.685128021179175
000661,2020,2020-12-31,102308,C27,0,0,1994,47646,0.0,0.0,0.0,0.0,1063758485,159445002.11,181682985.38,1.010783,20.785074215258348
000661,2021,2021-12-31,102308,C27,0,0,2366,53558,0.0,0.0,0.0,0.0,1515168305,100447274.02,109841086.71,-0.393642,21.138792362806672
000661,2022,2022-12-31,102308,C27,0,0,2197,55387,0.0,0.0,0.0,0.0,1771080692,66916237.66,67365692.27,-0.383751,21.294855758232554
000661,2023,2023-12-31,102308,C27,2,2,2389,59866,0.0008371703641691084,3.3407944409180505e-05,0.8371703641691084,0.033407944409180504,1147717317,58610554.18,58998697.54,-0.118053,20.861040865846107
000661,2024,2024-12-31,102308,C27,3,2,2407,61558,0.0008309098462816784,4.873452678774489e-05,0.8309098462816784,0.04873452678774489,1326331862,39729022.65,40569673.3,-0.287106,21.005682971152485
000663,2020,2020-12-31,107890,C21,0,0,2677,59276,0.0,0.0,0.0,0.0,1167474937,1106793.12,1329901.52,-0.177083,20.878109080895765
000663,2021,2021-12-31,107890,C21,1,1,2713,60109,0.00036859565057132326,1.6636443793774643e-05,0.36859565057132326,0.016636443793774644,1574445379,2811815.94,3090758.47,1.324051,21.17716890752573
000663,2022,2022-12-31,107890,C21,0,0,2456,53287,0.0,0.0,0.0,0.0,1918092642,2539210.69,2791109.77,-0.09695,21.374597114118114
000663,2023,2023-12-31,107890,C21,0,0,2916,63839,0.0,0.0,0.0,0.0,1903176018,2474883.02,2720406.15,-0.025332,21.366789916516343
000663,2024,2024-12-31,107890,C21,0,0,2941,63602,0.0,0.0,0.0,0.0,2537543209,1654026.46,1818093.22,-0.331683,21.65446220974076
000665,2020,2020-12-31,102312,R86,20,7,1876,47971,0.0037313432835820895,0.0004169185549602885,3.7313432835820897,0.4169185549602885,4134437662,4359330.05,4359572.94,-0.164486,22.142617161736258
000665,2021,2021-12-31,102312,R86,19,10,1956,47873,0.005112474437627812,0.00039688342071731456,5.112474437627812,0.3968834207173146,3468014488,6359699.15,6360061.46,0.412162,21.966848073768322
000665,2022,2022-12-31,102312,R86,20,10,1786,45299,0.005599104143337066,0.00044151085012914193,5.599104143337066,0.44151085012914193,23756093429,7416911.01,7417208.36,0.043062,23.891104899993454
000665,2023,2023-12-31,102312,R86,17,12,1761,45135,0.0068143100511073255,0.0003766478342749529,6.814310051107325,0.3766478342749529,7672844936,5444347.83,5444576.15,-0.266055,22.76095330102336
000665,2024,2024-12-31,102312,R86,16,10,1850,45797,0.005405405405405406,0.0003493678625237461,5.405405405405405,0.34936786252374613,6267849521,5230707.52,5230887.68,-0.041667,22.55869915381314
000670,2020,2020-12-31,101618,C39,13,13,2483,63184,0.005235602094240838,0.00020574829070650797,5.235602094240838,0.20574829070650796,844060480,1351509.15,1837411.56,0.056338,20.553734709945385
000670,2022,2022-12-31,101618,C39,6,6,1920,45485,0.003125,0.00013191161921512586,3.125,0.13191161921512587,6938415796,4281126.73,5732724.07,2.12,22.66033931408161
000670,2023,2023-12-31,101618,C39,0,0,2106,47884,0.0,0.0,0.0,0.0,9517220678,4895883.51,5758168.3,-0.034188,22.976368697642112
000670,2024,2024-12-31,101618,C39,1,1,2080,47011,0.0004807692307692308,2.1271617281061878e-05,0.4807692307692308,0.021271617281061878,10047590206,6007927.84,6984551.48,0.227139,23.03059866230157
000672,2020,2020-12-31,101812,C30,0,0,2203,55121,0.0,0.0,0.0,0.0,4100289020,15873723.68,15873723.68,0.11591,22.13432330109899
000672,2021,2021-12-31,101812,C30,0,0,2318,57816,0.0,0.0,0.0,0.0,3317265938,16329350.81,16329350.81,0.072271,21.92240676825284
000672,2022,2022-12-31,101812,C30,0,0,2405,61322,0.0,0.0,0.0,0.0,3045210465,10414984.12,10414984.12,-0.321574,21.836835854274703
000672,2023,2023-12-31,101812,C30,0,0,2418,59896,0.0,0.0,0.0,0.0,1947208108,7813327.33,7813327.33,-0.212547,21.389662444630115
000672,2024,2024-12-31,101812,C30,0,0,2556,63943,0.0,0.0,0.0,0.0,1903647592,7415875.19,7415875.19,-0.001241,21.367037668474655
000673,2020,2020-12-31,101716,R87,27,22,2271,52936,0.009687362395420519,0.0005100498715429953,9.68736239542052,0.5100498715429953,6067437439,978992.84,981522.55,-0.756863,22.526202184840265
000673,2021,2021-12-31,101716,R87,28,23,2724,61979,0.008443465491923641,0.0004517659207150809,8.443465491923641,0.4517659207150809,3549291724,1855349.34,1855569.65,0.895161,21.990013906443647
000676,2020,2020-12-31,101737,I64,17,12,3177,73754,0.003777148253068933,0.0002304959730997641,3.7771482530689333,0.23049597309976408,7016763977,6814293.65,8829165.56,-0.26073,22.6715679769091
000676,2021,2021-12-31,101737,I64,16,16,3450,80485,0.00463768115942029,0.00019879480648568056,4.63768115942029,0.19879480648568057,12476345345,8927511.64,9918459.17,0.166667,23.24710031613605
000676,2022,2022-12-31,101737,I64,31,27,3083,72793,0.008757703535517353,0.0004258651243938291,8.757703535517352,0.4258651243938291,7418192902,6676375.17,6752721.88,-0.319176,22.727201320393945
000676,2023,2023-12-31,101737,I64,39,35,3058,69295,0.01144538914323087,0.0005628111696370589,11.44538914323087,0.5628111696370589,16426631579,11129213.74,11143905.87,0.650284,23.522169731543492
000676,2024,2024-12-31,101737,I64,50,41,2761,65800,0.014849692140528795,0.0007598784194528875,14.849692140528795,0.7598784194528876,19422419133,10691621.04,10704346.76,-0.030928,23.689693861258494
000678,2020,2020-12-31,101739,C34,0,0,2004,44000,0.0,0.0,0.0,0.0,1356240415,2206136.63,2206136.63,-0.308357,21.027982308684297
000678,2021,2021-12-31,101739,C34,0,0,1909,42905,0.0,0.0,0.0,0.0,946462134,2146387.09,2146387.09,-0.027083,20.6682415225308
000678,2022,2022-12-31,101739,C34,0,0,1883,42336,0.0,0.0,0.0,0.0,5027048368,2596806.65,2596806.65,0.20985,22.338098843452613
000678,2023,2023-12-31,101739,C34,0,0,1870,41088,0.0,0.0,0.0,0.0,4827411350,2973688.33,2973688.33,0.145133,22.297576208763275
000678,2024,2024-12-31,101739,C34,0,0,1889,41801,0.0,0.0,0.0,0.0,5350480013,2992072.8,2992072.8,0.006182,22.40045211607252
000679,2020,2020-12-31,107559,F52,0,0,2711,55002,0.0,0.0,0.0,0.0,841301555,997920.0,997920.0,-0.215686,20.550460722037933
000679,2021,2021-12-31,107559,F52,0,0,2633,50120,0.0,0.0,0.0,0.0,655353072,1539648.0,1539648.0,0.542857,20.300684691116263
000679,2022,2022-12-31,107559,F52,0,0,2184,45030,0.0,0.0,0.0,0.0,2540707736,2558952.0,2558952.0,0.662037,21.655708515779057
000679,2023,2023-12-31,107559,F52,0,0,2490,49739,0.0,0.0,0.0,0.0,2573698268,1967328.0,1967328.0,-0.231198,21.668609716638517
000679,2024,2024-12-31,107559,F52,0,0,2567,52526,0.0,0.0,0.0,0.0,5307425845,2330856.0,2330856.0,0.184783,22.392372779894387
000680,2020,2020-12-31,101637,C35,6,6,2244,54923,0.00267379679144385,0.00010924385048158331,2.6737967914438503,0.1092438504815833,5484883191,3974060.59,4665361.42,0.030137,22.425261634548942
000680,2021,2021-12-31,101637,C35,2,2,2336,57945,0.0008561643835616438,3.4515488825610494e-05,0.8561643835616438,0.034515488825610494,6983360998,4523801.87,6427931.75,0.140957,22.666796156309246
000680,2022,2022-12-31,101637,C35,11,7,2468,61195,0.0028363047001620746,0.00017975324781436392,2.8363047001620747,0.17975324781436391,9833711644,4365279.09,6200175.77,-0.031542,23.009082283256916
000680,2023,2023-12-31,101637,C35,9,5,2604,63558,0.0019201228878648233,0.0001416029453412631,1.9201228878648233,0.14160294534126308,5469974575,5258978.04,7414225.74,0.214528,22.422539805471875
000680,2024,2024-12-31,101637,C35,7,4,2808,68257,0.0014245014245014246,0.00010255358424776946,1.4245014245014245,0.10255358424776946,8081451759,12687565.86,14553175.9,0.993927,22.812837366607432
000681,2020,2020-12-31,101638,R87,17,16,2277,55696,0.007026789635485288,0.00030522838264866416,7.026789635485288,0.30522838264866414,3270080325,7718655.4,9107506.67,-0.244084,21.908080386079863
000681,2021,2021-12-31,101638,R87,7,7,2480,61749,0.00282258064516129,0.00011336215971108843,2.82258064516129,0.11336215971108843,4370311444,14450372.54,16743800.72,0.840077,22.198100112393124
000681,2022,2022-12-31,101638,R87,50,41,2456,62317,0.016693811074918567,0.0008023492786879985,16.693811074918568,0.8023492786879985,6548023695,7186458.77,8617102.46,-0.484435,22.602429115263657
000681,2023,2023-12-31,101638,R87,31,27,2565,64060,0.010526315789473684,0.00048392132375897596,10.526315789473683,0.48392132375897595,12811240612,9915169.01,10298488.31,0.196341,23.273588795394392
000681,2024,2024-12-31,101638,R87,35,29,2537,62852,0.011430823807646828,0.000556863743397187,11.430823807646828,0.556863743397187,8360955705,14076246.75,14586022.22,0.418299,22.846838576408636
000682,2020,2020-12-31,101639,I65,15,15,1840,45831,0.008152173913043478,0.0003272893892779996,8.152173913043478,0.3272893892779996,4504971650,4821652.13,6609784.14,-0.014286,22.22844743520112
000682,2021,2021-12-31,101639,I65,33,27,1977,51643,0.013657056145675266,0.0006390023817361501,13.657056145675266,0.6390023817361501,5143234276,11354882.16,11355957.75,0.718053,22.360947955297462
000682,2022,2022-12-31,101639,I65,29,27,2112,55506,0.01278409090909091,0.0005224660397074191,12.78409090909091,0.5224660397074191,4740314735,10778387.07,10779445.14,-0.043684,22.279369370449015
000682,2023,2023-12-31,101639,I65,25,23,2214,56695,0.01038843721770551,0.00044095599259193934,10.38843721770551,0.44095599259193935,4180890381,10791774.61,10792852.41,0.010572,22.153790070847503
000682,2024,2024-12-31,101639,I65,37,36,2365,60063,0.01522198731501057,0.0006160198458285467,15.221987315010571,0.6160198458285467,4965950215,14357768.78,14359186.24,0.344969,22.325870499012343
000683,2020,2020-12-31,101777,C26,0,0,2509,61660,0.0,0.0,0.0,0.0,13769491497,7347260.31,8088951.58,-0.048458,23.34572122075529
000683,2021,2021-12-31,101777,C26,1,1,2619,65835,0.00038182512409316535,1.51894888736994e-05,0.3818251240931653,0.0151894888736994,34301299762,24296020.4,26815911.69,2.37963,24.258449084365363
000683,2022,2022-12-31,101777,C26,0,0,2616,66977,0.0,0.0,0.0,0.0,19928675766,25690345.62,28394587.11,0.087671,23.715425524758885
000683,2023,2023-12-31,101777,C26,0,0,2921,71326,0.0,0.0,0.0,0.0,8519558945,19250881.3,21955082.95,-0.232143,22.865630409546274
000683,2024,2024-12-31,101777,C26,0,0,2988,73803,0.0,0.0,0.0,0.0,10827732365,18526920.36,20901996.97,0.003407,23.105376491547784
000685,2020,2020-12-31,102340,D46,2,2,2784,67325,0.0007183908045977011,2.9706646862235424e-05,0.7183908045977011,0.029706646862235425,1881838207,10401808.24,12243424.21,0.037621,21.355514906295106
000685,2021,2021-12-31,102340,D46,0,0,2899,70632,0.0,0.0,0.0,0.0,1958356294,11091084.69,13054735.46,0.1,21.39537133334617
000685,2022,2022-12-31,102340,D46,1,1,3301,83387,0.0003029385034837928,1.1992276973628984e-05,0.3029385034837928,0.011992276973628984,1619834991,8810206.25,10370032.8,-0.171751,21.205590124212826
000685,2023,2023-12-31,102340,D46,0,0,3088,74826,0.0,0.0,0.0,0.0,2021458223,9160721.92,10783063.98,0.071124,21.427084980989363
000685,2024,2024-12-31,102340,D46,10,9,3064,73684,0.00293733681462141,0.00013571467347049562,2.93733681462141,0.13571467347049562,3303643038,11574070.75,13615277.77,0.290014,21.91829164772492
000687,2020,2020-12-31,102334,C39,6,5,2617,61511,0.0019105846388995033,9.754352879972688e-05,1.9105846388995034,0.09754352879972687,4141161767,1272340.8,1294876.92,-0.748137,22.14424220570698
000687,2021,2021-12-31,102334,C39,1,1,2654,61946,0.00037678975131876413,1.6143092370774547e-05,0.37678975131876413,0.016143092370774548,3520610413,1347627.23,1371496.86,0.059172,21.98190022459029
000688,2020,2020-12-31,102335,B09,0,0,2020,50596,0.0,0.0,0.0,0.0,2395267452,11293339.29,11293382.19,-0.275711,21.59676073297325
000688,2021,2021-12-31,102335,B09,0,0,2071,51693,0.0,0.0,0.0,0.0,3660519388,15899513.35,15899574.52,0.409265,22.020870883854318
000688,2022,2022-12-31,102335,B09,1,1,2176,55102,0.00045955882352941176,1.814816159123081e-05,0.45955882352941174,0.01814816159123081,2024875025,18116974.65,18117044.68,0.159514,21.428773820044874
000688,2023,2023-12-31,102335,B09,1,1,2102,52842,0.0004757373929590866,1.8924340486734036e-05,0.4757373929590866,0.018924340486734036,981539950,11522905.51,11522950.04,-0.361814,20.704633274876855
000688,2024,2024-12-31,102335,B09,2,2,2169,53894,0.0009220839096357768,3.710988236167291e-05,0.9220839096357768,0.03710988236167291,1821861462,13289389.36,13289440.73,0.154995,21.323124597218236
000690,2020,2020-12-31,101495,D44,1,1,2190,51997,0.00045662100456621003,1.9231878762236284e-05,0.45662100456621,0.019231878762236282,4022768493,15214096.67,15883981.39,0.327434,22.115236182645525
000690,2021,2021-12-31,101495,D44,2,2,2279,54491,0.0008775778850372971,3.6703308803288615e-05,0.8775778850372971,0.03670330880328861,8645258456,12216648.6,12881256.14,-0.147945,22.880276852338064
000690,2022,2022-12-31,101495,D44,3,3,2251,55528,0.0013327410039982231,5.4026797291456564e-05,1.332741003998223,0.05402679729145656,7264560866,14134063.94,14143271.1,0.106419,22.70627368713146
000690,2023,2023-12-31,101495,D44,3,3,2136,51453,0.0014044943820224719,5.830563815520961e-05,1.4044943820224718,0.05830563815520961,8294452560,9632908.19,9639183.23,-0.313846,22.83885276214816
000690,2024,2024-12-31,101495,D44,3,3,2021,49748,0.0014844136566056407,6.0303931816354425e-05,1.4844136566056407,0.06030393181635443,10372575709,9741629.83,9747977.62,0.079007,23.06243120925288
000692,2020,2020-12-31,10777,D44,0,0,2574,53554,0.0,0.0,0.0,0.0,1648198612,1550525.77,1550543.96,-0.010204,21.222948778769116
000692,2021,2021-12-31,10777,D44,0,0,2431,53078,0.0,0.0,0.0,0.0,2454240478,2094012.96,2094033.6,0.350515,21.62108317313649
000692,2022,2022-12-31,10777,D44,0,0,2298,51369,0.0,0.0,0.0,0.0,3222248511,1811607.89,1811632.12,-0.13486,21.893345248459934
000692,2023,2023-12-31,10777,D44,0,0,2442,58540,0.0,0.0,0.0,0.0,1417127564,1747670.76,1747692.16,-0.035294,21.071897818303047
000692,2024,2024-12-31,10777,D44,0,0,2300,53361,0.0,0.0,0.0,0.0,3284320843,1859587.09,1859587.09,0.064024,21.912425722911724
000695,2020,2020-12-31,10878,C23,0,0,1950,42802,0.0,0.0,0.0,0.0,608377094,1574221.51,1577247.53,-0.050802,20.22630546971172
000695,2021,2021-12-31,10878,C23,0,0,2107,44361,0.0,0.0,0.0,0.0,1185268848,2425631.45,2430294.08,0.540845,20.893235462594106
000695,2022,2022-12-31,10878,C23,0,0,1798,39167,0.0,0.0,0.0,0.0,806312436,3303647.95,3309998.33,0.361974,20.507981864316147
000695,2023,2023-12-31,10878,C23,0,0,1976,46054,0.0,0.0,0.0,0.0,439600650,2396807.67,2401414.9,-0.274497,19.901377261384365
000695,2024,2024-12-31,10878,C23,0,0,2119,47837,0.0,0.0,0.0,0.0,1071247740,2294805.77,2299227.03,-0.042553,20.79208991912258
000697,2020,2020-12-31,10879,C37,0,0,1929,43629,0.0,0.0,0.0,0.0,2813965856,6732291.51,7837759.41,0.100943,21.75786066230274
000697,2021,2021-12-31,10879,C37,0,0,2046,46278,0.0,0.0,0.0,0.0,2502998343,4972780.88,5789330.43,-0.261354,21.640755187789757
000697,2022,2022-12-31,10879,C37,0,0,1983,47145,0.0,0.0,0.0,0.0,2132665404,4153598.88,4835635.62,-0.164733,21.48063839821433
000697,2023,2023-12-31,10879,C37,0,0,1979,44807,0.0,0.0,0.0,0.0,1873403394,3674776.04,5517997.54,-0.122222,21.35102261095075
000697,2024,2024-12-31,10879,C37,0,0,2064,47804,0.0,0.0,0.0,0.0,3669825586,4980030.68,7709480.74,0.397152,22.023409973905387
000700,2020,2020-12-31,101516,C36,1,1,2248,50228,0.00044483985765124553,1.9909213984231903e-05,0.4448398576512455,0.019909213984231903,13870784503,4398597.53,4997937.7,0.419847,23.353050630884873
000700,2021,2021-12-31,101516,C36,2,1,2426,57799,0.00041220115416323167,3.460267478676102e-05,0.41220115416323166,0.03460267478676102,4840007374,4677092.19,4677092.19,-0.02422,22.30018208143412
000700,2022,2022-12-31,101516,C36,0,0,2311,57119,0.0,0.0,0.0,0.0,3959169031,4255373.93,4255373.93,-0.090196,22.09929999978918
000700,2023,2023-12-31,101516,C36,1,1,2335,55922,0.00042826552462526765,1.7882049998211794e-05,0.4282655246252676,0.017882049998211795,5924696485,6426107.72,6426107.72,0.555388,22.50239529666395
000700,2024,2024-12-31,101516,C36,1,1,2346,55566,0.00042625745950554135,1.799661663607242e-05,0.42625745950554134,0.01799661663607242,6315345450,6444468.03,6444468.03,0.018429,22.566248294498937
000701,2020,2020-12-31,101517,F51,38,26,3387,78639,0.007676409802184824,0.0004832207937537354,7.676409802184824,0.4832207937537354,2191473665,2073079.4,2135436.59,-0.039548,21.507840061323837
000701,2021,2021-12-31,101517,F51,30,24,3358,77320,0.00714711137581894,0.00038799793067770304,7.147111375818939,0.38799793067770305,901086438,2199768.52,2915223.81,0.060784,20.619111747707937
000701,2022,2022-12-31,101517,F51,37,28,3246,75238,0.00862600123228589,0.000491772774395917,8.626001232285889,0.491772774395917,3944296634,2407921.21,3308429.28,0.083179,22.095536482572538
000701,2023,2023-12-31,101517,F51,38,26,3408,78004,0.007629107981220657,0.0004871545048971848,7.629107981220657,0.48715450489718476,4506260714,2528906.64,4226145.35,0.049488,22.228733536803304
000701,2024,2024-12-31,101517,F51,44,31,3074,72511,0.010084580351333767,0.0006068044848367834,10.084580351333766,0.6068044848367834,7408339403,3052122.74,3088438.47,-0.256911,22.725872149115503
000702,2020,2020-12-31,101518,C13,0,0,2032,46653,0.0,0.0,0.0,0.0,2636986837,1557145.92,1557145.92,0.013889,21.692902753027138
000702,2021,2021-12-31,101518,C13,0,0,2084,48502,0.0,0.0,0.0,0.0,1159891943,1333172.88,1333172.88,-0.143836,20.871592686001655
000702,2022,2022-12-31,101518,C13,0,0,1989,46191,0.0,0.0,0.0,0.0,3254694160,1514484.39,1514484.39,0.136,21.903364148438225
000702,2023,2023-12-31,101518,C13,0,0,2153,49530,0.0,0.0,0.0,0.0,1395824230,1671798.79,2173338.42,0.103873,21.056750924333596
000702,2024,2024-12-31,101518,C13,0,0,2112,48149,0.0,0.0,0.0,0.0,5361467369,1767787.24,2298123.41,0.057416,22.402503537622554
000703,2020,2020-12-31,101511,C28,3,3,2743,76132,0.001093693036820999,3.940524352440498e-05,1.093693036820999,0.03940524352440498,5844341705,42410907.26,47125061.21,0.224138,22.488739800378053
000703,2021,2021-12-31,101511,C28,2,2,2889,78133,0.0006922810661128419,2.559737882840797e-05,0.6922810661128419,0.02559737882840797,9791346599,35982626.52,38935893.75,-0.146875,23.004764832548798
000703,2022,2022-12-31,101511,C28,0,0,2958,81103,0.0,0.0,0.0,0.0,5275286717,25639178.32,25773953.43,-0.319209,22.386298868954633
000703,2023,2023-12-31,101511,C28,0,0,2772,75068,0.0,0.0,0.0,0.0,4282239198,24508257.75,24637548.36,-0.044097,22.177741887067018
000703,2024,2024-12-31,101511,C28,2,2,2494,69369,0.0008019246190858059,2.883132234859952e-05,0.8019246190858059,0.02883132234859952,4059782948,22905280.97,23024391.69,-0.050595,22.124395348293532
