code,year,end_date,institution_id,industry_code,annual_report_ai_word_freq,annual_report_ai_sentence_freq,annual_report_total_sentences,annual_report_total_words,ai_disclosure_sentence_ratio,ai_disclosure_word_ratio,ai_sentence_per_1000_sentences,ai_word_per_1000_words,annual_trading_shares,float_market_value_thousand,total_market_value_thousand,annual_return_no_cash_dividend,investor_sentiment_proxy_log_trading_volume,report_year,Size,Lev,ROA,Growth,CashRatio,TobinQ,ListAge,Board,Indep,Dual,Top1,SOE
603708,2020,2020-12-31,10135160,F52,3,3,2791,56441,0.0010748835542816,5.315284987863433e-05,1.0748835542816195,0.0531528498786343,1274907428,12958931.72,12958931.72,-0.104355,20.96613940821507,2020,23.00546968012497,0.6710838519937459,0.043952,0.092684,0.33565,1.99366,1.6094379124341005,1.9459101490553132,0.4285714285714285,1.0,0.586404,0.0
603103,2021,2021-12-31,10380969,R86,1,1,2464,47827,0.0004058441558441,2.090869174315763e-05,0.4058441558441559,0.0209086917431576,663666461,8377782.0,8377782.0,-0.299204,20.31329026497257,2021,22.419695916363963,0.726509559839417,0.00304,1.511092,0.281046,2.262466,1.6094379124341005,2.0794415416798357,0.5,0.0,0.739844,0.0
002466,2022,2022-12-31,101938,C32,1,1,3525,92544,0.0002836879432624,1.080567081604426e-05,0.2836879432624113,0.0108056708160442,11986642393,116477485.03,116676080.26,-0.261776,23.20705873290748,2022,24.983781290458076,0.2509472132907983,0.2384,1.835783,1.626708,1.971083,2.5649493574615367,2.0794415416798357,0.5,0.0,0.2536629999999999,0.0
301197,2023,2023-12-31,10372442,I65,25,20,2793,63540,0.0071607590404582,0.000393452943028,7.160759040458289,0.3934529430280138,346135397,1525992.27,2264946.6,-0.078087,19.66234058017427,2023,21.24049990657697,0.1914860001090811,0.035549,0.145418,1.992273,1.365016,0.6931471805599453,2.5649493574615367,0.3846153846153846,0.0,0.124108,0.0
002184,2022,2022-12-31,102606,C38,10,10,2743,60979,0.0036456434560699,0.0001639908821069,3.6456434560699966,0.1639908821069548,1967337931,2752130.51,4032869.92,-0.184615,21.399947162309022,2022,21.864164389185405,0.5047707386668923,0.058102,0.086189,0.273035,1.541436,2.772588722239781,1.9459101490553132,0.4285714285714285,0.0,0.218383,0.0
000529,2024,2024-12-31,101772,C13,1,1,2970,62774,0.0003367003367003,1.593016216905088e-05,0.3367003367003367,0.0159301621690508,2400450778,3362317.82,3444362.95,-0.108984,21.598922381246815,2024,22.556597494502565,0.486055878086708,0.018643,-0.162947,0.881683,1.035866,3.4657359027997265,2.0794415416798357,0.5,0.0,0.546065,1.0
605258,2020,2020-12-31,10402590,C39,3,3,2321,43182,0.0012925463162429,6.947339169098236e-05,1.2925463162429986,0.0694733916909823,96312244,803660.0,3214640.0,,18.383106023409695,2020,21.0351084086194,0.1939744308606651,0.08795,0.135427,1.31685,1.38685,0.0,1.9459101490553132,0.4285714285714285,0.0,0.178977,0.0
603107,2023,2023-12-31,10494518,C36,0,0,2710,49892,0.0,0.0,0.0,0.0,644210566,1922347.36,7846412.1,,20.283536198017742,2023,21.76345951346519,0.2918971770159887,0.07278,0.166425,1.664801,1.505848,0.0,2.302585092994046,0.3,0.0,0.33177,1.0
600706,2022,2022-12-31,106299,N78,0,0,2636,58619,0.0,0.0,0.0,0.0,4969015812,3388762.67,3402497.53,0.84509,22.32648763189198,2022,22.018008846250947,0.7243731956728818,-0.072383,-0.347466,0.08704,1.653899,3.295836866004329,2.3978952727983707,0.2727272727272727,0.0,0.448958,1.0
603385,2023,2023-12-31,10145518,C30,16,12,3337,68241,0.0035960443512136,0.0002344631526501,3.596044351213665,0.2344631526501663,609875218,3057587.6,3057587.6,0.168732,20.22876493519019,2023,22.488711208795426,0.3435567068011848,-0.033821,0.053828,0.089945,0.866742,1.9459101490553132,2.1972245773362196,0.3333333333333333,0.0,0.175474,0.0
600520,2022,2022-12-31,106482,C38,3,3,2669,51273,0.0011240164855751,5.851032707272834e-05,1.1240164855751218,0.0585103270727283,3748206662,2520621.3,2520621.3,0.814139,22.044543339343548,2022,20.54751438362907,0.4864208319987537,0.040818,0.001245,0.095808,3.491359,3.044522437723423,2.3978952727983707,0.2727272727272727,0.0,0.170885,0.0
601005,2022,2022-12-31,103276,C31,0,0,2583,61661,0.0,0.0,0.0,0.0,14559851297,13168906.69,13241150.61,-0.244019,23.401533666613343,2022,24.39613786315261,0.4578426034970398,-0.024755,-0.082508,0.301468,0.82787,2.772588722239781,2.302585092994046,0.3,0.0,0.235124,1.0
300686,2020,2020-12-31,10138070,C39,2,2,2562,52144,0.0007806401249024,3.835532371893219e-05,0.78064012490242,0.0383553237189321,1794996266,2711731.28,4098717.24,-0.033484,21.308268779218754,2020,21.96102121547039,0.413025349597293,0.054532,0.332556,0.940314,1.39815,1.3862943611198906,1.9459101490553132,0.4285714285714285,0.0,0.234218,0.0
688222,2020,2020-12-31,10480846,M73,1,1,3050,68132,0.000327868852459,1.4677390946985265e-05,0.3278688524590163,0.0146773909469852,471143944,1107051.44,12068481.6,,19.970674221000976,2020,21.222831759622984,0.2245595856788042,0.056078,-0.077959,1.939534,1.60062,0.0,2.1972245773362196,0.25,1.0,0.204345,0.0
300097,2024,2024-12-31,102839,C35,6,6,1834,45033,0.0032715376226826,0.0001332356272067,3.271537622682661,0.133235627206715,4444060870,1441853.12,1540855.23,-0.418934,22.21483440597472,2024,,,,,,,,,,,,
600558,2021,2021-12-31,106140,C33,1,1,2978,59258,0.0003357958361316,1.6875358601370278e-05,0.335795836131632,0.0168753586013702,3153790150,3312161.83,3312161.83,0.176656,21.87187078903153,2021,21.87162744538997,0.2632972471055154,0.031818,0.143932,0.398593,1.313769,3.044522437723423,1.9459101490553132,0.4285714285714285,0.0,0.3337259999999999,1.0
002381,2023,2023-12-31,102498,C29,3,3,2548,50573,0.0011773940345368,5.932019061554584e-05,1.1773940345368916,0.0593201906155458,998977786,2440945.28,3119745.04,0.219436,20.722243101130385,2023,22.043766979848115,0.4298122414829191,0.067125,0.11025,0.677669,1.205611,2.6390573296152584,2.3978952727983707,0.4545454545454545,0.0,0.209221,0.0
300078,2024,2024-12-31,102956,C39,196,132,3205,78945,0.041185647425897,0.0024827411489011,41.18564742589704,2.4827411489011335,10485550472,3364500.91,3420280.38,-0.305936,23.073264000923597,2024,21.50707389161489,0.731087524061342,-0.210823,-0.313306,0.2221,2.271918,2.70805020110221,2.4849066497880004,0.4166666666666667,0.0,0.074872,0.0
300153,2023,2023-12-31,104778,C38,24,21,3034,60877,0.0069215557020435,0.0003942375609836,6.921555702043507,0.3942375609836227,1973147513,2537880.34,2553600.0,0.183976,21.40289582753769,2023,21.24314880850356,0.4990697389624535,0.019384,0.248624,0.600113,2.011152,2.6390573296152584,2.302585092994046,0.4,0.0,0.31325,0.0
300400,2020,2020-12-31,10107070,C35,2,2,2831,59450,0.0007064641469445,3.3641715727502105e-05,0.7064641469445425,0.0336417157275021,1738691407,2289031.05,3044953.79,-0.125436,21.276398602862756,2020,20.89065075108639,0.4260484422944452,0.108933,0.784053,0.508224,2.504766,1.9459101490553132,2.0794415416798357,0.5,0.0,0.328609,0.0
601928,2022,2022-12-31,107761,R85,1,1,2476,52025,0.0004038772213247,1.9221528111484863e-05,0.4038772213247173,0.0192215281114848,3372569156,20155608.0,20155608.0,0.040791,21.93894065198864,2022,24.114490585652614,0.4090408208391078,0.0722,0.086196,0.594967,1.087628,2.4849066497880004,2.833213344056216,0.4705882352941176,0.0,0.7248439999999999,1.0
000955,2024,2024-12-31,101303,C17,1,1,2570,51642,0.0003891050583657,1.9364083497928044e-05,0.3891050583657587,0.019364083497928,4173355879,2227505.58,2228955.3,-0.185039,22.15198631649157,2024,20.562287748989423,0.154395587112585,-0.021225,-0.115273,2.609394,2.771506,3.258096538021482,2.302585092994046,0.3,0.0,0.102424,0.0
688280,2024,2024-12-31,10429360,C36,0,0,3842,80750,0.0,0.0,0.0,0.0,1153854249,2017907.6,2591073.12,-0.42764,20.866373697229136,2024,21.66660026532688,0.7742981549771405,-0.170336,0.506398,0.042803,1.609852,1.3862943611198906,1.9459101490553132,0.4285714285714285,1.0,0.118053,0.0
300032,2023,2023-12-31,103435,C38,2,2,2688,61161,0.0007440476190476,3.270057716518696e-05,0.744047619047619,0.0327005771651869,5663242912,5067990.76,5068000.23,0.249505,22.457262517913556,2023,21.450994483624317,0.6138192515701116,-0.137282,-0.308696,0.132979,3.061684,2.70805020110221,2.1972245773362196,0.3333333333333333,0.0,0.16488,0.0
300083,2023,2023-12-31,102884,C34,0,0,2974,71966,0.0,0.0,0.0,0.0,7337083241,9015632.98,10612020.85,-0.252656,22.71620722212297,2023,22.85615452681791,0.4190147942223745,0.023695,-0.220392,0.206485,1.574717,2.6390573296152584,2.1972245773362196,0.5555555555555556,0.0,0.135466,0.0
600853,2020,2020-12-31,10228,E48,0,0,3041,71494,0.0,0.0,0.0,0.0,3823909794,2252659.65,2703185.16,0.030818,22.064539242683697,2020,23.876718823835976,0.8596667327099455,0.01017,0.065823,0.282574,0.979254,3.295836866004329,2.772588722239781,0.4375,0.0,0.444511,1.0
688420,2024,2024-12-31,10546908,C35,23,22,3742,82455,0.0058792089791555,0.000278940027894,5.879208979155532,0.2789400278940028,91826733,742894.02,1926005.4,-0.145511,18.335414033237967,2024,21.34459304825965,0.2062093952060479,0.021368,-0.041322,2.039489,1.092927,1.0986122886681098,2.302585092994046,0.4,0.0,0.190885,0.0
300220,2022,2022-12-31,105072,C39,27,19,2446,53513,0.0077677841373671,0.0005045502961897,7.76778413736713,0.5045502961897109,973243967,1579662.38,1581552.0,-0.448021,20.696145346644727,2022,19.809886412775423,0.7106222741317758,-0.144338,-0.241697,0.112878,5.150096,2.4849066497880004,1.791759469228055,0.5,1.0,0.358508,0.0
002101,2022,2022-12-31,102598,C36,7,6,2237,53925,0.0026821636119803,0.0001298099211868,2.682163611980331,0.1298099211868335,6858453717,11458887.23,11460805.03,0.865025,22.6487478477372,2022,22.936667391266493,0.427665690845239,0.057292,0.111342,0.13194,1.680601,2.833213344056216,2.772588722239781,0.5,0.0,0.181088,1.0
300446,2021,2021-12-31,10102663,C26,0,0,3134,67025,0.0,0.0,0.0,0.0,744939661,1832946.12,1878287.4,0.055809,20.42881378245989,2021,,,,,,,,,,,,
002766,2021,2021-12-31,10102703,C39,42,39,2491,58469,0.0156563629064632,0.0007183293711197,15.656362906463269,0.7183293711197386,574030405,2510977.66,2703443.23,0.421286,20.168192925006306,2021,,,,,,,,,,,,
002269,2022,2022-12-31,103208,C18,0,0,1998,42676,0.0,0.0,0.0,0.0,14589933951,5075250.0,5075250.0,-0.201581,23.4035976725346,2022,22.054543116800847,0.9251853175409188,-0.177194,-0.454515,0.020492,2.275317,2.70805020110221,1.9459101490553132,0.4285714285714285,1.0,0.416473,0.0
002988,2023,2023-12-31,10148613,C32,0,0,3192,66108,0.0,0.0,0.0,0.0,944844449,5552969.31,5556245.46,0.788015,20.666530868734824,2023,22.49983966729863,0.5714778415899192,0.032381,0.105954,0.131948,1.572724,1.3862943611198906,2.1972245773362196,0.3333333333333333,1.0,0.357838,0.0
601609,2022,2022-12-31,10102617,C32,3,3,2877,63882,0.0010427528675703,4.696158542312389e-05,1.042752867570386,0.0469615854231238,1950249826,4100102.2,10004178.04,-0.20578,21.391223317726116,2022,23.719408574100193,0.6115893126566885,0.021521,0.246811,0.067505,1.045735,1.0986122886681098,2.302585092994046,0.4,0.0,0.281472,0.0
000153,2020,2020-12-31,101840,C27,0,0,1961,43306,0.0,0.0,0.0,0.0,3257336327,2745399.62,2746842.82,0.331316,21.904175621034813,2020,22.01420709975099,0.6017893097851137,0.028377,0.025669,0.122399,1.357016,3.044522437723423,2.1972245773362196,0.3333333333333333,0.0,0.114827,0.0
002833,2024,2024-12-31,10136642,C35,1,1,2406,55490,0.0004156275976724,1.8021265092809516e-05,0.4156275976724854,0.0180212650928095,1029656505,4161587.49,7139798.89,-0.000564,20.75249109424764,2024,22.144330771147978,0.2850296515166984,0.128253,0.004254,0.879935,1.686303,2.1972245773362196,2.3978952727983707,0.4545454545454545,1.0,0.389779,0.0
601086,2020,2020-12-31,10122678,F52,0,0,2309,45786,0.0,0.0,0.0,0.0,1999113668,2830500.0,2830500.0,-0.147059,21.415969753779503,2020,21.684786066052684,0.286541958080329,0.037477,-0.630699,0.981416,1.368674,1.3862943611198906,1.9459101490553132,0.4285714285714285,0.0,0.421171,0.0
688377,2023,2023-12-31,10139248,C35,0,0,3121,59715,0.0,0.0,0.0,0.0,286887246,5168756.73,5220968.94,-0.386539,19.474599828935386,2023,21.649500090878277,0.3098990638856203,0.059023,0.231221,0.27297,2.377624,1.3862943611198906,1.9459101490553132,0.4285714285714285,1.0,0.258133,0.0
603328,2024,2024-12-31,10114118,C39,8,8,3072,61202,0.0026041666666666,0.0001307146825267,2.6041666666666665,0.1307146825267148,5193484247,9844644.14,9844644.14,0.23362,22.370670647605493,2024,22.438653964340723,0.2742896599948085,0.082694,0.103589,0.465289,2.045281,2.3978952727983707,2.5649493574615367,0.3846153846153846,0.0,0.3,1.0
300542,2024,2024-12-31,10120730,I65,42,41,2836,64300,0.0144569816643159,0.0006531881804043,14.456981664315938,0.6531881804043547,5029076460,5060753.96,6132420.33,0.569008,22.33850219803736,2024,21.04453744153134,0.58630426380272,-0.054971,-0.222191,0.595668,4.328791,2.1972245773362196,2.1972245773362196,0.4444444444444444,0.0,0.139456,0.0
000819,2024,2024-12-31,101658,C25,0,0,2605,67351,0.0,0.0,0.0,0.0,1391908416,5834624.69,6185039.28,-0.069137,21.053941604309166,2024,21.845371305153066,0.2602645829376832,0.016446,0.246213,0.416879,2.202065,3.332204510175204,2.3978952727983707,0.3636363636363636,0.0,0.228037,1.0
688408,2023,2023-12-31,10443059,C38,9,9,3470,72533,0.0025936599423631,0.0001240814525802,2.593659942363112,0.1240814525802048,539418485,9737585.69,9745047.69,-0.269817,20.106002239495332,2023,22.82317139379327,0.655304027930524,0.05022,0.725861,0.377239,1.848111,1.3862943611198906,1.9459101490553132,0.4285714285714285,1.0,0.374716,0.0
600052,2024,2024-12-31,104996,R86,2,2,3026,60973,0.0006609385327164,3.2801403900086926e-05,0.6609385327164573,0.0328014039000869,2611422109,3815760.23,3815760.23,-0.084168,21.6831607796252,2024,21.819864879814514,0.1449548619248075,-0.11366,0.09617,1.687393,1.419438,3.332204510175204,2.4849066497880004,0.3333333333333333,0.0,0.26554,1.0
002551,2023,2023-12-31,102655,C35,2,2,2456,63633,0.000814332247557,3.1430232740873444e-05,0.8143322475570033,0.0314302327408734,2643661874,2477951.57,3429757.93,-0.126882,21.69543086686996,2023,22.09234263825152,0.3011312270875236,-0.039264,-0.064923,0.490779,1.125357,2.5649493574615367,2.1972245773362196,0.25,1.0,0.295436,0.0
002953,2021,2021-12-31,10139732,C38,0,0,2642,54931,0.0,0.0,0.0,0.0,729497481,1272362.91,4147242.23,0.240352,20.407866474241924,2021,21.68657200324076,0.52376926939235,0.062028,0.974594,0.084999,1.339464,1.0986122886681098,1.6094379124341005,0.4,0.0,0.604924,0.0
601985,2022,2022-12-31,105252,D44,1,1,3316,82816,0.0003015681544028,1.2074961360123647e-05,0.301568154402895,0.0120749613601236,29378281661,113102410.54,113102410.54,-0.259036,24.10352151932414,2022,26.426023458049738,0.6817411004957618,0.03733,0.142998,0.210794,0.925304,2.0794415416798357,2.6390573296152584,0.2857142857142857,0.0,0.593376,1.0
688262,2023,2023-12-31,10341770,I65,149,123,3813,81023,0.032258064516129,0.0018389839921997,32.25806451612903,1.8389839921997455,1330447991,7681953.72,9858237.45,-0.009441,21.00878155855376,2023,21.814723088191712,0.181053533332032,-0.055743,-0.096477,1.395576,2.940881,0.6931471805599453,2.1972245773362196,0.3333333333333333,0.0,0.078714,0.0
300196,2022,2022-12-31,104909,C30,1,1,3053,62248,0.0003275466754012,1.6064773165402904e-05,0.3275466754012446,0.0160647731654029,1028951778,3474299.69,5775151.53,-0.185396,20.751806430698323,2022,22.440493613491572,0.2376659466734123,0.159055,0.20373,1.504902,1.165564,2.4849066497880004,2.4849066497880004,0.5,0.0,0.417097,0.0
603195,2024,2024-12-31,10438689,C38,8,8,2828,58929,0.0028288543140028,0.0001357565884369,2.828854314002829,0.1357565884369325,521224263,90361065.38,90761240.43,0.097209,20.071690956237266,2024,23.74339968028729,0.2253853003917111,0.173051,0.072367,0.190583,4.637941,1.6094379124341005,2.5649493574615367,0.4615384615384615,1.0,0.538095,0.0
000812,2022,2022-12-31,101651,C23,0,0,2770,66280,0.0,0.0,0.0,0.0,13890816338,5300291.46,5303979.04,-0.264392,23.354493763691934,2022,22.12389728000735,0.5589316976506228,0.015948,0.005109,0.084609,1.865449,3.218875824868201,2.1972245773362196,0.3333333333333333,1.0,0.1390799999999999,0.0
002614,2023,2023-12-31,102179,C38,2,2,2053,52172,0.0009741841207988,3.833473894042782e-05,0.974184120798831,0.0383347389404278,2088204121,3306433.49,4676029.82,-0.163987,21.45957026176719,2023,22.80513253184977,0.4259194963925677,0.013677,-0.164977,0.309859,1.006371,2.5649493574615367,2.3978952727983707,0.4545454545454545,1.0,0.204693,0.0
601908,2022,2022-12-31,104728,C35,1,1,2867,62350,0.0003487966515521,1.603849238171612e-05,0.3487966515521451,0.0160384923817161,12469520949,15863940.8,15863940.8,-0.27699,23.246553179701557,2022,23.82705721069173,0.4958429610298688,0.019663,1.207761,0.408357,1.207796,2.4849066497880004,2.1972245773362196,0.3333333333333333,1.0,0.289903,0.0
603208,2023,2023-12-31,10140662,C21,1,1,3057,57078,0.0003271180896303,1.7519885069553945e-05,0.3271180896303565,0.0175198850695539,367790736,5260256.69,5260256.69,-0.338811,19.723024684934263,2023,22.25342001148287,0.6563058768790921,0.08519,0.164863,0.494036,1.795163,1.9459101490553132,2.1972245773362196,0.5555555555555556,0.0,0.291408,0.0
002001,2024,2024-12-31,101869,C27,2,2,2240,52642,0.0008928571428571,3.799247748945709e-05,0.8928571428571428,0.037992477489457,5779604553,66723152.06,67523074.31,0.321934,22.477601101027226,2024,24.48421318746429,0.3150466508526499,0.143572,0.429533,0.799145,1.875255,3.044522437723423,2.3978952727983707,0.3636363636363636,0.0,0.50082,0.0
300611,2020,2020-12-31,10190535,C34,0,0,2437,50550,0.0,0.0,0.0,0.0,1010630331,1194198.28,1755504.9,0.024948,20.733840064224832,2020,20.89159601169326,0.448071862617288,0.035286,0.119911,0.080694,1.633733,1.3862943611198906,2.4849066497880004,0.5,0.0,0.425986,0.0
688489,2023,2023-12-31,10556117,C39,49,40,3059,58774,0.013076168682576,0.0008337019770646,13.076168682576006,0.8337019770646884,325675359,2323133.79,5355077.52,-0.309004,19.601411614943775,2023,21.45531091632031,0.0766613220531336,0.037375,0.055437,8.401586,1.71669,0.6931471805599453,2.302585092994046,0.4,1.0,0.208034,0.0
301010,2023,2023-12-31,10430239,C30,0,0,2158,51417,0.0,0.0,0.0,0.0,522522897,946867.55,2018520.0,0.064589,20.074179364766444,2023,21.31961592168211,0.5418867766455182,0.021876,0.276538,0.160464,1.306656,1.0986122886681098,2.1972245773362196,0.3333333333333333,1.0,0.3450979999999999,0.0
605123,2023,2023-12-31,10447231,C33,0,0,2686,49279,0.0,0.0,0.0,0.0,222089173,11050785.35,11050785.35,-0.309872,19.218589543867544,2023,22.61259608880337,0.3512483692150018,0.078068,0.300621,0.722967,2.021829,1.3862943611198906,1.6094379124341005,0.4,1.0,0.332341,0.0
300820,2021,2021-12-31,10106925,C38,0,0,1938,44060,0.0,0.0,0.0,0.0,554551989,2664894.1,8569897.3,0.678439,20.133671120503763,2021,21.45139113986414,0.4258594227242337,0.090746,0.568692,0.141732,2.108066,0.6931471805599453,2.0794415416798357,0.5,0.0,0.344603,0.0
002411,2020,2020-12-31,101919,C27,5,5,3703,93833,0.0013502565487442,5.328615732205088e-05,1.3502565487442617,0.0532861573220508,8875491371,7967876.33,7967876.33,-0.667306,22.90655953663441,2020,23.678562557075605,0.5350221438215454,-0.049185,-0.256068,0.025231,0.949855,2.3978952727983707,2.4849066497880004,0.3333333333333333,1.0,0.3324439999999999,0.0
601016,2021,2021-12-31,10114117,D44,3,2,3390,77103,0.0005899705014749,3.89089918680207e-05,0.5899705014749262,0.0389089918680207,54193885544,29168378.68,32635671.85,0.910787,24.71583392620529,2021,24.397439542021147,0.7112386058648796,0.022171,0.326816,0.26626,1.48193,2.0794415416798357,2.302585092994046,0.3,1.0,0.479244,1.0
002224,2023,2023-12-31,102608,C29,0,0,2507,53406,0.0,0.0,0.0,0.0,2282615189,3225897.39,3713649.6,0.187067,21.54858763575365,2023,21.890510645270105,0.2159831896658779,0.022024,0.075925,1.524325,1.322935,2.772588722239781,2.1972245773362196,0.3333333333333333,1.0,0.166601,0.0
300334,2021,2021-12-31,107802,C35,0,0,3103,66184,0.0,0.0,0.0,0.0,3082059847,2753158.71,2785042.58,0.105516,21.848863992215176,2021,21.18385847116295,0.4707501347719811,0.019378,-0.058082,0.085706,2.227716,2.302585092994046,2.302585092994046,0.5,1.0,0.211889,0.0
002916,2020,2020-12-31,10130511,C39,5,5,2656,61716,0.0018825301204819,8.101626806662777e-05,1.882530120481928,0.0810162680666277,1399945446,52011839.24,52876438.97,0.072723,21.05969910637984,2020,23.362881552649423,0.4685586556717929,0.109142,0.102265,0.10227,4.190306,1.3862943611198906,2.1972245773362196,0.3333333333333333,0.0,0.6704519999999999,1.0
002957,2020,2020-12-31,10186891,C35,6,6,2990,65336,0.0020066889632107,9.1832986408718e-05,2.0066889632107023,0.091832986408718,530161515,3146993.3,8422074.83,-0.36985,20.088692265254267,2020,21.987386208617096,0.2245704008430776,0.102984,0.076069,0.511442,1.59924,0.6931471805599453,2.1972245773362196,0.3333333333333333,0.0,0.416802,0.0
000596,2024,2024-12-31,101485,C15,3,2,2369,52306,0.0008442380751371,5.735479677283677e-05,0.8442380751371886,0.0573547967728367,499558870,70810380.0,70810380.0,-0.236254,20.029236008967818,2024,24.42512108271887,0.36593641947827,0.150286,0.164139,1.061816,2.42053,3.367295829986474,2.1972245773362196,0.3333333333333333,0.0,0.513439,1.0
600298,2023,2023-12-31,105768,C14,4,4,2592,51150,0.0015432098765432,7.820136852394917e-05,1.5432098765432098,0.0782013685239491,1578262001,30374245.92,30562705.18,-0.210969,21.17959007980847,2023,23.68183662060923,0.4501257780488182,0.072462,0.057449,0.191238,2.029728,3.1780538303479458,2.3978952727983707,0.5454545454545454,0.0,0.38067,1.0
601899,2022,2022-12-31,103464,B09,0,0,4835,109058,0.0,0.0,0.0,0.0,56558801445,204946816.4,205923722.4,0.051546,24.758546667468615,2022,26.426023458049738,0.5933415169441604,0.096251,0.200915,0.276334,1.353122,2.70805020110221,2.70805020110221,0.4666666666666667,0.0,0.2310549999999999,1.0
688303,2021,2021-12-31,10380377,C38,0,0,2998,62750,0.0,0.0,0.0,0.0,1600570563,12300775.8,119273000.0,,21.193626005124585,2021,23.83555425475946,0.2671638092376055,0.255226,1.322314,0.896639,1.471794,0.0,2.1972245773362196,0.3333333333333333,0.0,0.739844,0.0
000982,2022,2022-12-31,101210,C17,3,2,2291,53362,0.0008729812309035,5.621978186724635e-05,0.8729812309035355,0.0562197818672463,20088305059,7586141.15,7586141.15,-0.47181,23.72340364486719,2022,21.23606748316944,0.2444173772492423,0.004165,0.449421,0.980656,4.787117,3.1354942159291497,2.302585092994046,0.4,0.0,0.080204,0.0
603128,2022,2022-12-31,107597,G58,5,5,3043,66039,0.0016431153466973,7.57128363542755e-05,1.643115346697338,0.0757128363542755,3264229761,14063632.31,14063632.31,-0.198246,21.906289664340424,2022,23.00282041196514,0.3844602594330241,0.091067,-0.105299,0.777429,1.823589,2.3978952727983707,1.791759469228055,0.3333333333333333,0.0,0.457932,1.0
300631,2022,2022-12-31,10134596,C35,0,0,2609,64029,0.0,0.0,0.0,0.0,995262233,3361343.38,3415580.37,-0.33665,20.718516812157997,2022,21.32411635789201,0.3393730885041884,0.025833,0.373371,0.290647,2.192591,1.791759469228055,2.5649493574615367,0.3846153846153846,0.0,0.260922,0.0
002984,2022,2022-12-31,10434763,C29,6,6,2832,67288,0.0021186440677966,8.91689454286054e-05,2.1186440677966103,0.0891689454286054,1160317992,9083718.14,20003353.22,-0.129604,20.871959936393953,2022,23.131611510127396,0.3141445756149549,0.074462,0.215348,1.239434,1.505755,1.0986122886681098,2.1972245773362196,0.3333333333333333,0.0,0.419895,0.0
002486,2023,2023-12-31,101943,C18,2,2,2765,54773,0.0007233273056057,3.651434100743067e-05,0.7233273056057866,0.0365143410074306,2764909266,2429440.0,2429440.0,-0.127381,21.74027365655408,2023,20.929378906950415,0.1568071979331609,0.041851,-0.276103,1.662416,2.133742,2.6390573296152584,2.4849066497880004,0.4166666666666667,0.0,0.175518,0.0
600054,2022,2022-12-31,105799,N78,1,1,3087,63470,0.0003239390994493,1.575547502757208e-05,0.3239390994493035,0.015755475027572,2298471839,6539442.0,6539442.0,0.314432,21.555510321667157,2022,22.37352900414121,0.1763684604642745,-0.026621,-0.106457,3.270143,1.673203,3.258096538021482,2.1972245773362196,0.3333333333333333,0.0,0.406641,1.0
300163,2022,2022-12-31,104963,C17,0,0,1924,46243,0.0,0.0,0.0,0.0,3468306405,1463500.32,1464660.0,-0.21374,21.96693224432634,2022,20.282807785419823,0.0789190023388245,-0.002815,-0.005197,1.753625,2.353077,2.4849066497880004,2.302585092994046,0.4,0.0,0.163195,0.0
002498,2022,2022-12-31,102623,C38,3,3,2755,60792,0.0010889292196007,4.934859849980261e-05,1.088929219600726,0.0493485984998026,8003087468,13906007.28,13906007.28,-0.184526,22.80309323779802,2022,23.011290248597433,0.2707665262855511,0.081117,0.095826,0.360208,1.681763,2.5649493574615367,2.4849066497880004,0.25,0.0,0.665628,0.0
300848,2021,2021-12-31,10276834,C26,0,0,2787,60181,0.0,0.0,0.0,0.0,699236481,1325009.46,4222877.8,0.326791,20.365499557717893,2021,21.24680860327288,0.4288986034166231,0.087533,0.71465,0.48921,1.605765,0.6931471805599453,2.1972245773362196,0.5555555555555556,0.0,0.388496,0.0
600765,2023,2023-12-31,106426,C37,1,1,3418,70516,0.0002925687536571,1.4181178739576834e-05,0.2925687536571094,0.0141811787395768,3389551940,28066447.91,28107481.27,-0.380026,21.94396357880698,2023,23.959170073303508,0.5180731574797707,0.060067,0.000704,0.484432,1.622479,3.332204510175204,2.3978952727983707,0.2727272727272727,0.0,0.218324,1.0
601018,2022,2022-12-31,10863,G55,6,6,3372,76885,0.0017793594306049,7.80386291214151e-05,1.779359430604982,0.0780386291214151,4490984764,47158795.16,69646710.47,-0.075567,22.22533783870602,2022,25.41350872357162,0.2977921800646956,0.045797,0.111412,0.805498,0.957653,2.5649493574615367,2.8903717578961645,0.3333333333333333,0.0,0.611526,1.0
000564,2021,2021-12-31,101680,F52,1,1,2392,69511,0.0004180602006688,1.4386212254175598e-05,0.4180602006688963,0.0143862122541755,8278327401,25960799.53,32770059.27,0.569884,22.83690678034853,2021,,,,,,,,,,,,
688039,2024,2024-12-31,10376117,I65,81,72,3275,69990,0.0219847328244274,0.0011573081868838,21.98473282442748,1.1573081868838406,914781382,3029590.67,3029590.67,-0.251383,20.634195669009447,2024,21.100939200978207,0.206097840144443,-0.072118,-0.078219,0.402892,2.282744,1.791759469228055,2.5649493574615367,0.4615384615384615,1.0,0.157571,0.0
002174,2021,2021-12-31,103183,I64,0,0,3088,68664,0.0,0.0,0.0,0.0,7392407047,13931897.29,13957732.52,0.158055,22.723719235787033,2021,22.660884583083103,0.2609099232675755,0.021301,-0.318671,1.335764,2.26912,2.70805020110221,2.70805020110221,0.4,0.0,0.106524,0.0
300411,2024,2024-12-31,10102586,C34,3,3,2186,52140,0.0013723696248856,5.7537399309551206e-05,1.372369624885636,0.0575373993095512,9210075227,4041419.63,5361998.89,0.886981,22.943563855258443,2024,21.114737184678617,0.3390361964529654,0.006954,0.075183,0.242473,3.234069,2.3978952727983707,1.9459101490553132,0.4285714285714285,1.0,0.1250689999999999,0.0
300101,2020,2020-12-31,102843,C39,18,17,2621,64943,0.0064860740175505,0.0002771661302988,6.486074017550553,0.2771661302988774,6276982378,8925189.35,8984320.8,0.769484,22.560155189045112,2020,21.389514235646335,0.3852738407775533,0.046625,0.223836,0.594296,4.973582,2.3978952727983707,2.5649493574615367,0.4615384615384615,0.0,0.297592,0.0
301362,2024,2024-12-31,10491774,C38,7,6,2287,57005,0.0026235242675994,0.0001227962459433,2.6235242675994757,0.1227962459433383,256682872,1163657.4,4105157.4,0.045386,19.36335192370899,2024,21.854049330106836,0.1789369744899729,0.073878,0.073479,1.805051,1.142865,0.6931471805599453,2.1972245773362196,0.3333333333333333,1.0,0.3718829999999999,0.0
688166,2023,2023-12-31,10137395,C27,0,0,3753,77803,0.0,0.0,0.0,0.0,1998567608,14786287.71,14786287.71,0.555782,21.41569656541584,2023,22.339049845433305,0.5195420183395992,0.035783,0.159423,1.052907,3.4581,1.6094379124341005,2.4849066497880004,0.5,1.0,0.268743,0.0
301333,2023,2023-12-31,10380981,M73,2,2,2244,53063,0.0008912655971479,3.769104649190585e-05,0.8912655971479501,0.0376910464919058,192478475,3658027.78,6190080.0,0.255987,19.075494892453563,2023,21.45265625853466,0.1539026866091467,0.082317,0.13153,3.153992,2.26391,0.6931471805599453,2.302585092994046,0.4,1.0,0.2868,0.0
300101,2023,2023-12-31,102843,C39,20,18,2816,68426,0.0063920454545454,0.0002922865577412,6.392045454545455,0.2922865577412095,2982055828,12839600.33,12888585.18,-0.068163,21.815878775112363,2023,21.71731149263362,0.3026583514366146,0.021149,-0.279465,0.358184,5.063836,2.6390573296152584,2.302585092994046,0.3,0.0,0.293794,0.0
000700,2020,2020-12-31,101516,C36,1,1,2248,50228,0.0004448398576512,1.9909213984231903e-05,0.4448398576512455,0.0199092139842319,13870784503,4398597.53,4997937.7,0.419847,23.353050630884873,2020,22.84458078191254,0.6700590660896366,-0.000786,0.111617,0.115172,1.236902,3.1780538303479458,1.6094379124341005,0.4,1.0,0.322729,0.0
002811,2020,2020-12-31,10122173,E50,0,0,3008,64038,0.0,0.0,0.0,0.0,372525515,2143149.81,2376168.57,-0.152542,19.735816092766775,2020,21.86106323743216,0.4854312769698365,0.008034,-0.246181,0.630771,1.222824,1.6094379124341005,1.9459101490553132,0.5714285714285714,1.0,0.472391,0.0
002164,2021,2021-12-31,102583,C35,1,1,2166,45522,0.0004616805170821,2.196740037783929e-05,0.4616805170821791,0.0219674003778392,4947990747,2867285.31,3219650.82,0.008333,22.322247421628504,2021,21.580985274410065,0.59203699281601,0.15781,0.304612,0.444962,1.852782,2.70805020110221,2.3978952727983707,0.4545454545454545,0.0,0.260253,0.0
603566,2020,2020-12-31,10114088,C27,0,0,2270,44961,0.0,0.0,0.0,0.0,1111519687,6664612.08,6664612.08,0.106237,20.828994004212102,2020,21.430712119129858,0.157313579380725,0.115775,0.400059,0.829904,3.44231,1.791759469228055,2.3978952727983707,0.3636363636363636,0.0,0.3347469999999999,0.0
300018,2021,2021-12-31,103136,C38,21,18,2343,58355,0.0076824583866837,0.0003598663353611,7.682458386683739,0.3598663353611516,4798092201,3362260.19,3990901.75,0.278891,22.291484217936254,2021,21.074570585775607,0.1255384306090287,0.062788,0.034738,1.437081,2.629538,2.5649493574615367,2.1972245773362196,0.3333333333333333,0.0,0.080204,0.0
688512,2023,2023-12-31,10550698,C39,45,30,3196,65839,0.0093867334167709,0.0006834854721365,9.386733416770964,0.6834854721365755,669811691,1015984.08,8871917.15,,20.322507174129026,2023,21.595773050242972,0.0924279666126865,-0.205051,0.547654,8.388451,1.32065,0.0,1.6094379124341005,0.4,1.0,0.075216,0.0
002259,2022,2022-12-31,102490,D45,0,0,2115,48809,0.0,0.0,0.0,0.0,1056330438,2467636.72,2467636.72,-0.106267,20.778066889002265,2022,,,,,,,,,,,,
002972,2020,2020-12-31,10144881,C39,3,3,2573,51712,0.0011659541391371,5.8013613861386136e-05,1.165954139137194,0.0580136138613861,724524282,1013089.6,3094416.0,-0.116326,20.401025836071543,2020,20.991329841360105,0.1227006279781325,0.108792,0.123831,4.29655,1.487649,0.6931471805599453,2.302585092994046,0.3,0.0,0.519154,0.0
600833,2021,2021-12-31,10377,F52,0,0,2632,51156,0.0,0.0,0.0,0.0,251225807,2085857.34,2085857.34,-0.029291,19.341862726134547,2021,21.01179476707549,0.4170512034539335,0.036195,-0.11886,0.563812,1.98012,3.332204510175204,2.302585092994046,0.3,0.0,0.449488,1.0
002539,2021,2021-12-31,101958,C26,2,2,3150,86823,0.0006349206349206,2.3035370811881643e-05,0.6349206349206349,0.0230353708118816,7621312758,8683787.98,13404027.0,0.822733,22.75421446989079,2021,23.331487728358187,0.663947291161576,0.103944,0.62741,0.096764,1.424329,2.3978952727983707,1.9459101490553132,0.4285714285714285,0.0,0.305448,0.0
002998,2023,2023-12-31,10413695,C28,0,0,2501,55680,0.0,0.0,0.0,0.0,1101086946,1943567.0,2594899.6,0.234756,20.81956366250443,2023,21.62368230525173,0.308413145874545,0.054304,0.085082,2.190472,1.271872,1.3862943611198906,2.0794415416798357,0.5,1.0,0.334673,0.0
688150,2024,2024-12-31,10312890,C39,10,10,3660,73922,0.0027322404371584,0.0001352777251697,2.73224043715847,0.1352777251697735,1196388409,4026673.4,9062894.41,0.051413,20.902573197277626,2024,21.47377641937288,0.1576414058450855,0.082408,0.569014,3.097184,2.526832,1.0986122886681098,2.3978952727983707,0.3636363636363636,1.0,0.495184,0.0
301180,2023,2023-12-31,10523426,C39,2,2,3167,68668,0.0006315124723713,2.9125648045669017e-05,0.6315124723713293,0.029125648045669,555681923,1046795.98,7236180.9,0.102736,20.13570660937846,2023,21.220632642674666,0.1937868369330797,0.015221,-0.265126,0.908903,1.51996,1.0986122886681098,2.0794415416798357,0.5,1.0,0.373239,0.0
600008,2020,2020-12-31,104845,D46,1,1,3322,75741,0.0003010234798314,1.3202888792067704e-05,0.3010234798314268,0.0132028887920677,8345760445,20773871.62,20773871.62,-0.056309,22.845019515852172,2020,25.33410260288058,0.6480574990240945,0.017756,0.289612,0.281701,0.854622,3.044522437723423,2.3978952727983707,0.3636363636363636,0.0,0.463744,1.0
300224,2020,2020-12-31,104796,C30,0,0,2175,47841,0.0,0.0,0.0,0.0,4199551791,10156402.2,10260909.12,0.332285,22.15824364035068,2020,22.10396640479358,0.3333440889299566,0.035084,0.086392,0.13645,2.893478,2.302585092994046,2.302585092994046,0.4,0.0,0.449812,0.0
603730,2020,2020-12-31,10132695,C36,0,0,2597,52789,0.0,0.0,0.0,0.0,645657456,16545650.13,16545650.13,0.386875,20.285779668791417,2020,22.425372878750306,0.2893164638751148,0.073094,-0.180116,0.582954,3.305572,1.3862943611198906,2.302585092994046,0.3,0.0,0.563722,0.0
600900,2021,2021-12-31,1022,D44,1,1,2617,56559,0.0003821169277799,1.7680652062448063e-05,0.3821169277799006,0.017680652062448,11956024614,516240204.52,516240204.52,0.221294,23.20450114016491,2021,26.452283414091895,0.4208475702477972,0.080333,-0.036985,0.185836,1.992052,2.9444389791664403,2.8903717578961645,0.3043478260869565,0.0,0.550175,1.0
300297,2021,2021-12-31,107762,I65,57,44,2734,72342,0.01609363569861,0.0007879240275358,16.093635698610097,0.7879240275358713,12491015006,3306451.85,4162012.61,-0.328629,23.24827542335449,2021,22.534985507334643,0.8079593827768218,-0.228566,-0.482465,0.016147,1.387621,2.302585092994046,2.6390573296152584,0.3571428571428571,0.0,0.1117789999999999,0.0
002535,2021,2021-12-31,102653,C35,0,0,2706,61054,0.0,0.0,0.0,0.0,3334613229,1053211.94,1483113.69,0.20915,21.927622536575115,2021,,,,,,,,,,,,
603096,2022,2022-12-31,10145674,R85,4,4,2481,46571,0.0016122531237404,8.589036095424191e-05,1.6122531237404274,0.0858903609542419,412986036,3230571.27,3230571.27,-0.305763,19.83892434163707,2022,21.51257487198737,0.0923488171080319,0.063714,0.017248,2.832173,1.55954,1.791759469228055,2.0794415416798357,0.375,1.0,0.538979,0.0
000875,2023,2023-12-31,101432,D44,1,1,2829,65723,0.0003534817956875,1.521537361349908e-05,0.3534817956875221,0.015215373613499,4702516273,10760673.95,12276915.97,-0.259442,22.271363579845858,2023,25.063837276453107,0.7428607345546168,0.021058,-0.034247,0.059516,0.91482,3.091042453358316,2.3978952727983707,0.3636363636363636,0.0,0.261942,1.0
605123,2020,2020-12-31,10447231,C33,1,1,2488,48910,0.0004019292604501,2.0445716622367612e-05,0.4019292604501607,0.0204457166223676,239076025,2169720.0,8678880.0,,19.292292159730984,2020,21.589900098232064,0.3377695485899065,0.092294,0.162076,0.28991,1.746515,0.0,1.9459101490553132,0.4285714285714285,1.0,0.37287,0.0
000681,2023,2023-12-31,101638,R87,31,27,2565,64060,0.0105263157894736,0.0004839213237589,10.526315789473683,0.4839213237589759,12811240612,9915169.01,10298488.31,0.196341,23.273588795394392,2023,22.15319292621608,0.1632925589636557,0.038132,0.119418,0.777034,2.567397,3.295836866004329,1.9459101490553132,0.4285714285714285,0.0,0.109754,0.0
002521,2024,2024-12-31,101949,C22,0,0,2219,49461,0.0,0.0,0.0,0.0,2284824514,4036354.42,5611811.72,0.235792,21.54955505965632,2024,22.43240211452626,0.272313348335686,0.021621,-0.07443,0.400821,1.207273,2.70805020110221,1.9459101490553132,0.4285714285714285,0.0,0.2608129999999999,0.0
600714,2023,2023-12-31,106306,C26,0,0,2607,47395,0.0,0.0,0.0,0.0,428458911,2766492.22,2766492.22,0.108545,19.875705403423233,2023,20.496202042924672,0.0789638152054219,0.009599,-0.261494,6.877011,3.550662,3.332204510175204,2.3978952727983707,0.3636363636363636,0.0,0.299881,0.0
688776,2023,2023-12-31,10106645,C39,0,0,3745,79803,0.0,0.0,0.0,0.0,233257095,3357475.55,10555461.18,-0.221236,19.267651819522655,2023,21.58378961307152,0.2230892856783394,0.039173,-0.182067,2.346142,2.172893,1.0986122886681098,1.9459101490553132,0.4285714285714285,0.0,0.507875,0.0
002688,2021,2021-12-31,107669,C27,0,0,2905,66282,0.0,0.0,0.0,0.0,2138317795,3804869.39,4783989.3,0.134791,21.483285280224415,2021,22.12556293346305,0.3365784195234456,0.032813,0.145125,0.430708,1.408586,2.302585092994046,2.1972245773362196,0.3333333333333333,0.0,0.309779,0.0
605116,2020,2020-12-31,10440238,C27,0,0,2336,45164,0.0,0.0,0.0,0.0,330300573,650670.0,6363870.0,,19.615513628173616,2020,21.150631259802473,0.0965165372920364,0.119407,0.240371,3.936283,1.332007,0.0,2.302585092994046,0.3,0.0,0.3829999999999999,0.0
605268,2023,2023-12-31,10460350,C33,27,21,2857,58119,0.0073503675183759,0.0004645640840344,7.3503675183759185,0.4645640840344809,729583603,724461.2,4281484.85,0.129545,20.407984523884164,2023,22.121638568076737,0.5835147132523092,0.01308,0.382042,0.118593,1.108468,1.0986122886681098,1.9459101490553132,0.4285714285714285,1.0,0.440707,0.0
601886,2022,2022-12-31,104158,E50,0,0,3236,69263,0.0,0.0,0.0,0.0,3479678922,8769435.94,8769435.94,0.189681,21.97020586297051,2022,24.016577207875084,0.7175166269205161,0.019843,-0.131461,0.177671,1.043132,2.4849066497880004,2.1972245773362196,0.4444444444444444,0.0,0.278592,0.0
600726,2021,2021-12-31,106110,D44,0,0,2655,54813,0.0,0.0,0.0,0.0,8048827926,4788186.47,4788186.47,0.3,22.808792318645867,2021,23.842707027987103,0.9072087662163691,-0.137798,-0.081436,0.121063,1.329035,3.258096538021482,2.3978952727983707,0.2727272727272727,0.0,0.448028,1.0
002629,2021,2021-12-31,107642,B11,0,0,2726,59662,0.0,0.0,0.0,0.0,1828205710,1757423.19,2100934.8,1.318182,21.32660083701677,2021,19.975656577584655,0.9072087662163691,-0.071194,0.166914,0.300122,5.838689,2.3978952727983707,1.9459101490553132,0.4285714285714285,0.0,0.197566,0.0
600226,2021,2021-12-31,106004,I64,0,0,3276,72631,0.0,0.0,0.0,0.0,5482752687,7321889.44,7321889.44,0.344828,22.42487312711669,2021,,,,,,,,,,,,
301022,2023,2023-12-31,10502255,C35,1,1,3246,72876,0.0003080714725816,1.372193863549042e-05,0.3080714725816389,0.0137219386354904,496733061,1157165.58,2269696.0,0.331993,20.02356334118024,2023,21.3386394288697,0.456264803894129,0.014642,0.144147,0.196753,1.332657,1.0986122886681098,1.9459101490553132,0.4285714285714285,0.0,0.313274,0.0
600422,2020,2020-12-31,105910,C27,0,0,3031,69756,0.0,0.0,0.0,0.0,3184142804,6558912.4,6558912.4,-0.17521,21.88144895473936,2020,22.817855599631844,0.4333165175704743,0.059418,-0.049616,0.451123,1.240855,3.044522437723423,2.1972245773362196,0.4444444444444444,0.0,0.309828,0.0
000695,2021,2021-12-31,10878,C23,0,0,2107,44361,0.0,0.0,0.0,0.0,1185268848,2425631.45,2430294.08,0.540845,20.893235462594102,2021,20.737501649940015,0.4902836089831298,-0.093065,-0.081464,0.061507,2.882607,3.218875824868201,2.5649493574615367,0.2307692307692307,0.0,0.25,1.0
003015,2020,2020-12-31,10307392,C39,4,4,2736,56189,0.0014619883040935,7.118831087935362e-05,1.461988304093567,0.0711883108793536,664894883,1047676.0,4190704.0,,20.315139516952947,2020,21.08617394973496,0.2157319048820921,0.081232,-0.061541,0.947306,1.532749,0.0,2.302585092994046,0.6,1.0,0.155605,0.0
002264,2023,2023-12-31,102619,F52,4,4,2752,59992,0.001453488372093,6.667555674089879e-05,1.4534883720930232,0.0666755567408988,2745720551,3602225.55,3966775.64,-0.14441,21.733309373636676,2023,21.80741014850517,0.4464410987917275,0.070894,-0.065514,0.206377,1.715554,2.772588722239781,2.3978952727983707,0.4545454545454545,1.0,0.175862,0.0
002672,2020,2020-12-31,103874,C42,0,0,2376,60235,0.0,0.0,0.0,0.0,2308134122,5988614.74,5996714.39,-0.002222,21.559705296122186,2020,23.067391400489225,0.4845011627009777,0.032037,-0.041511,0.182761,1.17687,2.1972245773362196,2.70805020110221,0.4,1.0,0.227619,1.0
300750,2020,2020-12-31,10406012,C38,0,0,2287,56257,0.0,0.0,0.0,0.0,4957306299,433493706.05,817901625.97,2.301975,22.32412834548193,2020,25.77707828242225,0.5581955599443122,0.047323,0.098966,1.153787,3.533674,1.0986122886681098,2.1972245773362196,0.3333333333333333,0.0,0.245326,0.0
603351,2024,2024-12-31,10413876,C27,1,1,2877,54230,0.0003475842891901,1.8439977872026555e-05,0.3475842891901286,0.0184399778720265,181375228,3326385.08,3326385.08,-0.057262,19.01607853174536,2024,21.59075025078206,0.2825451422339703,0.062323,0.121914,0.414835,1.679649,1.791759469228055,1.9459101490553132,0.4285714285714285,1.0,0.136755,0.0
000727,2022,2022-12-31,101811,C39,6,6,2626,68738,0.0022848438690022,8.728796298990369e-05,2.284843869002285,0.0872879629899036,9970840286,6735867.64,8923246.95,-0.345515,23.022930698913303,2022,24.284173775691425,0.7557268779341995,0.005918,-0.123599,0.191072,1.006993,3.258096538021482,2.4849066497880004,0.25,1.0,0.245133,1.0
003013,2022,2022-12-31,10460326,M74,16,13,2748,64528,0.004730713245997,0.0002479543763947,4.730713245997089,0.2479543763947433,343474763,930196.54,6180154.5,-0.210657,19.65462419967892,2022,22.313208262356408,0.5533656785174733,0.085218,0.040183,0.515625,1.122477,1.0986122886681098,2.302585092994046,0.3,0.0,0.7248439999999999,1.0
688639,2021,2021-12-31,10135104,C26,0,0,2937,58871,0.0,0.0,0.0,0.0,229648089,3204203.02,13959000.0,,19.252058651697354,2021,21.11131777289415,0.1973950103163338,0.151769,0.958146,0.655281,2.989425,0.0,2.302585092994046,0.3,1.0,0.1982519999999999,0.0
300051,2020,2020-12-31,102991,I65,17,17,2310,66642,0.0073593073593073,0.0002550943849224,7.35930735930736,0.2550943849224212,5355738776,1919646.44,1919918.12,-0.154589,22.401434491554575,2020,20.36643644489547,0.656490242549018,-0.095133,-0.231113,0.47102,3.399314,2.3978952727983707,2.0794415416798357,0.375,0.0,0.358845,0.0
688563,2023,2023-12-31,10186244,C37,5,4,3373,66675,0.0011858879335902,7.499062617172853e-05,1.1858879335902757,0.0749906261717285,232470321,4168120.31,27540000.0,,19.264273127532245,2023,23.165938911980646,0.1295816102453304,0.073952,0.20009,2.841608,1.230591,0.0,2.302585092994046,0.3,0.0,0.601361,1.0
688273,2023,2023-12-31,10546909,C35,5,5,3432,73984,0.0014568764568764,6.758217993079585e-05,1.456876456876457,0.0675821799307958,251683354,1110307.71,3351652.2,0.046319,19.343682327604977,2023,21.151094939743547,0.1033975373759764,0.060728,-0.09569,7.442612,1.426816,0.6931471805599453,2.302585092994046,0.4,1.0,0.194011,0.0
002167,2023,2023-12-31,102466,C32,1,1,3312,69247,0.0003019323671497,1.4441058818432568e-05,0.3019323671497584,0.0144410588184325,7245314043,4409656.79,4982623.08,0.069884,22.703620758087432,2023,21.954151091964828,0.5997203665751938,-0.030498,0.055612,0.044931,2.003881,2.833213344056216,2.1972245773362196,0.4444444444444444,0.0,0.23514,0.0
301190,2023,2023-12-31,10408687,C26,0,0,2704,60349,0.0,0.0,0.0,0.0,319990032,1347759.69,4071654.41,0.063404,19.583800406397973,2023,21.61992956352218,0.1744180963096809,0.008961,0.236867,1.612373,1.276513,1.0986122886681098,2.1972245773362196,0.3333333333333333,1.0,0.186362,0.0
688722,2022,2022-12-31,10111326,C28,0,0,2959,62418,0.0,0.0,0.0,0.0,616248299,2207654.94,4057480.6,0.319211,20.23916052469668,2022,21.122639333499247,0.1659023402640224,0.132732,0.862634,3.356051,2.026934,0.6931471805599453,2.1972245773362196,0.3333333333333333,1.0,0.37362,1.0
000637,2024,2024-12-31,101589,C25,0,0,2578,60334,0.0,0.0,0.0,0.0,1597756980,1369013.03,1933936.32,0.087719,21.191866595754405,2024,21.595338541009816,0.6830587613460639,-0.036504,-0.174341,0.139759,1.348003,3.367295829986474,2.833213344056216,0.2941176470588235,0.0,0.291489,1.0
600798,2021,2021-12-31,106225,G55,1,1,2682,54996,0.000372856077554,1.818314059204306e-05,0.3728560775540641,0.018183140592043,10180458336,4319265.47,5055378.3,-0.174757,23.043735870336217,2021,22.701718899113686,0.2901071130667012,0.060957,0.026972,0.599317,0.990755,3.218875824868201,2.6390573296152584,0.4285714285714285,0.0,0.311095,1.0
603967,2024,2024-12-31,10146105,G58,1,1,3035,60123,0.000329489291598,1.6632569898374998e-05,0.329489291598023,0.016632569898375,1532332950,3400800.43,3400800.43,-0.002901,21.15005721559181,2024,22.216537652709672,0.4253205231098033,0.076154,0.600301,0.359582,1.189264,1.791759469228055,2.302585092994046,0.3,0.0,0.525,0.0
600231,2024,2024-12-31,105751,C31,1,1,3291,67308,0.0003038590094196,1.4857074939085992e-05,0.3038590094196293,0.0148570749390859,3934111331,5046341.39,5105375.59,-0.167442,22.092950856462004,2024,23.44817169562922,0.6311450209728254,-0.105845,-0.109423,0.179877,0.96621,3.218875824868201,2.1972245773362196,0.3333333333333333,0.0,0.3697189999999999,1.0
600130,2024,2024-12-31,105882,C39,5,5,2402,43112,0.0020815986677768,0.0001159769901651,2.0815986677768525,0.1159769901651512,8256901576,3540000.0,3540000.0,-0.018711,22.834315242363942,2024,20.904101417666254,0.1424546128454221,0.007189,-0.136199,2.848129,3.096842,3.218875824868201,1.9459101490553132,0.4285714285714285,0.0,0.167929,0.0
300218,2020,2020-12-31,105070,C29,0,0,2623,65064,0.0,0.0,0.0,0.0,1236313316,2210344.75,2217607.14,0.302267,20.935399656576507,2020,21.455504041812905,0.4316922704751929,0.025385,-0.087474,0.521107,1.496357,2.302585092994046,2.4849066497880004,0.3333333333333333,1.0,0.218999,0.0
002116,2024,2024-12-31,102450,E48,8,7,2131,55633,0.003284842796809,0.0001437995434364,3.2848427968090097,0.1437995434364495,3254977236,4563743.74,4651241.45,-0.004699,21.903451119341323,2024,22.556893893559693,0.5927385888323828,0.056004,0.025444,0.890757,1.329752,2.8903717578961645,2.5649493574615367,0.3846153846153846,0.0,0.465114,1.0
002009,2020,2020-12-31,101425,C34,5,5,2482,60902,0.0020145044319097,8.20991100456471e-05,2.01450443190975,0.0820991100456471,3148326230,3747872.67,3753665.77,0.328366,21.870136793326637,2020,22.50192198271694,0.6481514014219844,0.014684,0.137661,0.138902,1.281579,2.833213344056216,2.1972245773362196,0.3333333333333333,1.0,0.16837,0.0
688466,2022,2022-12-31,10488317,N77,28,24,3350,73868,0.0071641791044776,0.0003790545297016,7.164179104477612,0.3790545297016299,106033447,696638.5,1551676.0,-0.297451,18.479265149471615,2022,21.33815884771164,0.4033078223073749,0.043204,0.199065,0.7751,1.108781,1.0986122886681098,1.9459101490553132,0.4285714285714285,0.0,0.2519679999999999,0.0
603693,2024,2024-12-31,10148608,D44,1,1,2993,60403,0.0003341129301703,1.6555469099216926e-05,0.3341129301703976,0.0165554690992169,1401542167,8781037.42,8781037.42,-0.107939,21.0608390158796,2024,23.59251303668932,0.5517172843426974,0.02921,0.078759,0.828446,1.049968,1.9459101490553132,2.3978952727983707,0.2727272727272727,0.0,0.572731,1.0
300986,2022,2022-12-31,10383959,C33,4,4,2320,56887,0.0017241379310344,7.031483467224498e-05,1.7241379310344829,0.0703148346722449,417527166,2712753.15,6350866.65,-0.150133,19.849860170796862,2022,22.092772940589132,0.6138507555742151,0.053897,0.302733,0.078391,1.524706,0.6931471805599453,2.1972245773362196,0.3333333333333333,1.0,0.4521529999999999,0.0
688309,2022,2022-12-31,10376748,C35,0,0,2769,57407,0.0,0.0,0.0,0.0,86685256,888402.51,1581012.08,-0.059495,18.277794381155186,2022,,,,,,,,,,,,
688766,2022,2022-12-31,10523038,C39,36,32,3105,66915,0.010305958132045,0.0005379959650302,10.305958132045088,0.5379959650302623,89876578,4232045.3,7706935.45,-0.397029,18.313947942696775,2022,21.60145792214078,0.1755297817001249,0.037527,-0.161476,2.967448,2.28696,0.6931471805599453,1.791759469228055,0.3333333333333333,1.0,0.1872899999999999,0.0
000523,2020,2020-12-31,101780,C26,0,0,3229,74399,0.0,0.0,0.0,0.0,2779714808,2558910.01,2560335.15,-0.446694,21.745614172695937,2020,21.94686877951079,0.8981151185111559,-0.301113,-0.423046,0.11431,2.708776,3.332204510175204,2.4849066497880004,0.5,0.0,0.310396,1.0
688535,2024,2024-12-31,10328262,C39,5,5,3683,84540,0.0013575889220743,5.914360066240833e-05,1.3575889220743955,0.0591436006624083,648169616,3825050.84,5999781.28,-0.194331,20.289662974694412,2024,21.061627505694585,0.2590089327706955,0.030334,0.17226,0.291577,3.254616,0.6931471805599453,2.0794415416798357,0.5,1.0,0.13931,0.0
300722,2022,2022-12-31,10402949,C41,8,8,2715,62278,0.0029465930018416,0.0001284562766948,2.9465930018416207,0.12845627669482,764715577,4914349.44,4914349.44,-0.284888,20.455014529194433,2022,20.34965915603083,0.213543974085098,0.100515,0.161741,1.313135,7.275938,1.791759469228055,2.1972245773362196,0.3333333333333333,0.0,0.3642269999999999,1.0
002088,2020,2020-12-31,101850,C30,0,0,2461,51054,0.0,0.0,0.0,0.0,1035817412,3538672.31,4011077.03,0.099251,20.758456722973214,2020,21.918505602302204,0.2804677999450776,0.115919,0.083206,0.619505,1.436124,2.70805020110221,2.3978952727983707,0.3636363636363636,0.0,0.281408,0.0
603230,2022,2022-12-31,10525375,R85,6,6,2867,56328,0.0020927799093128,0.0001065189603749,2.0927799093128705,0.1065189603749467,1640797799,986093.03,3899358.69,-0.571125,21.218448423912186,2022,22.116237404378992,0.425512887914141,0.070177,0.04188,1.035689,1.099603,0.6931471805599453,2.1972245773362196,0.3333333333333333,0.0,0.6646139999999999,1.0
688168,2020,2020-12-31,10394317,I65,32,28,2389,51504,0.0117203850983675,0.0006213109661385,11.720385098367515,0.6213109661385523,160172786,1667714.57,3063634.8,-0.414523,18.89176370925532,2020,20.858721903817848,0.1073504251545368,0.040341,0.056703,4.331599,1.970523,0.6931471805599453,2.302585092994046,0.3,0.0,0.262993,0.0
300650,2021,2021-12-31,10289116,F51,7,7,3052,68519,0.0022935779816513,0.0001021614442709,2.293577981651376,0.1021614442709321,483497015,1722555.92,4015379.73,0.87455,19.996555701173634,2021,21.57569875588672,0.5233375447022875,0.062292,2.032211,0.189989,1.517351,1.6094379124341005,2.0794415416798357,0.375,0.0,0.220695,0.0
600298,2020,2020-12-31,105768,C14,1,1,2088,40800,0.0004789272030651,2.4509803921568623e-05,0.4789272030651341,0.0245098039215686,2802903888,42085813.76,42085813.76,0.678187,21.753921819921857,2020,23.103476519676352,0.4274267609221069,0.137312,0.167297,0.353847,4.321673,3.044522437723423,2.3978952727983707,0.5454545454545454,0.0,0.399781,1.0
603619,2022,2022-12-31,10284840,B11,0,0,3188,70553,0.0,0.0,0.0,0.0,3656576892,7172001.79,7172001.79,0.209473,22.019793271580383,2022,22.69100917323235,0.6788299492637617,0.077063,0.747714,0.151826,1.681274,1.791759469228055,1.9459101490553132,0.4285714285714285,1.0,0.275924,0.0
600769,2020,2020-12-31,106451,D46,0,0,2076,37217,0.0,0.0,0.0,0.0,984838471,1964880.53,1964880.53,-0.055856,20.707988197871632,2020,20.003449074634226,0.6090015073673597,0.03594,0.323387,0.216709,9.823595,3.218875824868201,2.3978952727983707,0.5454545454545454,1.0,0.200789,1.0
603112,2020,2020-12-31,10460324,C33,0,0,2417,47672,0.0,0.0,0.0,0.0,404413157,606480.0,4845000.0,,19.81794758167326,2020,21.690396319703808,0.3223190312267509,0.099996,-0.048463,0.661216,1.145737,0.0,2.1972245773362196,0.3333333333333333,0.0,0.637965,0.0
603787,2021,2021-12-31,10108435,C37,5,5,2518,50669,0.0019857029388403,9.867966606801004e-05,1.985702938840349,0.09867966606801,821313944,3447600.0,3447600.0,-0.420412,20.526415987745622,2021,21.760792681937662,0.6442519162717161,0.003273,-0.155372,0.423089,1.86584,1.6094379124341005,2.1972245773362196,0.3333333333333333,0.0,0.455,0.0
688667,2022,2022-12-31,10523255,C39,3,3,3218,72470,0.0009322560596643,4.139643990616807e-05,0.9322560596643878,0.041396439906168,149643368,1989697.42,4508692.42,-0.494511,18.823765481224463,2022,21.375309943330667,0.2089148536766618,0.036369,-0.146977,0.233844,1.687484,0.6931471805599453,2.0794415416798357,0.375,1.0,0.258576,0.0
688255,2022,2022-12-31,10368407,C34,10,9,2886,58237,0.0031185031185031,0.0001717121417655,3.118503118503119,0.1717121417655442,180195315,1264634.66,2016039.65,-0.347112,19.009551909459947,2022,20.91422253975394,0.0776323654406435,0.030463,-0.273731,2.506871,1.466212,0.6931471805599453,2.1972245773362196,0.3333333333333333,0.0,0.344032,0.0
600881,2023,2023-12-31,10153,C30,1,1,3222,71424,0.0003103662321539,1.400089605734767e-05,0.3103662321539416,0.0140008960573476,4499039000,6335381.5,6335381.5,-0.1875,22.22712965558317,2023,24.542318449235324,0.8471646617124956,-0.10024,-0.286549,0.015923,0.986217,3.367295829986474,2.8903717578961645,0.3684210526315789,0.0,0.090827,1.0
000715,2024,2024-12-31,102284,F52,2,2,2145,47122,0.0009324009324009,4.244302024532066e-05,0.9324009324009324,0.0424430202453206,4884026388,2884663.48,2889246.63,-0.042408,22.309235796333425,2024,21.701276828538766,0.2744518333187872,0.038433,-0.05757,0.602664,1.360042,3.332204510175204,2.1972245773362196,0.3333333333333333,0.0,0.153353,0.0
300886,2020,2020-12-31,10380971,C26,0,0,2534,56446,0.0,0.0,0.0,0.0,207291553,657233.56,2770005.0,,19.14963683369129,2020,20.121446308133866,0.0583971610597572,0.086265,-0.040937,8.85617,1.976326,0.0,2.4849066497880004,0.4166666666666667,0.0,0.28279,0.0
300666,2022,2022-12-31,10314665,C39,7,6,2691,74642,0.0022296544035674,9.37809812170092e-05,2.229654403567447,0.0937809812170091,1569050637,12154497.81,18377053.71,0.317933,21.173736584236423,2022,22.34960470301019,0.2161405539165449,0.059442,0.457971,1.650736,2.871771,1.791759469228055,2.302585092994046,0.3,0.0,0.213752,0.0
301132,2023,2023-12-31,10471951,C39,10,10,2143,52211,0.0046663555762949,0.0001915305203884,4.666355576294913,0.1915305203884238,911825434,1248181.61,4233863.7,0.142408,20.630959120726335,2023,21.54580667634264,0.2508302837647772,0.04931,0.168135,1.480945,1.327482,0.6931471805599453,1.9459101490553132,0.4285714285714285,0.0,0.169526,0.0
300982,2024,2024-12-31,10439333,E48,30,28,2955,76642,0.0094754653130287,0.000391430286266,9.475465313028764,0.391430286266016,1204455019,3705374.46,3955103.94,-0.40743,20.90929303602595,2024,22.275429158778188,0.3609753859592124,0.011074,-0.28219,0.503709,1.18607,1.3862943611198906,2.302585092994046,0.5,1.0,0.3536829999999999,0.0
301043,2024,2024-12-31,10523357,C34,2,2,2886,59639,0.0006930006930006,3.353510286892805e-05,0.693000693000693,0.033535102868928,203336335,658511.47,1946840.0,-0.098381,19.130371993567604,2024,20.964753196703704,0.3119395684121996,0.087702,0.055164,0.443944,1.2845,1.3862943611198906,1.9459101490553132,0.5714285714285714,1.0,0.4411319999999999,0.0
600172,2020,2020-12-31,105838,C30,2,2,2039,39044,0.0009808729769494,5.122425980944576e-05,0.980872976949485,0.0512242598094457,9519859593,4015449.1,4730365.08,0.127148,22.976645937111513,2020,23.022932021432855,0.6772321680688459,-0.094014,-0.158978,0.083216,1.128732,3.1354942159291497,2.833213344056216,0.3529411764705882,0.0,0.1818209999999999,0.0
000426,2021,2021-12-31,107585,B09,0,0,2286,60846,0.0,0.0,0.0,0.0,7633676729,10681477.83,13301271.67,-0.076531,22.755835444289517,2021,22.92643137433313,0.4068269283650245,0.026836,1.136543,0.055075,1.703458,3.258096538021482,2.1972245773362196,0.3333333333333333,0.0,0.302677,0.0
601096,2024,2024-12-31,10561110,C33,1,1,3266,68431,0.0003061849357011,1.4613260072189504e-05,0.3061849357011635,0.0146132600721895,16020802873,7146947.95,11636924.63,-0.218691,23.497153894309587,2024,22.954144954563027,0.5277935783666792,0.025093,0.090745,0.319102,1.477814,0.6931471805599453,2.833213344056216,0.3529411764705882,0.0,0.315218,1.0
920262,2023,2023-12-31,10382293,C17,0,0,2019,51228,0.0,0.0,0.0,0.0,114969576,255234.4,875623.56,0.775357,18.560178103502487,2023,,,,,,,,,,,,
002407,2023,2023-12-31,102108,C26,3,3,3283,78365,0.0009137983551629,3.828239647801953e-05,0.9137983551629608,0.0382823964780195,3096082976,14630722.34,18164896.17,-0.342497,21.85340359367133,2023,23.849832851854305,0.4838095275701396,0.031233,-0.034097,0.634286,1.226062,2.6390573296152584,2.4849066497880004,0.4166666666666667,0.0,0.10262,0.0
002818,2021,2021-12-31,10120582,L72,25,15,2792,63928,0.0053724928366762,0.0003910649480665,5.3724928366762175,0.3910649480665749,618641944,3733138.89,9363221.34,-0.072187,20.24303722225339,2021,22.699516598669117,0.1370195392673804,0.134767,0.157583,0.279424,1.173295,1.791759469228055,2.0794415416798357,0.375,0.0,0.437033,0.0
300351,2024,2024-12-31,10100856,C39,0,0,2042,44773,0.0,0.0,0.0,0.0,4114496078,4645795.41,6881649.66,-0.138996,22.137782204038388,2024,21.995879551451385,0.2997230058773809,0.038154,0.330403,0.494408,1.828524,2.5649493574615367,1.791759469228055,0.5,0.0,0.138605,0.0
000068,2022,2022-12-31,101662,M74,5,4,2045,51853,0.0019559902200488,9.642643627176828e-05,1.9559902200488997,0.0964264362717682,6262580030,3855551.71,3855551.71,0.106936,22.557858082676937,2022,22.1840236800748,0.901681687027458,-0.056224,0.184593,0.086923,1.796402,3.258096538021482,2.70805020110221,0.3333333333333333,0.0,0.264767,1.0
603599,2021,2021-12-31,10102536,C26,0,0,2925,57222,0.0,0.0,0.0,0.0,2027036250,18046437.59,18118001.27,0.644973,21.429840588321476,2021,23.041038577799466,0.3145777762847817,0.168886,0.63116,0.732016,2.094728,1.9459101490553132,2.772588722239781,0.375,1.0,0.40567,0.0
603393,2022,2022-12-31,10145021,D45,0,0,2691,56701,0.0,0.0,0.0,0.0,2351454057,8188305.73,9228767.29,-0.093788,21.578299721841915,2022,23.259657297011167,0.3003273717132069,0.134225,0.305412,1.440845,1.027326,1.9459101490553132,1.9459101490553132,0.4285714285714285,0.0,0.4106669999999999,0.0
002403,2022,2022-12-31,102040,C33,17,10,2743,64942,0.0036456434560699,0.0002617720427458,3.6456434560699966,0.2617720427458347,1893631935,2371007.52,2639948.99,0.079387,21.36176248125208,2022,22.372406517117195,0.6056466060722564,-0.017704,-0.16198,0.164042,1.101564,2.5649493574615367,1.9459101490553132,0.4285714285714285,1.0,0.368861,0.0
000869,2023,2023-12-31,101259,C15,0,0,2033,46792,0.0,0.0,0.0,0.0,369237033,10946000.56,11112885.43,-0.186839,19.726949364338115,2023,23.31375301848692,0.1758919023680353,0.039689,0.118865,0.911915,1.141618,3.1780538303479458,2.6390573296152584,0.3571428571428571,0.0,0.49906,0.0
603608,2023,2023-12-31,10108902,C19,27,16,3214,66394,0.0049782202862476,0.0004066632527035,4.978220286247667,0.4066632527035575,2390325007,2354551.2,2354551.2,0.280822,21.594695180255368,2023,21.47657241818304,0.3780437101984142,-0.013151,0.000634,1.955853,1.486589,2.0794415416798357,1.9459101490553132,0.4285714285714285,0.0,0.174502,0.0
002433,2023,2023-12-31,101926,C27,0,0,3226,74638,0.0,0.0,0.0,0.0,5575618510,1764193.93,1817252.48,-0.457666,22.44166909181593,2023,,,,,,,,,,,,
001267,2023,2023-12-31,10428624,E48,0,0,2473,60293,0.0,0.0,0.0,0.0,1945162855,1891718.66,4077681.57,-0.310339,21.388611541102872,2023,21.635947262708655,0.3899487530458934,0.02269,0.120722,0.292921,1.475855,1.0986122886681098,2.1972245773362196,0.3333333333333333,1.0,0.293476,0.0
000875,2020,2020-12-31,101432,D44,2,2,2672,60622,0.0007485029940119,3.299132328197684e-05,0.7485029940119761,0.0329913232819768,9509286018,9164736.68,9164760.69,0.359873,22.97553463381885,2020,24.75022923703963,0.7985884282193596,0.016161,0.18995,0.026579,0.961981,2.9444389791664403,2.4849066497880004,0.25,0.0,0.196148,1.0
300176,2023,2023-12-31,102913,C36,8,8,2722,55046,0.002939015429831,0.000145332994223,2.9390154298310063,0.1453329942230135,1423289796,2618018.21,2618018.21,0.130435,21.0762367874632,2023,21.485150940008577,0.5771142902327073,0.007191,0.116804,0.167952,1.799168,2.5649493574615367,2.0794415416798357,0.5,0.0,0.235543,0.0
300666,2023,2023-12-31,10314665,C39,8,8,2831,76786,0.0028258565877781,0.000104185658844,2.82585658777817,0.1041856588440601,1249821357,12181105.11,15549216.45,-0.150491,20.9462664644475,2023,22.559304849175057,0.3415113955139807,0.038775,0.119511,0.746135,2.426396,1.9459101490553132,2.302585092994046,0.3,0.0,0.213859,0.0
688111,2022,2022-12-31,10406869,I65,36,32,3219,70381,0.0099409754582168,0.000511501683693,9.940975458216837,0.511501683693042,676849314,121988482.21,121988482.21,0.000717,20.332959228554486,2022,23.21296735584286,0.2703079321304275,0.100601,0.184418,2.549926,7.275938,1.3862943611198906,2.4849066497880004,0.5,0.0,0.5268619999999999,0.0
600586,2023,2023-12-31,107396,C30,0,0,2384,41900,0.0,0.0,0.0,0.0,6601205967,9544183.6,9544183.6,-0.229621,22.610518191711325,2023,23.15763628181124,0.4825286930319793,0.040958,0.068531,0.261211,1.319104,3.091042453358316,2.1972245773362196,0.4444444444444444,0.0,0.3203,0.0
300886,2022,2022-12-31,10380971,C26,0,0,2304,53438,0.0,0.0,0.0,0.0,190367977,722211.03,1624553.45,-0.280158,19.06446948340412,2022,20.239031933534925,0.1234981486173078,0.035061,0.034184,1.908396,1.782441,1.0986122886681098,2.1972245773362196,0.3333333333333333,0.0,0.28279,0.0
002900,2020,2020-12-31,10366821,C27,0,0,2967,62110,0.0,0.0,0.0,0.0,655434660,1579896.99,2928550.46,-0.201843,20.300809178091523,2020,21.632637002375887,0.278392929706359,0.010333,-0.363062,1.1208,1.247054,1.3862943611198906,2.1972245773362196,0.3333333333333333,1.0,0.39073,0.0
603086,2024,2024-12-31,10138280,C26,2,2,3109,58748,0.0006432936635574,3.404371212637026e-05,0.6432936635574139,0.0340437121263702,1604597718,1861000.25,1861000.25,-0.272109,21.19613891974474,2024,22.056920785937084,0.4794167154053291,-0.007198,-0.016774,0.172893,0.969813,2.0794415416798357,1.9459101490553132,0.4285714285714285,0.0,0.291641,0.0
688251,2024,2024-12-31,10276392,C34,65,61,4238,90327,0.0143935818782444,0.0007196076477686,14.393581878244456,0.7196076477686627,236142903,835359.7,1403444.45,-0.186657,19.279947705157067,2024,21.26691823335016,0.5117181156701197,0.026357,0.257514,0.371256,1.194394,1.0986122886681098,2.1972245773362196,0.4444444444444444,1.0,0.198489,0.0
301309,2024,2024-12-31,10545568,C34,3,3,2294,56760,0.0013077593722755,5.285412262156448e-05,1.3077593722755014,0.0528541226215644,182256930,604250.0,2417000.0,-0.124508,19.02092795830824,2024,21.328203536680512,0.1413473973780546,0.085018,0.445555,0.584676,1.115323,1.0986122886681098,2.1972245773362196,0.3333333333333333,0.0,0.182,0.0
600150,2024,2024-12-31,105835,C37,1,1,3543,80229,0.0002822466836014,1.2464320881476771e-05,0.2822466836014677,0.0124643208814767,11637562356,160828538.14,160828538.14,0.228261,23.17750383781666,2024,25.927144874716983,0.6962996824246857,0.021442,0.050053,0.238471,1.580086,3.295836866004329,2.70805020110221,0.3333333333333333,0.0,0.444687,1.0
600993,2020,2020-12-31,10851,C27,0,0,2687,56788,0.0,0.0,0.0,0.0,2269658063,8666383.3,8681425.36,0.166381,21.542895024494378,2020,22.07560525680853,0.237916120266088,0.120428,0.031861,2.549479,2.480662,2.833213344056216,2.1972245773362196,0.3333333333333333,0.0,0.292686,0.0
002340,2020,2020-12-31,102732,C42,7,4,3206,80756,0.0012476606363069,8.668086581801971e-05,1.2476606363069245,0.0866808658180197,38626281005,33286363.96,33436820.58,0.441478,24.37719873681825,2020,24.11469236068232,0.5258574869085434,0.015109,-0.131513,0.288751,1.648431,2.3978952727983707,2.0794415416798357,0.375,1.0,0.099201,0.0
002266,2022,2022-12-31,102508,N77,2,2,2687,69785,0.0007443245254931,2.8659454037400587e-05,0.744324525493115,0.0286594540374005,5973088656,12498857.15,20995902.21,-0.439607,22.51052999354641,2022,23.926862953843163,0.5598496439453898,0.065285,0.187109,0.183616,1.24563,2.70805020110221,2.5649493574615367,0.3846153846153846,0.0,0.256186,0.0
002205,2022,2022-12-31,101464,C30,0,0,2122,50375,0.0,0.0,0.0,0.0,5094567533,2046133.94,2046133.94,0.355474,22.3514406195475,2022,22.174012971469047,0.7813161986031633,-0.025642,-0.461193,0.040452,1.26092,2.70805020110221,2.1972245773362196,0.3333333333333333,0.0,0.302078,1.0
300299,2022,2022-12-31,107868,I65,11,8,2524,56555,0.0031695721077654,0.0001945009282998,3.1695721077654517,0.194500928299885,6548140936,3269370.92,3490708.9,-0.236006,22.60244701989502,2022,20.75537641534481,0.4415735617959658,0.037147,-0.288042,0.168769,3.641796,2.3978952727983707,1.9459101490553132,0.4285714285714285,0.0,0.148819,0.0
688331,2022,2022-12-31,10505905,C27,0,0,3386,77405,0.0,0.0,0.0,0.0,337647645,3373995.27,27484289.89,,19.637513442244547,2022,22.51855069814958,0.1728711611157219,-0.196226,-0.458686,2.359512,1.494183,0.0,2.302585092994046,0.4,0.0,0.348299,0.0
603315,2024,2024-12-31,10102480,C34,3,3,3028,58552,0.0009907529722589,5.123650771963383e-05,0.9907529722589168,0.0512365077196338,1020266125,3363145.55,3434969.55,-0.257536,20.743329338055197,2024,21.77301979110104,0.4175685886886139,0.030615,0.213576,0.056434,1.606928,2.302585092994046,2.1972245773362196,0.3333333333333333,0.0,0.271749,0.0
600725,2024,2024-12-31,106109,C25,0,0,2603,48015,0.0,0.0,0.0,0.0,5264771710,4165748.6,4165748.6,0.165517,22.3843036218582,2024,19.790296623964807,0.2136345549516895,-0.144105,-0.155748,1.469312,7.345257,3.367295829986474,2.70805020110221,0.3333333333333333,0.0,0.290365,1.0
600114,2022,2022-12-31,105828,C33,3,3,2626,58535,0.0011424219345011,5.125138805842658e-05,1.1424219345011426,0.0512513880584265,2759246712,5239259.55,5239259.55,-0.27234,21.738223549350817,2022,22.592362049390857,0.5569670777421811,0.026866,0.037595,0.164011,1.365191,2.9444389791664403,2.3978952727983707,0.3636363636363636,1.0,0.106212,0.0
002408,2021,2021-12-31,102109,C26,1,1,2181,59430,0.0004585052728106,1.6826518593303047e-05,0.4585052728106373,0.016826518593303,11318954428,29097386.72,29847690.03,0.788445,23.149744540526218,2021,23.98407067648931,0.485229731351496,0.104764,0.41344,0.137668,1.614273,2.4849066497880004,2.1972245773362196,0.3333333333333333,1.0,0.4591559999999999,0.0
603918,2020,2020-12-31,10101875,I65,37,33,2397,49702,0.013767209011264,0.0007444368435877,13.76720901126408,0.7444368435877832,1146941703,2403436.32,2430357.96,-0.070027,20.86036484904178,2020,21.045290269559537,0.4760853192520032,0.06553,0.063096,0.595509,2.223612,1.791759469228055,2.1972245773362196,0.3333333333333333,1.0,0.291234,0.0
001696,2024,2024-12-31,101196,C37,3,3,2361,60091,0.0012706480304955,4.9924281506381985e-05,1.2706480304955527,0.0499242815063819,26970354798,22194359.15,28511170.31,2.793363,24.018004129332247,2024,23.207153808278484,0.5480475175160737,0.04491,0.298363,0.314398,2.499595,3.332204510175204,2.1972245773362196,0.3333333333333333,0.0,0.201036,0.0
603823,2021,2021-12-31,10138501,C26,4,3,2855,57860,0.0010507880910683,6.91323885240235e-05,1.0507880910683014,0.0691323885240235,568235093,4693500.0,4737383.48,0.031314,20.158045788940647,2021,21.965774890884855,0.3468745996853868,0.106004,0.225535,0.335901,1.707746,1.791759469228055,2.3978952727983707,0.3636363636363636,1.0,0.638575,0.0
301313,2023,2023-12-31,10149284,I65,43,36,2646,64757,0.0136054421768707,0.0006640208780517,13.605442176870747,0.6640208780517936,1263609907,2336470.41,3690142.4,0.108356,20.957238467950415,2023,21.12760652542503,0.3115581130907369,0.00603,-0.055342,0.701163,2.123502,0.6931471805599453,2.4849066497880004,0.5,1.0,0.273017,0.0
600858,2020,2020-12-31,10558,F52,3,3,2708,58184,0.0011078286558345,5.156056647875705e-05,1.1078286558345642,0.051560566478757,1296537746,3389939.59,3406436.16,0.273694,20.982963277058317,2020,23.05746145494117,0.730070737188824,-0.040147,-0.55867,0.234802,1.059824,3.295836866004329,1.9459101490553132,0.2857142857142857,0.0,0.2506,1.0
300931,2021,2021-12-31,10394324,C34,0,0,2208,51039,0.0,0.0,0.0,0.0,1971570839,697664.8,2790496.52,,21.402096442667865,2021,20.810275546784652,0.2692777700139342,0.051818,0.043663,1.787685,1.456836,0.0,2.302585092994046,0.4,1.0,0.167478,0.0
600130,2021,2021-12-31,105882,C39,8,8,2050,37588,0.0039024390243902,0.0002128338831541,3.902439024390244,0.2128338831541981,3084317852,3148800.0,3148800.0,0.093333,21.849596352511742,2021,20.932874211355383,0.1727947530103161,0.046105,0.101224,1.838389,2.726162,3.091042453358316,1.9459101490553132,0.4285714285714285,0.0,0.163993,0.0
300534,2022,2022-12-31,10122683,C27,0,0,2601,57656,0.0,0.0,0.0,0.0,7720531439,2665551.78,2690670.15,-0.397418,22.767149037992013,2022,20.63201954719155,0.1639597555407587,0.034886,0.435817,0.767968,3.094657,1.9459101490553132,2.3978952727983707,0.2727272727272727,0.0,0.299281,1.0
600662,2020,2020-12-31,107547,G54,10,8,3039,66837,0.0026324448831852,0.0001496177267082,2.6324448831852583,0.1496177267082603,4761577962,9290654.52,9290654.52,0.951542,22.283844955086085,2020,22.648317723945524,0.4816379826940896,0.008121,-0.295921,0.503307,1.836849,3.332204510175204,2.5649493574615367,0.4615384615384615,0.0,0.4500289999999999,1.0
301176,2022,2022-12-31,10562695,C39,18,18,2317,55221,0.0077686663789382,0.0003259629488781,7.768666378938282,0.3259629488781442,186688764,672942.69,2956976.01,,19.044953429947107,2022,21.51280477702423,0.2429156988554203,0.03778,0.050084,0.528161,1.133257,0.0,1.791759469228055,0.3333333333333333,1.0,0.520641,0.0
002800,2023,2023-12-31,10120748,G54,1,1,2291,53159,0.0004364906154517,1.8811490058127504e-05,0.4364906154517677,0.0188114900581275,895795333,1737286.36,1867275.12,-0.319191,20.613222522971956,2023,,,,,,,,,,,,
002127,2021,2021-12-31,102361,L72,3,3,2916,65810,0.0010288065843621,4.55857772375019e-05,1.02880658436214,0.0455857772375019,19524071927,13552809.82,16938605.78,-0.483428,23.694913999045657,2021,22.43197058596633,0.119670617909908,0.079407,-0.06803,1.783554,2.777253,2.70805020110221,2.772588722239781,0.25,1.0,0.2493649999999999,0.0
002795,2024,2024-12-31,10121703,C34,3,3,3135,65276,0.000956937799043,4.595869844965991e-05,0.9569377990430622,0.0459586984496599,5041732841,1773871.99,1818676.64,-0.453815,22.341015677795017,2024,21.14009109124168,0.6753694173981343,-0.202845,-0.13189,0.263134,1.85259,2.1972245773362196,1.9459101490553132,0.4285714285714285,0.0,0.096475,0.0
003041,2023,2023-12-31,10147175,C17,3,3,2467,55661,0.0012160518848804,5.389770216129786e-05,1.2160518848804216,0.0538977021612978,268946814,762856.38,2397600.0,0.157955,19.410024204263525,2023,21.486621564411088,0.3800357782142693,0.052483,-0.026428,0.762026,1.15831,1.0986122886681098,2.302585092994046,0.4,0.0,0.46365,0.0
002669,2024,2024-12-31,107919,C26,3,3,3567,88700,0.0008410428931875,3.382187147688839e-05,0.8410428931875525,0.0338218714768883,2582954268,2904650.68,2921742.0,-0.186242,21.67219964629634,2024,22.660589253261197,0.5813176909233866,-0.041849,0.110487,0.226083,1.002295,2.5649493574615367,2.6390573296152584,0.3571428571428571,0.0,0.28354,1.0
002004,2021,2021-12-31,101205,C26,0,0,3017,78502,0.0,0.0,0.0,0.0,12314092764,13259281.69,14334614.94,0.34657,23.234010196702492,2021,24.12594301485216,0.47332164952282,0.031747,0.136334,0.219765,0.95387,2.8903717578961645,2.302585092994046,0.5,0.0,0.187103,0.0
688041,2024,2024-12-31,10416206,C39,41,35,3296,63908,0.0106189320388349,0.0006415472241346,10.618932038834952,0.6415472241346936,4897761254,131898750.02,348162602.65,1.111864,22.312044050923753,2024,24.075255188425945,0.2068499637227917,0.105591,0.523977,1.855475,5.347326,1.0986122886681098,2.3978952727983707,0.3636363636363636,0.0,0.279606,0.0
002151,2023,2023-12-31,102569,C39,29,27,3335,73260,0.008095952023988,0.0003958503958503,8.095952023988007,0.3958503958503959,2533130395,12911543.0,17184549.37,0.124644,21.65272168551976,2023,22.593998157617403,0.1356845575328964,-0.007933,0.069741,1.710075,2.342791,2.833213344056216,2.302585092994046,0.5,1.0,0.148956,0.0
600383,2022,2022-12-31,105921,K70,5,4,2929,75716,0.0013656538067599,6.603624068889006e-05,1.3656538067599864,0.06603624068889,16870306635,46184189.94,46184189.94,-0.162683,23.54882090974692,2022,26.426023458049738,0.7227910903733692,0.020781,0.213276,0.245722,0.832915,3.091042453358316,2.70805020110221,0.3333333333333333,0.0,0.216946,0.0
300376,2020,2020-12-31,10106919,C38,38,32,2586,70443,0.0123743232791956,0.000539443237795,12.37432327919567,0.5394432377950967,13242971382,18375559.11,18414715.55,0.743886,23.306732786973704,2020,23.310824308338297,0.5437169025503548,0.036085,0.209944,0.090388,1.926592,1.9459101490553132,2.5649493574615367,0.4615384615384615,0.0,0.368586,0.0
688188,2020,2020-12-31,10459498,I65,3,3,2403,47003,0.0012484394506866,6.382571325234559e-05,1.2484394506866416,0.0638257132523456,202678551,6775063.0,26362000.0,0.681465,19.12713179427964,2020,21.683165565829636,0.053624264543123,0.15298,0.517876,4.134838,3.348887,0.6931471805599453,1.9459101490553132,0.4285714285714285,0.0,0.21,0.0
300980,2023,2023-12-31,10214817,C29,1,1,2800,58381,0.0003571428571428,1.7128860416916463e-05,0.3571428571428571,0.0171288604169164,350654801,1196743.49,2541497.67,0.346834,19.675312827420655,2023,21.22665496352552,0.3727200495421821,0.029112,0.02689,1.910569,1.428031,1.0986122886681098,2.1972245773362196,0.3333333333333333,0.0,0.295062,0.0
600138,2024,2024-12-31,105794,L72,0,0,2942,57407,0.0,0.0,0.0,0.0,4433998010,7339737.6,7339737.6,-0.037194,22.21256749956127,2024,23.59634090137219,0.5198465115037513,0.01482,0.033418,0.185487,0.934724,3.332204510175204,2.4849066497880004,0.3333333333333333,0.0,0.17373,1.0
300491,2020,2020-12-31,10119600,C38,5,5,2120,46195,0.0023584905660377,0.0001082368221669,2.3584905660377355,0.1082368221669011,1558455679,1900362.43,2548069.82,0.218294,21.166961219167053,2020,20.650419925435937,0.252386014883887,0.046369,0.158536,0.424296,2.486389,1.791759469228055,2.0794415416798357,0.375,0.0,0.17888,0.0
300841,2024,2024-12-31,10315610,C27,1,1,2149,51019,0.0004653327128897,1.9600540974930907e-05,0.4653327128897161,0.0196005409749309,566474603,6569270.24,7248264.93,-0.271086,20.154942807771675,2024,22.11643210085641,0.1440252583886312,0.096797,-0.092253,1.412001,1.855281,1.6094379124341005,2.0794415416798357,0.5,0.0,0.1226459999999999,0.0
603045,2021,2021-12-31,10102565,C38,2,2,2357,46534,0.0008485362749257,4.297932694374006e-05,0.848536274925753,0.04297932694374,877660154,2361559.2,2361559.2,0.428335,20.59277000947137,2021,21.4969449525948,0.5988578989324677,0.02799,0.271885,0.22398,1.688275,1.3862943611198906,2.1972245773362196,0.3333333333333333,1.0,0.263397,0.0
002654,2024,2024-12-31,105117,L72,7,6,3030,68060,0.0019801980198019,0.0001028504260946,1.98019801980198,0.1028504260946223,13510582507,10252792.06,10253519.86,-0.023349,23.326739104791383,2024,22.290516004220205,0.6674561823761442,0.013737,0.150758,0.104338,2.806397,2.5649493574615367,2.1972245773362196,0.3333333333333333,0.0,0.238942,1.0
603036,2022,2022-12-31,10121205,C35,0,0,2221,41213,0.0,0.0,0.0,0.0,1393560681,2146582.78,2153172.13,0.048756,21.05512795040389,2022,21.04100485201081,0.1108357790598057,0.05932,0.137787,2.946892,1.675824,1.9459101490553132,1.791759469228055,0.3333333333333333,0.0,0.145519,0.0
301052,2024,2024-12-31,10453845,R85,13,12,2721,59553,0.0044101433296582,0.0002182929491377,4.410143329658214,0.2182929491377428,1791713775,2040184.18,2517525.58,-0.215179,21.30643841552775,2024,20.6750010916603,0.2509880630770927,0.046455,0.217595,1.324801,2.534074,1.3862943611198906,1.6094379124341005,0.6,0.0,0.242603,0.0
600594,2020,2020-12-31,106275,C27,1,1,2827,59758,0.0003537318712415,1.673416111650323e-05,0.3537318712415989,0.0167341611165032,3868396253,4133861.03,4133861.03,0.168675,22.0761058534476,2020,22.343595071346797,0.3488321583137723,0.03853,0.015521,0.401961,1.166649,2.833213344056216,2.1972245773362196,0.3333333333333333,0.0,0.234185,0.0
000017,2024,2024-12-31,101711,C37,3,2,2694,51797,0.0007423904974016,5.791841226325849e-05,0.7423904974016332,0.0579184122632584,8900695581,1757312.8,2556767.32,0.333333,22.90939526591144,2024,19.88959624975665,0.1526357864616847,0.039392,0.020031,1.280498,5.240468,3.4657359027997265,2.1972245773362196,0.3333333333333333,0.0,0.2,0.0
002863,2023,2023-12-31,10147142,C36,2,2,2988,68201,0.000669344042838,2.932508320992361e-05,0.6693440428380187,0.0293250832099236,3823096908,3097967.78,3097967.78,0.156134,22.06432664028003,2023,22.717576133921984,0.6343251288897584,0.010796,0.045071,0.185878,1.055984,1.9459101490553132,2.3978952727983707,0.5454545454545454,0.0,0.288496,0.0
301163,2024,2024-12-31,10441127,C33,0,0,2719,57091,0.0,0.0,0.0,0.0,720229844,706744.01,1724208.0,-0.21107,20.395080948198252,2024,21.07393961786732,0.2167888357973326,0.01551,-0.065034,0.771353,1.176664,1.0986122886681098,1.9459101490553132,0.4285714285714285,0.0,0.429647,0.0
301230,2024,2024-12-31,10375957,M73,13,13,2776,69475,0.0046829971181556,0.0001871176682259,4.682997118155619,0.1871176682259805,1199085710,1961474.98,3562250.16,-0.060447,20.904825195841333,2024,20.99818662055573,0.2155296588821108,0.012187,0.111808,0.309009,2.058048,1.0986122886681098,1.9459101490553132,0.4285714285714285,1.0,0.277068,0.0
300900,2024,2024-12-31,10374765,C37,1,1,3293,75012,0.0003036744609778,1.333120034127873e-05,0.3036744609778318,0.0133312003412787,2825082021,4790563.25,6525923.8,0.252026,21.76180323545961,2024,22.32889338152453,0.6742175268313081,-0.010489,0.416423,0.287927,1.722664,1.6094379124341005,2.3978952727983707,0.2727272727272727,0.0,0.310965,0.0
301333,2022,2022-12-31,10380981,M73,2,2,2139,50385,0.0009350163627863,3.969435347821772e-05,0.9350163627863488,0.0396943534782177,115337526,1235100.0,4940400.0,,18.56337340496451,2022,21.355038252990106,0.1525737099161609,0.089336,0.047819,5.422635,1.444783,0.0,2.1972245773362196,0.3333333333333333,1.0,0.2868,0.0
300768,2020,2020-12-31,10408141,I65,48,39,2204,54759,0.0176950998185117,0.0008765682353585,17.695099818511796,0.8765682353585712,741427944,5043545.23,14556363.9,0.001234,20.424088540174512,2020,21.606709110393343,0.2043214182054386,0.121282,0.108762,3.963429,2.809096,0.6931471805599453,2.4849066497880004,0.3333333333333333,1.0,0.484017,0.0
002414,2022,2022-12-31,101922,C39,27,24,2127,56600,0.0112834978843441,0.0004770318021201,11.283497884344149,0.4770318021201413,5592887369,28752595.94,36136997.84,-0.349442,22.444761514911008,2022,22.90794510624068,0.1985222555650916,0.055462,-0.277479,1.456805,3.597364,2.5649493574615367,1.9459101490553132,0.4285714285714285,0.0,0.363918,0.0
000045,2022,2022-12-31,101184,C39,0,0,2308,55042,0.0,0.0,0.0,0.0,2886472657,5068372.31,5069170.79,0.172632,21.783301060049016,2022,22.44908800593917,0.2823671451483429,0.019997,0.237271,1.087309,1.216359,3.367295829986474,2.302585092994046,0.3,0.0,0.462111,1.0
300841,2022,2022-12-31,10315610,C27,0,0,2099,51742,0.0,0.0,0.0,0.0,342867937,7749537.34,11394120.99,-0.396249,19.652855910582662,2022,22.03458479302566,0.1712169491258661,0.177755,0.119368,1.039643,2.526476,1.0986122886681098,2.0794415416798357,0.375,0.0,0.161199,0.0
300684,2022,2022-12-31,10140698,C26,8,8,2595,56866,0.0030828516377649,0.0001406816023634,3.0828516377649327,0.1406816023634509,1074226050,2623421.58,4159425.63,-0.305378,20.794866286677596,2022,21.55222040725705,0.2419445253825652,0.090368,0.276193,0.634798,1.667019,1.791759469228055,2.3978952727983707,0.4545454545454545,0.0,0.204662,0.0
688508,2024,2024-12-31,10130826,I65,6,6,3337,64948,0.0017980221756068,9.238159758576091e-05,1.7980221756068324,0.0923815975857609,747969815,5642405.57,5642405.57,-0.123755,20.43287318218337,2024,21.80486002548372,0.1569167117176423,0.038075,0.236062,1.261036,2.07,1.6094379124341005,2.302585092994046,0.5,0.0,0.261221,0.0
603755,2020,2020-12-31,10408173,C14,0,0,2198,41519,0.0,0.0,0.0,0.0,201555364,2672047.88,7704686.9,0.618597,19.121574665878217,2020,20.38287477852355,0.1440880188216595,0.121001,-0.078337,1.611062,4.458718,0.6931471805599453,1.9459101490553132,0.4285714285714285,1.0,0.56245,0.0
300196,2024,2024-12-31,104909,C30,1,1,3113,64393,0.0003212335367812,1.552963831472365e-05,0.32123353678124,0.0155296383147236,794985573,2682395.77,4450923.22,0.014706,20.493834526542017,2024,22.686219752535255,0.3507052639862602,0.040771,0.021036,0.874577,0.985419,2.6390573296152584,2.1972245773362196,0.3333333333333333,0.0,0.417097,0.0
002364,2024,2024-12-31,103163,C38,10,9,2658,59655,0.0033860045146726,0.0001676305422848,3.386004514672686,0.1676305422848042,3986900144,6021946.85,6080865.92,0.407792,22.106279859885262,2024,22.05442975173155,0.3506910347845316,0.031911,0.261332,0.452218,1.947798,2.70805020110221,2.1972245773362196,0.4444444444444444,0.0,0.355575,0.0
603700,2022,2022-12-31,10314528,C40,40,37,2939,63230,0.0125893160939094,0.0006326111023248,12.589316093909492,0.6326111023248459,448475648,2672632.3,2672632.3,-0.280186,19.921364943674753,2022,21.577860419150404,0.3479747316149897,0.05496,-0.094528,0.510738,1.485061,1.3862943611198906,2.4849066497880004,0.5,0.0,0.1776879999999999,0.0
002313,2024,2024-12-31,102633,C39,73,39,2671,66343,0.0146012729314863,0.0011003421611925,14.601272931486337,1.10034216119259,4284233021,2935266.01,2935296.0,-0.311072,22.17820738161006,2024,21.92181878959383,0.9265225715389512,-0.038396,0.052248,0.043449,1.866798,2.772588722239781,2.0794415416798357,0.375,0.0,0.277437,1.0
002294,2023,2023-12-31,102611,C27,0,0,3086,71052,0.0,0.0,0.0,0.0,907738867,36399639.63,36409908.03,0.009437,20.626467304895176,2023,22.963621501224615,0.1427363099024811,0.060655,-0.033506,1.617208,4.016823,2.70805020110221,2.302585092994046,0.3,0.0,0.569851,0.0
600545,2022,2022-12-31,106253,C35,6,6,3158,63402,0.0018999366687777,9.463423866754992e-05,1.8999366687777073,0.0946342386675499,4811324027,5364018.78,5364018.78,-0.059801,22.294238148881895,2022,23.011777258791785,0.5917701469810752,-0.033825,-0.065968,0.11541,1.135775,2.995732273553991,1.9459101490553132,0.4285714285714285,0.0,0.4694279999999999,0.0
003008,2020,2020-12-31,10460355,M74,1,1,2592,52432,0.0003858024691358,1.9072322245956667e-05,0.3858024691358024,0.0190723222459566,106711283,759200.0,3036800.0,,18.485637465132108,2020,20.77923376661286,0.053624264543123,0.100623,-0.184165,4.853437,1.480537,0.0,1.6094379124341005,0.4,0.0,0.225,1.0
001979,2024,2024-12-31,10103780,K70,6,6,3103,89678,0.0019336126329358,6.690604161555788e-05,1.9336126329358685,0.0669060416155578,20976024410,85222466.06,92782962.45,0.10808,23.76664592772566,2024,26.43536360353756,0.6666955219465861,0.004736,0.022513,0.25722,0.796989,2.302585092994046,2.4849066497880004,0.4166666666666667,0.0,0.5084409999999999,1.0
603719,2024,2024-12-31,10346839,F52,3,3,2852,56035,0.0010518934081346,5.353796734183992e-05,1.0518934081346425,0.0535379673418399,2124071782,5698210.0,5698210.0,-0.318924,21.476600735894387,2024,22.271260128222405,0.5225846354533263,-0.009639,-0.110204,0.339004,1.734446,1.6094379124341005,2.1972245773362196,0.3333333333333333,1.0,0.352337,0.0
601101,2022,2022-12-31,10885,B06,0,0,2618,58367,0.0,0.0,0.0,0.0,8761442272,8899187.18,8899187.18,0.076486,22.893626371379064,2022,24.11793892467111,0.5395567096397386,0.074549,0.109668,1.36221,0.838138,2.5649493574615367,2.8903717578961645,0.4736842105263157,0.0,0.633066,1.0
000626,2020,2020-12-31,101753,F51,0,0,1973,48829,0.0,0.0,0.0,0.0,1185591043,6555562.63,7670822.37,0.878989,20.89350725849646,2020,22.612467532224812,0.5739505930810328,0.008057,-0.128593,0.302826,1.627045,3.218875824868201,2.6390573296152584,0.3571428571428571,1.0,0.385949,0.0
603057,2022,2022-12-31,10547278,C13,2,2,2675,55493,0.0007476635514018,3.604058169498856e-05,0.7476635514018691,0.0360405816949885,462476316,1321740.0,12965640.0,,19.952105907119172,2022,21.73277575304566,0.2651725368058821,0.090704,0.165098,0.994497,1.406729,0.0,2.1972245773362196,0.3333333333333333,0.0,0.247616,0.0
002302,2023,2023-12-31,102702,C30,2,2,3161,73938,0.0006327111673521,2.7049690281046283e-05,0.6327111673521038,0.0270496902810462,2841456650,8180055.89,8180055.89,-0.093103,21.76758266291026,2023,24.261414326759212,0.6780414982264694,0.021269,-0.080175,0.181367,0.915812,2.70805020110221,2.5649493574615367,0.3846153846153846,0.0,0.314279,1.0
300144,2024,2024-12-31,102924,R87,6,5,2238,54175,0.0022341376228775,0.0001107521919704,2.234137622877569,0.110752191970466,8697925161,21881317.77,24364608.39,-0.048632,22.886350347037936,2024,23.005230284289695,0.1413337575746628,0.113997,0.254866,3.644072,2.462572,2.70805020110221,2.1972245773362196,0.3333333333333333,0.0,0.276373,0.0
002653,2020,2020-12-31,104062,C27,0,0,2793,66778,0.0,0.0,0.0,0.0,1107072667,8321264.51,18824882.94,-0.134975,20.82498513260154,2020,22.332017494221297,0.4286618850369209,0.119859,-0.154353,0.261021,2.412844,2.1972245773362196,2.0794415416798357,0.5,0.0,0.371855,0.0
603270,2024,2024-12-31,10594885,C34,0,0,3270,70498,0.0,0.0,0.0,0.0,1083826046,1378975.01,4272580.01,-0.356678,20.803763253839424,2024,21.915460555014302,0.345566187356579,0.031186,0.192637,0.254216,1.207375,0.6931471805599453,2.1972245773362196,0.3333333333333333,1.0,0.3651189999999999,0.0
002530,2020,2020-12-31,102224,I64,23,23,2617,65302,0.0087886893389377,0.0003522097332394,8.788689338937715,0.3522097332394107,3634587653,4967690.37,6077745.77,-0.325843,22.01376150380822,2020,21.925882672064485,0.3129635502286875,-0.301113,-0.198797,0.748951,1.930775,2.3978952727983707,2.3978952727983707,0.2727272727272727,0.0,0.198974,0.0
600320,2020,2020-12-31,105773,C35,3,3,2761,60160,0.0010865628395508,4.986702127659574e-05,1.0865628395508873,0.0498670212765957,2504434750,11826311.67,11826311.67,-0.00551,21.641328897717436,2020,25.096764266384454,0.7847314742583911,0.005414,-0.078894,0.068061,0.975134,3.044522437723423,2.5649493574615367,0.4615384615384615,0.0,0.174012,1.0
300306,2023,2023-12-31,107605,C40,40,33,2352,53649,0.0140306122448979,0.0007455870566086,14.03061224489796,0.7455870566086973,1317229509,1903330.01,3249022.04,0.329741,20.998796511798886,2023,21.25834084084978,0.1002906111208113,0.0566,-0.044269,2.22237,1.587574,2.4849066497880004,1.9459101490553132,0.4285714285714285,1.0,0.297696,0.0
002408,2024,2024-12-31,102109,C26,0,0,2033,55964,0.0,0.0,0.0,0.0,4641616444,13837980.95,14299489.53,-0.022617,22.25832851428446,2024,23.95648485512618,0.5316746950091761,0.001721,-0.06314,0.162081,1.091401,2.70805020110221,2.3978952727983707,0.2727272727272727,0.0,0.53185,1.0
600118,2021,2021-12-31,105847,C39,11,11,2774,56888,0.0039653929343907,0.0001933623962874,3.965392934390771,0.193362396287442,3233881462,32104580.02,32104580.02,-0.153201,21.896948944059137,2021,23.295812497851227,0.3941225794907607,0.025949,0.007353,0.741461,2.845015,3.218875824868201,2.833213344056216,0.4117647058823529,0.0,0.514627,1.0
300573,2024,2024-12-31,10101938,C27,0,0,2999,63564,0.0,0.0,0.0,0.0,1279116610,9407265.24,12228892.46,-0.443879,20.96943552896016,2024,21.47828083392076,0.251205195823577,0.162863,0.324222,0.786241,4.839564,2.1972245773362196,2.1972245773362196,0.3333333333333333,0.0,0.286262,0.0
002718,2020,2020-12-31,10106920,C41,0,0,1984,43841,0.0,0.0,0.0,0.0,386107095,1014929.19,2009837.31,-0.077658,19.77162533972396,2020,21.40602216826556,0.3302451865058322,0.040019,0.071286,0.191373,1.174552,1.9459101490553132,1.9459101490553132,0.4285714285714285,0.0,0.358292,0.0
002955,2024,2024-12-31,10455220,C39,64,51,2755,65374,0.0185117967332123,0.0009789824700951,18.511796733212343,0.9789824700951448,1009766209,4399139.78,5556561.9,-0.258898,20.732984665757524,2024,22.32026710856678,0.2805287602824565,0.044381,-0.102881,1.799119,1.322494,1.791759469228055,2.302585092994046,0.3,0.0,0.173233,0.0
300518,2023,2023-12-31,10133037,I65,0,0,2501,60119,0.0,0.0,0.0,0.0,529995949,3405227.05,3405949.72,-0.427757,20.08837992297181,2023,21.212408375850025,0.1544922438888279,-0.13623,-0.514187,1.931943,2.242659,2.0794415416798357,2.0794415416798357,0.375,0.0,0.1233,0.0
600639,2021,2021-12-31,106344,K70,0,0,2676,52501,0.0,0.0,0.0,0.0,1059530243,10857522.7,10857522.7,0.054032,20.78109148080556,2021,24.227856979972685,0.6238742037188374,0.049771,0.28496,0.145802,0.9975,3.367295829986474,2.0794415416798357,0.5,0.0,0.493652,1.0
688061,2023,2023-12-31,10370061,C39,84,73,3204,65124,0.0227840199750312,0.0012898470609913,22.78401997503121,1.2898470609913395,221642049,1685134.32,4595575.64,-0.355651,19.21657425115364,2023,21.742857452547582,0.0793800858934252,0.003495,-0.233693,3.899388,1.27032,0.6931471805599453,1.791759469228055,0.3333333333333333,0.0,0.452507,0.0
603212,2024,2024-12-31,10345767,C29,3,2,3235,67757,0.0006182380216383,4.4275868175981815e-05,0.6182380216383307,0.0442758681759818,3534578835,4453654.67,4453654.67,-0.409787,21.985859988037245,2024,22.20110134092973,0.3879600632720498,-0.061757,-0.278854,0.344506,1.403977,1.6094379124341005,2.1972245773362196,0.3333333333333333,0.0,0.265075,0.0
002088,2021,2021-12-31,101850,C30,0,0,2481,53011,0.0,0.0,0.0,0.0,1242908109,11674535.52,13164647.24,2.358882,20.940719720756807,2021,22.063966255176027,0.3106231084364948,0.149922,0.360377,0.646139,3.44344,2.772588722239781,2.302585092994046,0.4,0.0,0.281422,0.0
300053,2024,2024-12-31,103096,C39,134,84,3269,76771,0.025695931477516,0.0017454507561448,25.69593147751606,1.7454507561448984,9442050480,8318264.72,9122084.89,0.070319,22.968439005487056,2024,21.62887984115598,0.2825971557330851,-0.112543,-0.398637,0.200101,3.774275,2.70805020110221,2.302585092994046,0.3,0.0,0.15197,1.0
688499,2024,2024-12-31,10479944,C35,23,20,3653,86072,0.0054749520941691,0.00026721814295,5.474952094169176,0.2672181429500883,969169055,3766050.93,3766050.93,-0.412553,20.691949619034183,2024,22.897280158171224,0.7420190940764755,-0.111743,-0.503014,0.136054,1.171251,1.3862943611198906,2.302585092994046,0.6,1.0,0.3341579999999999,0.0
002887,2021,2021-12-31,10244890,N77,3,3,2758,58924,0.001087744742567,5.091304052678026e-05,1.0877447425670776,0.0509130405267802,680352402,1568979.47,3054480.0,-0.113695,20.33812146160049,2021,22.20640225319799,0.4872102047371427,0.041754,-0.382945,1.79435,1.095673,1.6094379124341005,2.3978952727983707,0.4545454545454545,1.0,0.40101,0.0
600655,2023,2023-12-31,107925,F52,3,2,4195,104050,0.000476758045292,2.8832292167227295e-05,0.4767580452920143,0.0288322921672272,2555528779,24121075.22,24194754.01,-0.137976,21.66152499809315,2023,25.543908264842656,0.680276586021414,0.014347,0.160201,0.085616,0.875705,3.4339872044851463,2.5649493574615367,0.3846153846153846,0.0,0.2626739999999999,0.0
002363,2021,2021-12-31,103162,C36,2,2,2510,51638,0.0007968127490039,3.873116697006081e-05,0.7968127490039841,0.0387311669700608,1644480884,2452973.19,2454991.78,-0.102941,21.22069059993203,2021,21.967550359181715,0.3567762740943107,0.008667,0.227507,0.5281,1.064122,2.4849066497880004,1.9459101490553132,0.4285714285714285,1.0,0.422426,0.0
688347,2024,2024-12-31,10137061,C39,6,6,3085,59759,0.0019448946515397,0.0001004032865342,1.9448946515397083,0.1004032865342458,2664858868,18190216.8,18948142.5,0.090016,21.70341693593867,2024,25.19986637447983,0.2867415266411744,-0.012575,-0.113577,2.854324,1.04439,0.6931471805599453,2.4849066497880004,0.3333333333333333,1.0,0.397382,1.0
300214,2023,2023-12-31,104933,C26,0,0,2700,62718,0.0,0.0,0.0,0.0,625308965,2623164.93,3029276.99,0.001527,20.253756431152144,2023,22.094838130592738,0.3457119243442434,0.024136,-0.080357,0.102082,1.098944,2.5649493574615367,1.791759469228055,0.3333333333333333,0.0,0.175488,0.0
688203,2022,2022-12-31,10208903,C28,0,0,2644,53509,0.0,0.0,0.0,0.0,262596135,723142.24,3171911.76,,19.386127805330197,2022,21.379533164961387,0.246780728601496,0.030228,0.034918,2.986272,1.203433,0.0,2.3978952727983707,0.3636363636363636,0.0,0.38761,1.0
301600,2024,2024-12-31,10146009,C39,45,32,2164,49008,0.0147874306839186,0.0009182174338883,14.78743068391867,0.9182174338883448,301454278,3450330.0,13791490.0,,19.52412891752444,2024,21.285093442905076,0.2603654370234329,0.134916,0.256815,1.220462,2.782221,0.0,1.9459101490553132,0.4285714285714285,0.0,0.3367779999999999,0.0
601360,2020,2020-12-31,10431491,I64,25,23,2686,55329,0.0085629188384214,0.0004518426141806,8.562918838421444,0.4518426141806286,6865304998,28108831.17,106263306.67,-0.329519,22.649746303293067,2020,24.513387229510773,0.1695427112691577,0.072754,-0.095503,0.800306,1.415386,1.0986122886681098,2.0794415416798357,0.5,1.0,0.487392,0.0
000778,2021,2021-12-31,101267,C33,1,1,2555,65548,0.0003913894324853,1.5255995606273263e-05,0.3913894324853229,0.0152559956062732,11757005233,16822665.97,17280511.16,0.217391,23.18771509001351,2021,24.700715787625903,0.5065832311049692,0.040913,0.240688,0.393571,0.834803,3.218875824868201,2.6390573296152584,0.3571428571428571,1.0,0.399613,1.0
002603,2023,2023-12-31,102350,C27,2,2,2747,72477,0.0007280669821623,2.7594961160092167e-05,0.7280669821623589,0.0275949611600921,7658272643,31750127.36,38543173.02,-0.213284,22.75905229187494,2023,23.555262354904652,0.3263575457413267,0.08069,-0.176698,0.190396,2.315515,2.5649493574615367,2.4849066497880004,0.4166666666666667,1.0,0.315302,0.0
000422,2022,2022-12-31,102303,C26,0,0,2839,67598,0.0,0.0,0.0,0.0,9937978618,13206890.88,13207619.33,-0.309714,23.019629478685303,2022,23.70218654067818,0.6537848345529044,0.13468,0.116936,0.401866,1.325344,3.295836866004329,2.833213344056216,0.5294117647058824,0.0,0.170767,1.0
603386,2021,2021-12-31,10376761,C39,5,5,3153,69641,0.0015857913098636,7.179678637584182e-05,1.585791309863622,0.0717967863758418,948588601,4652230.63,4911264.68,0.361183,20.670485755733623,2021,21.943894107318304,0.5702305544670333,0.065051,0.320056,0.110861,1.965514,1.6094379124341005,2.3978952727983707,0.4545454545454545,1.0,0.619356,0.0
603067,2024,2024-12-31,10102297,C26,0,0,2634,53577,0.0,0.0,0.0,0.0,2612734601,6428874.18,6428874.18,0.257409,21.68366325001419,2024,22.343803383254645,0.365594965772925,0.101394,0.0995,0.536758,1.637177,2.1972245773362196,2.3978952727983707,0.4545454545454545,0.0,0.371606,0.0
603151,2023,2023-12-31,10547273,C13,0,0,2718,49707,0.0,0.0,0.0,0.0,289144060,1219754.88,2535120.0,-0.25903,19.4824356028452,2023,21.10922514998695,0.1589195054076073,0.058452,-0.00714,1.81088,1.424507,0.6931471805599453,2.1972245773362196,0.3333333333333333,1.0,0.5,0.0
000858,2021,2021-12-31,101857,C15,0,0,2005,47698,0.0,0.0,0.0,0.0,6127767588,864256612.69,864278838.39,-0.228234,22.536096342588465,2021,25.633128683132192,0.252386989988304,0.196442,0.155056,2.40886,6.624987,3.1780538303479458,2.3978952727983707,0.5454545454545454,0.0,0.344328,1.0
000526,2022,2022-12-31,107623,P82,5,5,2924,66120,0.0017099863201094,7.562008469449486e-05,1.7099863201094392,0.0756200846944948,1366284439,2102064.36,2102064.36,-0.060032,21.035360804822584,2022,21.880554008837425,0.8669528540806171,0.002501,-0.28932,0.309947,1.52771,3.4011973816621555,2.0794415416798357,0.5,0.0,0.137372,0.0
002482,2024,2024-12-31,101923,E50,1,1,2696,54964,0.0003709198813056,1.819372680299833e-05,0.370919881305638,0.0181937268029983,8047291154,8084317.97,8102078.7,0.009346,22.808601369262743,2024,21.642489797212914,0.7705509428251148,-0.08178,-0.244196,0.630997,3.996086,2.70805020110221,2.833213344056216,0.2941176470588235,0.0,0.22,1.0
603666,2023,2023-12-31,10377086,C35,28,27,3440,68523,0.0078488372093023,0.0004086219225661,7.848837209302326,0.4086219225661456,829885717,6481746.71,6481746.71,-0.012583,20.536798560118267,2023,22.07165960543676,0.3817784902696759,-0.002617,0.118989,0.329322,2.064809,1.791759469228055,1.791759469228055,0.3333333333333333,0.0,0.2970029999999999,0.0
603220,2021,2021-12-31,10408203,I65,19,18,2492,49341,0.0072231139646869,0.0003850752923532,7.223113964686998,0.3850752923532154,1714191233,5274206.1,5333230.4,0.096061,21.262207222660297,2021,22.14242375204931,0.5679792412990776,0.05075,0.278213,0.345401,1.848684,1.3862943611198906,2.70805020110221,0.4,1.0,0.278775,0.0
000713,2022,2022-12-31,101915,A05,0,0,2860,64376,0.0,0.0,0.0,0.0,9367698494,5532274.97,5532274.97,-0.069072,22.960533278159417,2022,21.79621383219228,0.3077136186636615,0.019471,0.148254,0.21659,2.199745,3.258096538021482,2.4849066497880004,0.5,0.0,0.292408,1.0
688510,2023,2023-12-31,10400887,C37,2,2,2970,55062,0.0006734006734006,3.6322690784933346e-05,0.6734006734006734,0.0363226907849333,448196811,4552701.55,4552701.55,0.108176,19.920743006409776,2023,21.184392919751467,0.3127847993578991,0.057777,0.499269,0.430166,3.183593,1.3862943611198906,2.1972245773362196,0.3333333333333333,0.0,0.144427,0.0
002258,2023,2023-12-31,102489,C26,0,0,2275,54337,0.0,0.0,0.0,0.0,1414133341,9565829.63,9581233.62,-0.305679,21.069782701247693,2023,23.41984802968326,0.4100865070358784,0.055403,-0.225484,0.396676,1.056112,2.772588722239781,2.1972245773362196,0.3333333333333333,0.0,0.23784,1.0
600284,2023,2023-12-31,105939,E48,2,2,3112,62909,0.0006426735218508,3.179195345658014e-05,0.6426735218508997,0.0317919534565801,2367185147,6112612.8,6112612.8,-0.034125,21.58496738495151,2023,24.114373948245948,0.7436137126803534,0.02037,0.258544,0.233143,0.949434,2.995732273553991,2.302585092994046,0.3,0.0,0.327751,1.0
603226,2022,2022-12-31,10307274,C20,16,12,2542,50308,0.004720692368214,0.0003180408682515,4.720692368214005,0.3180408682515703,628746262,1752574.43,1752574.43,-0.128687,20.25923833582179,2022,21.069304276239997,0.2361866942282104,0.005902,-0.326163,0.647585,1.476107,1.791759469228055,2.3978952727983707,0.4545454545454545,0.0,0.290357,0.0
603136,2022,2022-12-31,10210553,N78,5,5,2657,54471,0.001881821603312,9.179196269574637e-05,1.881821603312006,0.0917919626957463,1307984520,5057889.78,5057889.78,0.540863,20.991753255813535,2022,21.177539419157966,0.1841170069703269,0.013323,-0.119591,1.909102,3.395417,1.791759469228055,2.1972245773362196,0.3333333333333333,0.0,0.261297,0.0
002829,2024,2024-12-31,10133418,C39,26,22,2736,62362,0.0080409356725146,0.0004169205605977,8.04093567251462,0.4169205605977999,3770147840,2714214.0,3940066.11,-0.298817,22.0503800527568,2024,21.704248353070245,0.3149606720378753,-0.086617,-0.451408,0.423998,1.556853,2.1972245773362196,2.3978952727983707,0.5454545454545454,1.0,0.2341639999999999,0.0
688553,2022,2022-12-31,10526243,C27,0,0,3050,67609,0.0,0.0,0.0,0.0,199224080,4509054.68,6603924.0,-0.530152,19.109940784362557,2022,22.176403047018027,0.1305820645221483,0.059241,-0.181203,2.290767,1.460752,0.6931471805599453,2.302585092994046,0.3,1.0,0.269279,0.0
603266,2024,2024-12-31,10122099,C29,6,6,2876,53452,0.0020862308762169,0.0001122502432088,2.086230876216968,0.1122502432088602,1727892584,3202076.68,3202076.68,-0.43389,21.27016834393784,2024,21.46134239660808,0.2830371655559051,0.053442,0.03717,0.398565,1.813734,2.0794415416798357,2.1972245773362196,0.5555555555555556,0.0,0.483528,0.0
001316,2023,2023-12-31,10547280,F51,0,0,2121,52402,0.0,0.0,0.0,0.0,218696101,989213.18,2861834.53,-0.084367,19.20319366198564,2023,20.95184849060073,0.0801313166643121,0.07699,0.469017,6.288017,1.469118,0.6931471805599453,2.0794415416798357,0.5,1.0,0.610914,0.0
603969,2021,2021-12-31,10101845,C33,0,0,3010,62402,0.0,0.0,0.0,0.0,3249203644,3725630.0,3725630.0,0.133501,21.901675770955045,2021,21.85332956793479,0.3496233630113171,0.053538,0.231625,0.179981,1.553049,1.9459101490553132,2.1972245773362196,0.3333333333333333,1.0,0.214163,0.0
603989,2022,2022-12-31,10114108,C39,2,2,3013,60852,0.0006637902422834,3.2866627226713995e-05,0.6637902422834384,0.032866627226714,537803996,10292962.02,10292962.02,-0.372464,20.103004733902324,2022,22.40679636428874,0.3692774050977907,0.084646,0.065174,0.125892,2.280875,2.0794415416798357,1.9459101490553132,0.4285714285714285,0.0,0.4752579999999999,0.0
603938,2024,2024-12-31,10207060,C26,1,1,2706,47869,0.0003695491500369,2.089034657084961e-05,0.3695491500369549,0.0208903465708496,639848242,4136170.81,4136170.81,-0.395884,20.276741585888026,2024,21.856401969286257,0.217878662608486,0.019102,-0.16873,0.196858,1.549816,2.0794415416798357,1.9459101490553132,0.4285714285714285,0.0,0.401216,0.0
300362,2020,2020-12-31,10106950,C35,0,0,3147,74415,0.0,0.0,0.0,0.0,918584083,469929.08,651128.79,-0.446097,20.638344003339657,2020,22.114935539733835,0.8981151185111559,0.013189,0.009203,0.020263,,1.9459101490553132,2.5649493574615367,0.3846153846153846,0.0,0.304321,0.0
600563,2023,2023-12-31,107922,C39,0,0,2211,38538,0.0,0.0,0.0,0.0,374285230,20835000.0,20835000.0,-0.409557,19.740528714441897,2023,22.5647250870045,0.2459296279122976,0.171645,0.011359,0.433905,3.550066,3.091042453358316,2.4849066497880004,0.4166666666666667,0.0,0.373333,0.0
002623,2024,2024-12-31,101963,C30,0,0,2243,53274,0.0,0.0,0.0,0.0,558346652,3064955.41,3071534.38,-0.404486,20.14049056939018,2024,22.409208785941985,0.4361354867852873,-0.023061,-0.202669,0.609455,1.005186,2.6390573296152584,1.9459101490553132,0.4285714285714285,1.0,0.3384879999999999,0.0
002243,2024,2024-12-31,102544,C29,11,5,3429,86312,0.0014581510644502,0.0001274446195198,1.458151064450277,0.1274446195198813,4422117440,9705386.86,9757470.01,0.025157,22.20988447737364,2024,23.532122498213035,0.4954938954725716,0.011123,-0.077466,0.727061,1.083168,2.833213344056216,2.1972245773362196,0.3333333333333333,1.0,0.344302,1.0
603991,2022,2022-12-31,10145436,C29,1,1,2579,50620,0.0003877471888328,1.9755037534571317e-05,0.3877471888328809,0.0197550375345713,91326604,2832329.92,2832329.92,-0.083454,18.32995270508741,2022,19.81538042667643,0.2543803448241372,-0.040404,0.010832,0.431771,7.275938,1.791759469228055,2.302585092994046,0.4,1.0,0.27,0.0
300777,2023,2023-12-31,10394282,C28,0,0,2388,55281,0.0,0.0,0.0,0.0,911634651,12640247.25,13116475.83,-0.387996,20.630749866899446,2023,22.206393014577596,0.073351966985757,0.064763,-0.29899,3.865199,2.975409,1.6094379124341005,1.9459101490553132,0.4285714285714285,0.0,0.138014,0.0
002515,2022,2022-12-31,102223,C13,0,0,2264,43862,0.0,0.0,0.0,0.0,3185928226,4296487.65,4705686.88,-0.118613,21.882009520559677,2022,21.18457165490494,0.0520860430188892,0.033788,-0.121216,10.263719,2.785203,2.5649493574615367,2.0794415416798357,0.375,0.0,0.203028,0.0
920167,2021,2021-12-31,10386411,C32,0,0,1582,37076,0.0,0.0,0.0,0.0,74893080,1241848.58,2170753.2,0.266043,18.131572067718473,2021,,,,,,,,,,,,
603211,2022,2022-12-31,10528646,C36,8,8,2662,53198,0.0030052592036063,0.0001503815932929,3.005259203606311,0.1503815932929809,989087921,853477.12,3413908.48,,20.712293785534513,2022,21.24237113341685,0.3247378193784707,0.040255,0.067675,0.231961,1.339048,0.0,1.6094379124341005,0.4,0.0,0.474769,0.0
603988,2021,2021-12-31,10102476,C38,0,0,2336,43018,0.0,0.0,0.0,0.0,1787265460,3826704.0,3826704.0,0.388664,21.3039526132942,2021,20.911936943358477,0.5100093965348319,0.032297,-0.043259,0.074732,3.678745,2.0794415416798357,1.9459101490553132,0.4285714285714285,0.0,0.234702,0.0
301046,2022,2022-12-31,10422172,M74,4,4,2874,74948,0.0013917884481558,5.3370336766825e-05,1.3917884481558804,0.053370336766825,838364133,2042510.09,5190223.5,-0.308679,20.546963091512943,2022,20.875391628553405,0.344267811819944,0.020416,-0.35603,0.983475,2.496221,0.6931471805599453,2.302585092994046,0.3,0.0,0.236491,0.0
300708,2020,2020-12-31,10233165,C39,0,0,2543,57580,0.0,0.0,0.0,0.0,3495801811,4777208.53,6894499.32,0.969532,21.974828603201416,2020,21.699859065653495,0.7117050573130684,0.007993,0.230465,0.05276,2.599298,1.3862943611198906,2.1972245773362196,0.3333333333333333,1.0,0.277665,0.0
002773,2020,2020-12-31,10113816,C27,0,0,2396,51055,0.0,0.0,0.0,0.0,1251199614,32821471.33,44372872.05,0.309981,20.94736862005067,2020,22.66934148086955,0.1778766571786759,-0.042072,0.011666,3.39663,5.079902,1.791759469228055,2.302585092994046,0.4,0.0,0.316872,0.0
301591,2024,2024-12-31,10410615,C29,0,0,2993,71867,0.0,0.0,0.0,0.0,643960118,805238.7,3220954.8,,20.28314735513244,2024,20.6660791399265,0.0735742121279611,0.0975,0.055742,6.310189,1.621023,0.0,2.302585092994046,0.4,0.0,0.237732,0.0
600029,2024,2024-12-31,103277,G56,1,1,2568,63190,0.0003894080996884,1.582528881152081e-05,0.3894080996884735,0.0158252888115208,12595314798,82249994.56,87465173.13,0.126736,23.2565907404045,2024,26.43536360353756,0.840494574480345,0.000482,0.089383,0.093814,1.137886,3.091042453358316,2.0794415416798357,0.6,0.0,0.518984,1.0
002131,2024,2024-12-31,101271,I64,26,20,2446,63990,0.008176614881439,0.0004063134864822,8.176614881439084,0.4063134864822628,65983314109,18080321.5,20923951.77,0.368421,24.912667730494203,2024,23.813697907533605,0.4150158103832318,-0.01304,0.03415,0.174303,1.31679,2.8903717578961645,2.1972245773362196,0.5555555555555556,1.0,0.094124,0.0
600481,2022,2022-12-31,106341,C38,1,1,2815,58260,0.0003552397868561,1.7164435290078956e-05,0.3552397868561279,0.0171644352900789,6490276410,21056690.16,24206356.59,0.286282,22.59357095704823,2022,23.811732018625325,0.6848973786301437,0.067631,1.835783,0.110231,1.685489,2.995732273553991,2.1972245773362196,0.4444444444444444,0.0,0.1760719999999999,0.0
603767,2020,2020-12-31,10202751,C36,0,0,2079,37959,0.0,0.0,0.0,0.0,1128291322,2180770.44,2213088.54,0.0,20.843970221748517,2020,21.41456161696155,0.2662113435787908,0.028324,0.111445,0.600824,1.369333,1.3862943611198906,1.9459101490553132,0.4285714285714285,0.0,0.3056419999999999,0.0
002629,2024,2024-12-31,107642,B11,0,0,2389,56359,0.0,0.0,0.0,0.0,5469323054,1468038.61,1855754.0,0.07868,22.4224206897804,2024,19.790296623964807,0.8082875181665664,0.052172,0.533332,0.10249,4.843783,2.6390573296152584,1.9459101490553132,0.4285714285714285,0.0,0.18639,0.0
002229,2020,2020-12-31,102646,C23,8,7,2688,54771,0.0026041666666666,0.0001460626974128,2.6041666666666665,0.1460626974128644,3327127289,3183846.95,3184419.84,-0.040541,21.92537509294429,2020,21.483299190711985,0.1696869044252233,0.018309,-0.24378,2.945138,1.658765,2.5649493574615367,2.5649493574615367,0.25,0.0,0.143001,0.0
002769,2022,2022-12-31,10102605,L72,0,0,2701,56634,0.0,0.0,0.0,0.0,2560770710,2745609.55,3083607.13,0.233979,21.663574109113096,2022,22.676683066809087,0.8045477746145536,-0.015585,-0.416728,0.094957,1.215268,2.0794415416798357,2.5649493574615367,0.3076923076923077,1.0,0.171836,0.0
000721,2023,2023-12-31,101802,H62,0,0,2505,49548,0.0,0.0,0.0,0.0,12273460496,4781895.99,6272883.39,-0.368208,23.230705085001855,2023,21.16124587513673,0.7243138640848816,-0.074148,0.609391,0.067252,3.875783,3.295836866004329,2.1972245773362196,0.3333333333333333,0.0,0.309594,1.0
300961,2022,2022-12-31,10444211,N77,13,12,2941,70785,0.0040802448146888,0.0001836547291092,4.080244814688882,0.1836547291092745,553649662,1259148.99,1815347.2,-0.495676,20.132042667420407,2022,21.6642484882985,0.5878054029233858,0.000302,-0.093604,0.080017,1.205472,0.6931471805599453,2.302585092994046,0.6,1.0,0.139328,0.0
688484,2023,2023-12-31,10593986,C39,6,6,3427,67543,0.0017508024511234,8.883229942407059e-05,1.7508024511234317,0.0888322994240705,583469032,2351174.55,16877670.5,,20.184501937160025,2023,22.218831528451982,0.1709652581769413,0.077254,0.368718,3.684919,1.411459,0.0,2.302585092994046,0.3,1.0,0.171843,0.0
000799,2020,2020-12-31,101525,C15,0,0,1780,37564,0.0,0.0,0.0,0.0,3565746127,50851385.37,50851385.37,3.37099,21.994639161480656,2020,22.190451734840924,0.3412223290505632,0.129959,0.207863,1.469919,9.823595,3.1780538303479458,2.4849066497880004,0.4166666666666667,0.0,0.309998,1.0
600338,2022,2022-12-31,105757,B09,0,0,2672,53061,0.0,0.0,0.0,0.0,7875203766,20915764.45,20953697.05,-0.391397,22.786984896497955,2022,22.396725693799052,0.3508386093298709,0.085105,-0.037112,0.028442,4.275746,3.1354942159291497,1.9459101490553132,0.4285714285714285,0.0,0.197813,0.0
688629,2024,2024-12-31,10310684,C39,29,27,3494,72899,0.0077275329135661,0.0003978106695565,7.727532913566113,0.3978106695565097,2482382974,5972124.38,15438649.91,0.531507,21.63248481279262,2024,21.74352535167742,0.4683671475387897,-0.008984,0.208331,0.418617,2.947308,0.6931471805599453,2.3978952727983707,0.2727272727272727,0.0,0.31608,1.0
603639,2023,2023-12-31,10120513,C26,0,0,3133,61706,0.0,0.0,0.0,0.0,484961728,5289175.92,5341618.0,-0.346124,19.999580536509907,2023,22.587133808637535,0.475525978969513,0.07703,-0.030112,0.060017,1.300876,1.9459101490553132,2.5649493574615367,0.4615384615384615,1.0,0.37402,0.0
688249,2024,2024-12-31,10542293,C39,24,24,4069,86178,0.005898255099533,0.0002784933509712,5.898255099533055,0.2784933509712455,4150588077,27464902.01,46823194.56,0.353043,22.146515866691903,2024,24.64322882597572,0.482347165999933,0.009785,0.276896,0.784686,1.241316,0.6931471805599453,2.4849066497880004,0.3333333333333333,0.0,0.233521,1.0
300451,2021,2021-12-31,10102505,I65,83,63,2866,65936,0.0219818562456385,0.0012587964086386,21.98185624563852,1.25879640863868,4015210117,14405843.74,17078094.73,0.076423,22.11335551622611,2021,22.447741407530845,0.1800988516633642,0.07628,0.162989,1.612056,2.886391,1.9459101490553132,2.1972245773362196,0.3333333333333333,0.0,0.148526,0.0
000816,2024,2024-12-31,101729,C34,5,5,2105,47084,0.002375296912114,0.0001061931866451,2.375296912114014,0.1061931866451448,9745307966,4338272.04,4369980.22,0.0,23.000051771972004,2024,21.99152798058233,0.2961822817875128,0.005423,0.117237,0.309096,1.521809,3.332204510175204,2.0794415416798357,0.5,0.0,0.2554949999999999,0.0
600664,2024,2024-12-31,107549,C27,1,1,3597,71493,0.0002780094523213,1.3987383380191068e-05,0.2780094523213789,0.013987383380191,9004978048,10401445.79,10401445.79,0.232836,22.921043377925606,2024,23.40536609944554,0.5833765597881538,0.048079,0.046535,0.435084,1.295036,3.4657359027997265,2.1972245773362196,0.4444444444444444,0.0,0.465846,0.0
300078,2020,2020-12-31,102956,C39,216,135,2783,63969,0.0485088034495149,0.0033766355578483,48.508803449514915,3.3766355578483327,4615166983,7555100.98,7868173.77,-0.261564,22.25261388712855,2020,22.260211545327717,0.3816955783795404,0.003886,-0.106733,0.344381,2.030923,2.3978952727983707,1.9459101490553132,0.4285714285714285,1.0,0.104568,0.0
300673,2021,2021-12-31,10145839,C13,0,0,3234,71870,0.0,0.0,0.0,0.0,820020611,3325634.15,5189861.38,-0.015021,20.52484003449202,2021,21.772307725006787,0.3714328624131482,0.025517,-0.051465,2.4,1.766756,1.6094379124341005,2.3978952727983707,0.5454545454545454,1.0,0.314311,0.0
603232,2024,2024-12-31,10146366,I65,41,28,3120,64787,0.0089743589743589,0.0006328430086282,8.974358974358974,0.6328430086282743,2688719338,2979152.95,3040332.95,-0.054785,21.712330835040937,2024,21.2359823327865,0.1500094766050002,0.021891,-0.057122,1.245828,1.951229,2.0794415416798357,2.1972245773362196,0.3333333333333333,0.0,0.127436,0.0
603790,2022,2022-12-31,10190056,C26,0,0,2737,53499,0.0,0.0,0.0,0.0,272312911,1915513.6,1915513.6,-0.037987,19.42246237480843,2022,21.206738196542737,0.2245224315184505,0.023802,-0.173579,0.830937,1.405702,1.6094379124341005,2.1972245773362196,0.3333333333333333,1.0,0.2565,0.0
601339,2022,2022-12-31,107695,C17,0,0,2154,46721,0.0,0.0,0.0,0.0,3335603453,8550000.0,8550000.0,0.052632,21.92791944567243,2022,23.508675407872826,0.379672213362471,0.10254,-0.100978,0.372654,0.90724,2.3978952727983707,2.4849066497880004,0.4166666666666667,0.0,0.2971999999999999,0.0
002879,2020,2020-12-31,10259852,C38,3,3,2377,48187,0.0012620950778291,6.22574553302758e-05,1.2620950778291964,0.0622574553302758,947319852,1926184.08,2898545.68,-0.061652,20.6691473480842,2020,21.39863740327121,0.2182138905955628,0.085496,0.102963,1.108868,1.460841,1.3862943611198906,2.3978952727983707,0.3636363636363636,0.0,0.339728,0.0
600989,2023,2023-12-31,105664,C26,0,0,2424,54857,0.0,0.0,0.0,0.0,4993732583,108313727.2,108313727.2,0.235294,22.331449479913328,2023,24.99478399642178,0.4620055320864737,0.087465,0.024821,0.042333,1.974127,1.6094379124341005,2.5649493574615367,0.4615384615384615,0.0,0.355699,0.0
600684,2022,2022-12-31,106385,K70,0,0,2553,53677,0.0,0.0,0.0,0.0,7268413495,3251685.35,3251685.35,0.070225,22.70680387854225,2022,24.168881795919763,0.9251853175409188,-0.066987,0.072865,0.12538,1.046171,3.4011973816621555,2.1972245773362196,0.3333333333333333,1.0,0.31098,1.0
300547,2024,2024-12-31,10119615,C29,4,4,1984,43006,0.002016129032258,9.301027763567876e-05,2.0161290322580645,0.0930102776356787,1948782144,4908277.86,5973596.03,0.659169,21.39047047338944,2024,21.176436978204386,0.2367308697336134,0.138295,0.228809,0.651831,3.492598,2.1972245773362196,2.1972245773362196,0.3333333333333333,0.0,0.111827,0.0
002606,2022,2022-12-31,101992,C38,0,0,2500,62964,0.0,0.0,0.0,0.0,6278049513,3902748.02,4121489.64,-0.0584,22.56032518224173,2022,21.453340283324465,0.269332614709005,0.094813,0.291152,0.9331,2.190569,2.4849066497880004,2.302585092994046,0.4,0.0,0.193632,0.0
300960,2023,2023-12-31,10369630,C37,1,1,3013,58360,0.0003318951211417,1.7135023989033583e-05,0.3318951211417192,0.0171350239890335,432824143,567808.0,2270917.31,0.325117,19.885842069522845,2023,20.630048134496576,0.2997938657210012,0.039566,0.213993,1.118497,1.448207,1.0986122886681098,2.1972245773362196,0.3333333333333333,0.0,0.338719,0.0
002201,2021,2021-12-31,102406,C30,0,0,2413,55361,0.0,0.0,0.0,0.0,3198619729,9759364.32,9783852.71,1.418981,21.88598521932566,2021,21.63593430042844,0.5923609544769025,0.016558,-0.103569,0.17098,4.511302,2.70805020110221,2.4849066497880004,0.3333333333333333,0.0,0.195508,0.0
300119,2021,2021-12-31,103150,C27,0,0,3195,72926,0.0,0.0,0.0,0.0,1526456505,6085919.35,11296458.17,0.298729,21.146214877103084,2021,22.462113373797205,0.2402368013301493,0.090425,0.003365,1.139234,1.660116,2.4849066497880004,2.302585092994046,0.4,1.0,0.357589,0.0
601702,2024,2024-12-31,10454753,C32,2,2,3120,62045,0.0006410256410256,3.2234668385848984e-05,0.6410256410256411,0.0322346683858489,1490240913,18293080.59,18293080.59,0.031755,21.12220363108213,2024,22.83473359815505,0.3301775895728578,0.157726,0.170838,0.206537,2.544741,1.6094379124341005,1.6094379124341005,0.4,0.0,0.551411,0.0
002805,2020,2020-12-31,10102198,C26,0,0,2355,45557,0.0,0.0,0.0,0.0,1418053279,1324234.97,1984310.06,0.154822,21.072550838398413,2020,20.82490778871646,0.5057791668096377,-0.028704,-0.21989,0.030057,1.866432,1.6094379124341005,2.4849066497880004,0.3333333333333333,0.0,0.435439,0.0
601512,2023,2023-12-31,10132717,K70,1,1,3420,70910,0.0002923976608187,1.4102383302778169e-05,0.2923976608187134,0.0141023833027781,936986506,11556441.9,11556441.9,0.005257,20.658179439885565,2023,24.27963427263582,0.4546583574129149,0.045339,-0.228873,0.45681,0.794597,1.6094379124341005,2.3978952727983707,0.3636363636363636,1.0,0.4679999999999999,1.0
603536,2021,2021-12-31,10108790,C13,0,0,2837,61306,0.0,0.0,0.0,0.0,711542926,1828317.68,1881633.48,-0.401544,20.3829463067733,2021,21.09543358465996,0.5838631931935724,-0.097442,0.171505,0.17503,1.855802,1.6094379124341005,1.6094379124341005,0.4,1.0,0.307928,0.0
002015,2024,2024-12-31,101391,D44,16,12,4160,111429,0.0028846153846153,0.0001435891913236,2.8846153846153846,0.1435891913236231,4774633726,12596999.0,12596999.0,-0.362682,22.286583101549585,2024,24.423552715893475,0.6672230270963526,0.015644,-0.034236,0.283672,0.978576,3.044522437723423,2.3978952727983707,0.3636363636363636,0.0,0.427156,0.0
300073,2020,2020-12-31,103133,C38,7,7,2764,67150,0.0025325615050651,0.0001042442293373,2.532561505065123,0.1042442293373045,4166891630,28247738.09,29417291.89,1.375458,22.15043618256907,2020,22.505202335668475,0.3585895769979767,0.07382,0.39364,0.923725,5.138521,2.3978952727983707,2.1972245773362196,0.3333333333333333,0.0,0.216619,1.0
300665,2022,2022-12-31,10119889,C26,0,0,3200,76085,0.0,0.0,0.0,0.0,1119017805,984368.75,1396067.83,-0.25,20.835717178571404,2022,21.31852647194311,0.6996588635829182,-0.062757,0.062733,0.114092,1.330783,1.791759469228055,1.791759469228055,0.3333333333333333,0.0,0.21832,0.0
003021,2021,2021-12-31,10460279,C38,24,22,2482,54328,0.0088638195004029,0.0004417611544691,8.8638195004029,0.4417611544691504,312507235,4812719.2,13689062.39,0.810399,19.560138182072652,2021,21.905884007160207,0.1335921739975716,0.046272,-0.046096,1.156181,2.170373,0.6931471805599453,2.0794415416798357,0.5,0.0,0.354654,0.0
300491,2022,2022-12-31,10119600,C38,4,4,2124,49299,0.0018832391713747,8.113754842897422e-05,1.8832391713747645,0.0811375484289742,1111091930,2126417.46,2397123.21,-0.296954,20.828609090355247,2022,21.165693196577884,0.3498682740688196,0.030986,0.517941,0.542626,1.789448,2.0794415416798357,1.9459101490553132,0.4285714285714285,1.0,0.1635279999999999,0.0
300863,2023,2023-12-31,10460284,C36,0,0,2793,55611,0.0,0.0,0.0,0.0,309830479,1678821.33,4447587.68,-0.095307,19.551535867162972,2023,21.758709412137467,0.5703316819409259,0.063804,0.170778,0.173921,1.432844,1.3862943611198906,1.9459101490553132,0.4285714285714285,1.0,0.567053,0.0
600283,2024,2024-12-31,105877,D46,0,0,3066,62263,0.0,0.0,0.0,0.0,1373457021,4586120.89,5204455.05,0.047816,21.040596772147275,2024,23.056424183155485,0.6329959245047966,0.031797,0.044925,0.480952,1.121402,3.218875824868201,2.5649493574615367,0.3076923076923077,0.0,0.325358,0.0
603222,2023,2023-12-31,10101874,C27,0,0,2587,50826,0.0,0.0,0.0,0.0,2375049707,4303271.69,4303271.69,-0.082286,21.588284203898205,2023,21.63151610492763,0.3307008187930766,-0.018944,0.068407,0.505923,2.065905,2.1972245773362196,1.9459101490553132,0.4285714285714285,0.0,0.238225,0.0
000506,2024,2024-12-31,107583,B09,0,0,2179,53780,0.0,0.0,0.0,0.0,13670167584,3686823.72,3688200.51,-0.038741,23.33848174693412,2024,,,,,,,,,,,,
601200,2020,2020-12-31,106826,N77,1,1,2718,56502,0.0003679175864606,1.7698488549077907e-05,0.3679175864606328,0.0176984885490779,2902911507,12228258.12,12228258.12,-0.01036,21.788980038575616,2020,24.021228250401165,0.5895669646356616,0.031121,0.237199,0.105862,1.041504,1.3862943611198906,2.3978952727983707,0.2727272727272727,0.0,0.46497,1.0
600511,2023,2023-12-31,106289,F51,0,0,2923,60547,0.0,0.0,0.0,0.0,1459301065,15836774.65,21593875.8,0.053835,21.10122343612493,2023,24.20306157886576,0.4597385803960273,0.07523,0.092255,0.777168,1.091766,3.091042453358316,2.302585092994046,0.4,0.0,0.5471699999999999,1.0
002573,2024,2024-12-31,101966,N77,1,1,3309,82931,0.0003022061045633,1.205821707202373e-05,0.3022061045633122,0.0120582170720237,1911800887,5621388.53,5669066.54,-0.175622,21.37131150807756,2024,23.93388885110214,0.6985515625388821,-0.01345,0.011825,0.078103,0.927818,2.6390573296152584,2.3978952727983707,0.2727272727272727,0.0,0.418509,1.0
300063,2024,2024-12-31,102849,L72,11,10,3092,70747,0.0032341526520051,0.0001554836247473,3.2341526520051747,0.1554836247473391,19303450939,5702273.39,6917767.61,0.308465,23.683549722054856,2024,21.908860608380607,0.4731645694519951,0.025658,-0.163038,0.130374,2.308137,2.70805020110221,1.6094379124341005,0.4,1.0,0.225074,0.0
300277,2021,2021-12-31,107617,I65,7,7,2473,49500,0.0028305701577031,0.0001414141414141,2.8305701577031943,0.1414141414141414,2115596689,3367759.19,3373450.0,0.098913,21.472602732586903,2021,20.384170047361817,0.2924596308886878,0.030391,-0.265001,0.287471,5.020902,2.3978952727983707,1.9459101490553132,0.4285714285714285,1.0,0.298,1.0
002976,2023,2023-12-31,10441225,C33,6,4,2774,69454,0.0014419610670511,8.63881129956518e-05,1.4419610670511895,0.0863881129956518,748009023,2321676.4,4329000.94,0.585506,20.432925600037105,2023,21.47234998817266,0.5614578222740169,0.0295,0.307508,0.156245,1.862858,1.3862943611198906,2.0794415416798357,0.5,1.0,0.563588,0.0
605598,2023,2023-12-31,10494519,E48,4,4,2963,58659,0.0013499831252109,6.819072947032851e-05,1.3499831252109349,0.0681907294703285,580369277,1972234.51,6576560.11,0.508169,20.179175145112964,2023,21.499658175157155,0.1927616596399551,0.086202,0.443273,1.405558,1.66527,1.0986122886681098,1.791759469228055,0.5,0.0,0.683591,0.0
300598,2023,2023-12-31,10139503,I65,59,49,2615,60685,0.0187380497131931,0.0009722336656504,18.738049713193114,0.9722336656504902,1461265515,7165547.87,7166395.44,-0.081908,21.102568689000424,2023,21.60059076792319,0.351286375657761,0.086068,0.009047,1.025935,3.331471,1.9459101490553132,2.1972245773362196,0.3333333333333333,0.0,0.265603,0.0
000720,2021,2021-12-31,101801,K70,4,4,2133,50541,0.0018752930145335,7.914366553886943e-05,1.875293014533521,0.0791436655388694,2063492997,6306393.2,6306393.2,0.307487,21.44766601388728,2021,22.43030580943789,0.4948237386127267,-0.016195,0.085038,0.103291,1.638816,3.218875824868201,2.4849066497880004,0.3333333333333333,0.0,0.232627,1.0
300994,2022,2022-12-31,10508886,C37,4,4,2288,62643,0.0017482517482517,6.385390227160258e-05,1.7482517482517483,0.0638539022716025,728417289,1279433.6,3830412.8,-0.571609,20.406384642493727,2022,21.276394901025913,0.3216356655260468,0.091073,-0.359511,0.993098,1.509276,0.6931471805599453,1.9459101490553132,0.4285714285714285,1.0,0.332999,0.0
002684,2021,2021-12-31,107696,C38,1,1,3153,90190,0.0003171582619727,1.108770373655616e-05,0.3171582619727244,0.0110877037365561,3089045706,1787351.76,2099285.24,0.267123,21.851128047471345,2021,,,,,,,,,,,,
300283,2021,2021-12-31,107556,C38,4,4,2159,49095,0.0018527095877721,8.147469192382116e-05,1.8527095877721167,0.0814746919238211,5446871260,2200788.75,3221318.15,0.317291,22.418307200223772,2021,21.428983252683377,0.5913734066948648,0.03271,0.337197,0.137315,1.807477,2.302585092994046,2.0794415416798357,0.375,1.0,0.387072,0.0
002164,2024,2024-12-31,102583,C35,2,2,2099,43555,0.0009528346831824,4.591895304787051e-05,0.9528346831824678,0.0459189530478705,3894234123,2403673.84,2666190.18,-0.257778,22.08276286638281,2024,21.58599884557124,0.4194738858606021,0.019614,-0.017159,0.221805,1.491001,2.8903717578961645,2.3978952727983707,0.3636363636363636,0.0,0.260253,0.0
000928,2022,2022-12-31,102267,E48,4,4,2497,62876,0.0016019223067681,6.361727845282778e-05,1.6019223067681216,0.0636172784528277,4485052110,7532399.8,7532537.39,-0.34043,22.224015951341737,2022,24.0069644841294,0.7451376805160819,0.026071,0.180018,0.342808,1.027528,3.1780538303479458,1.9459101490553132,0.5714285714285714,0.0,0.317132,1.0
605005,2023,2023-12-31,10460278,C36,0,0,3340,64192,0.0,0.0,0.0,0.0,634507686,899241.61,7033540.0,0.165349,20.26835996009655,2023,21.556079954964343,0.2314189361707708,0.105128,0.1407,0.482337,1.292748,1.0986122886681098,1.791759469228055,0.3333333333333333,0.0,0.7290049999999999,0.0
301122,2024,2024-12-31,10523107,C35,0,0,2797,67157,0.0,0.0,0.0,0.0,612222265,895089.66,2473029.66,-0.390727,20.232605954281365,2024,21.406829768222657,0.0840431287978264,0.026772,-0.055004,2.577324,1.120332,1.0986122886681098,2.1972245773362196,0.3333333333333333,1.0,0.282873,0.0
000544,2024,2024-12-31,102818,D46,5,5,2291,61923,0.0021824530772588,8.074544191980362e-05,2.182453077258839,0.0807454419198036,2060354545,8508995.58,8508995.58,0.283862,21.44614391464746,2024,24.413701481690104,0.7322467892210901,0.027868,-0.303301,0.188945,0.944641,3.4657359027997265,2.1972245773362196,0.4444444444444444,0.0,0.687253,1.0
688579,2022,2022-12-31,10142057,I65,85,63,3307,72182,0.0190504989416389,0.0011775788977861,19.050498941638946,1.1775788977861517,579678166,2757525.8,3916097.9,-0.239231,20.177983623016612,2022,21.24631790752246,0.2313851405022019,0.03633,-0.287997,0.424735,2.093189,1.0986122886681098,2.4849066497880004,0.3333333333333333,0.0,0.295849,0.0
301032,2021,2021-12-31,10438698,C34,0,0,2449,47720,0.0,0.0,0.0,0.0,1205816555,732426.66,3088918.85,,20.910422814228852,2021,21.63371915717689,0.5680491841458297,0.031484,0.008753,0.278566,1.192264,0.0,2.1972245773362196,0.3333333333333333,1.0,0.211501,0.0
002344,2020,2020-12-31,101347,L72,6,6,2357,54412,0.0025456088247772,0.0001102697934279,2.545608824777259,0.1102697934279203,3373638133,5241716.1,5246427.24,-0.057569,21.939257563984626,2020,23.125849081830356,0.2999928631594916,0.01757,0.008837,0.306749,0.803934,2.3978952727983707,2.4849066497880004,0.4166666666666667,1.0,0.3458059999999999,1.0
002707,2022,2022-12-31,10106915,L72,2,2,2198,55009,0.0009099181073703,3.63576869239579e-05,0.9099181073703368,0.0363576869239578,12574098208,8045359.31,9709224.53,0.751773,23.25490483735873,2022,21.489656116690966,0.7736848590923313,-0.105429,-0.268255,0.402688,4.472551,2.1972245773362196,2.3978952727983707,0.4545454545454545,1.0,0.168314,0.0
300468,2024,2024-12-31,10102250,I65,34,27,2302,54035,0.0117289313640312,0.0006292218006847,11.728931364031276,0.6292218006847414,8227904535,8620275.55,8649583.18,0.507834,22.830797206336317,2024,21.30662179613033,0.084414429731471,0.038026,0.013611,7.388271,4.904773,2.302585092994046,2.302585092994046,0.5,1.0,0.224251,0.0
002920,2021,2021-12-31,10329381,C36,22,16,2302,54054,0.0069504778453518,0.0004070004070004,6.950477845351868,0.4070004070004069,1047415429,77809273.5,78576823.74,0.685405,20.769591471417783,2021,23.040892787119223,0.4664411374660656,0.093985,0.407464,0.263393,8.136417,1.6094379124341005,2.6390573296152584,0.4285714285714285,0.0,0.294483,1.0
002943,2024,2024-12-31,10202764,C34,5,4,2901,63701,0.0013788348845225,7.849170342694777e-05,1.3788348845225784,0.0784917034269477,1143924547,2401703.07,4058823.47,-0.063568,20.857730773183462,2024,21.81284555925049,0.7069888251388016,-0.13849,-0.204169,0.147512,1.635254,1.9459101490553132,2.0794415416798357,0.5,0.0,0.2268669999999999,0.0
300487,2023,2023-12-31,10102694,C26,0,0,3397,77449,0.0,0.0,0.0,0.0,571976790,16137021.49,26795896.08,0.152924,20.164608973346052,2023,22.462861880874893,0.3931864171544853,0.14056,0.296201,1.251236,3.468086,2.1972245773362196,2.1972245773362196,0.3333333333333333,0.0,0.245031,0.0
301318,2022,2022-12-31,10404223,C39,21,19,2653,66924,0.0071617037316245,0.0003137887753272,7.161703731624576,0.3137887753272368,129605112,699611.88,2950010.0,,18.680002793264727,2022,21.339707610585418,0.087827759402887,0.100134,0.007252,3.299748,1.161367,0.0,2.0794415416798357,0.375,1.0,0.368288,0.0
002398,2020,2020-12-31,102113,C26,1,1,3178,68739,0.000314663310258,1.4547782190605045e-05,0.3146633102580239,0.014547782190605,3772425208,4328352.32,5523274.32,0.301325,22.050983923094975,2020,22.41829541007572,0.3973975666891076,0.076568,0.140625,0.103813,1.322425,2.3978952727983707,2.1972245773362196,0.3333333333333333,1.0,0.196024,0.0
002310,2023,2023-12-31,102613,N77,0,0,2928,75853,0.0,0.0,0.0,0.0,19283953007,5179233.86,5182941.67,-0.080952,23.68253913664799,2023,24.312027220202943,0.9163872198013,-0.134704,-0.595344,0.015923,1.113921,2.70805020110221,2.5649493574615367,0.3076923076923077,0.0,0.140466,1.0
600593,2021,2021-12-31,106274,N78,0,0,2324,55944,0.0,0.0,0.0,0.0,761200126,1576512.0,1576512.0,-0.345455,20.45040686022808,2021,,,,,,,,,,,,
002803,2022,2022-12-31,10120651,I64,10,10,2553,62372,0.0039169604386995,0.0001603283524658,3.9169604386995696,0.16032835246585,3557895940,4496075.54,5994003.12,-0.253886,21.992435179275574,2022,21.89957510440061,0.3408665614979446,0.055465,0.038285,0.856042,1.878078,1.9459101490553132,2.3978952727983707,0.5454545454545454,0.0,0.190612,0.0
300790,2023,2023-12-31,10434794,C39,36,27,2803,63227,0.0096325365679628,0.0005693770066585,9.632536567962896,0.5693770066585477,1150661737,4028015.57,5459345.07,0.091946,20.86360303817629,2023,22.34380974910792,0.6047017827119069,0.010165,0.161858,0.165405,1.505047,1.6094379124341005,2.0794415416798357,0.375,0.0,0.134568,0.0
002830,2021,2021-12-31,10102581,E50,4,4,2648,55323,0.0015105740181268,7.230265893028216e-05,1.5105740181268883,0.0723026589302821,381393589,709973.55,1416070.8,0.004677,19.759342444487004,2021,21.22697719266306,0.5898054289360345,0.021884,0.019909,0.324563,1.223367,1.791759469228055,1.9459101490553132,0.4285714285714285,1.0,0.225536,0.0
688409,2024,2024-12-31,10481778,C34,5,3,3481,73633,0.0008618213157138,6.790433637092065e-05,0.8618213157138753,0.0679043363709206,852633149,9232615.83,15885003.7,-0.015201,20.563839942609203,2024,22.846312663081417,0.4376834665821681,0.020695,0.471407,0.723108,1.778007,1.0986122886681098,2.1972245773362196,0.3333333333333333,0.0,0.169846,0.0
000938,2024,2024-12-31,101314,C39,78,64,2490,64253,0.0257028112449799,0.0012139510995595,25.70281124497992,1.2139510995595535,19406812273,79596022.89,79596022.89,0.445478,23.688889989521943,2024,25.209810400611552,0.8185587470552969,0.022516,0.0222,0.123977,1.714769,3.258096538021482,1.9459101490553132,0.4285714285714285,0.0,0.280017,0.0
603676,2024,2024-12-31,10397305,C27,0,0,2720,52076,0.0,0.0,0.0,0.0,948048056,4329856.93,4329856.93,-0.003164,20.66991575197242,2024,21.34044192389385,0.252601459968765,0.135609,-0.016947,0.504094,2.588411,2.0794415416798357,1.9459101490553132,0.4285714285714285,1.0,0.471662,0.0
603173,2023,2023-12-31,10376559,C34,0,0,2991,59015,0.0,0.0,0.0,0.0,601948567,900800.0,3603200.0,,20.215682564407352,2023,22.20422513669958,0.6694334097634592,0.05233,0.143044,0.347867,1.122218,0.0,2.0794415416798357,0.5,0.0,0.598219,0.0
600587,2020,2020-12-31,107397,C35,1,1,2639,57773,0.0003789314134141,1.7309123639070153e-05,0.378931413414172,0.0173091236390701,2091919233,5737296.02,5779407.45,0.002801,21.461347775329244,2020,23.17028439754013,0.5795281516195683,0.020672,0.043825,0.191674,1.079162,2.9444389791664403,2.70805020110221,0.4,1.0,0.287745,1.0
600493,2021,2021-12-31,106434,C17,2,2,2489,57152,0.0008035355564483,3.499440089585666e-05,0.8035355564483728,0.0349944008958566,960531074,1659200.0,1659200.0,0.206287,20.682996892590715,2021,21.471284687229087,0.6045779029203644,0.036382,0.240257,0.237571,1.389883,2.8903717578961645,2.5649493574615367,0.3076923076923077,0.0,0.1071599999999999,0.0
603528,2024,2024-12-31,10122051,C39,23,20,2495,49253,0.0080160320641282,0.0004669766308651,8.016032064128256,0.466976630865125,6429078653,5562729.43,5562729.43,-0.132159,22.584097076282173,2024,21.610444431027883,0.1633917767284765,-0.004558,-0.01653,1.909185,2.454213,2.1972245773362196,1.9459101490553132,0.4285714285714285,1.0,0.506277,0.0
603500,2020,2020-12-31,10376501,C37,0,0,2385,45836,0.0,0.0,0.0,0.0,881292485,1998612.0,1998612.0,-0.065113,20.596900121992466,2020,20.685545642564342,0.1135831753598246,0.058055,-0.185872,2.570286,2.189023,1.3862943611198906,2.1972245773362196,0.3333333333333333,0.0,0.342415,0.0
600527,2021,2021-12-31,106302,C28,1,1,2221,39386,0.0004502476361999,2.5389732392220588e-05,0.4502476361999099,0.0253897323922205,5216206843,4156226.16,4156226.16,-0.070632,22.375036316459344,2021,21.65029027618392,0.0562844221023351,0.039834,-0.235661,2.182428,1.701026,2.9444389791664403,1.9459101490553132,0.4285714285714285,1.0,0.2256619999999999,0.0
920593,2024,2024-12-31,10775118,C38,4,4,1785,43537,0.0022408963585434,9.18758756919402e-05,2.2408963585434174,0.0918758756919402,902487495,4331939.04,5083997.22,0.388906,20.62066539322769,2024,,,,,,,,,,,,
300448,2021,2021-12-31,10102619,I65,120,96,2629,58660,0.0365157854697603,0.0020456870098874,36.51578546976037,2.0456870098874873,3272648897,3237175.33,4816029.36,-0.199773,21.908865554484063,2021,21.202572578603796,0.0965263803900494,-0.00501,0.104347,2.676087,2.473173,1.9459101490553132,1.9459101490553132,0.4285714285714285,0.0,0.306438,0.0
600282,2020,2020-12-31,105807,C31,15,9,3055,71299,0.0029459901800327,0.0002103816322809,2.9459901800327333,0.2103816322809576,14276369855,13877891.78,19176162.75,-0.008696,23.381871549775855,2020,24.592512563039563,0.4959366325818589,0.069653,0.107407,0.170531,0.924895,3.044522437723423,2.1972245773362196,0.3333333333333333,0.0,0.5684020000000001,0.0
002097,2020,2020-12-31,101229,C35,3,3,2716,55429,0.0011045655375552,5.4123292861137674e-05,1.1045655375552283,0.0541232928611376,5501675368,7346502.6,8656479.82,0.370748,22.42831849534531,2020,23.575608112288,0.6892646960443958,0.032851,0.252894,0.273897,1.160247,2.70805020110221,2.1972245773362196,0.3333333333333333,0.0,0.139397,1.0
301191,2022,2022-12-31,10410728,C39,23,23,1877,48801,0.0122535961640916,0.0004713018175857,12.253596164091636,0.4713018175857052,180063095,948474.0,3792474.0,,19.008817880765363,2022,21.593103215952993,0.3382715359373792,0.096158,0.065417,1.578086,1.231935,0.0,1.9459101490553132,0.5714285714285714,1.0,0.3207589999999999,0.0
301301,2023,2023-12-31,10455622,C27,12,11,3161,72977,0.0034799114204365,0.000164435370048,3.4799114204365704,0.1644353700480973,3693238151,5148463.8,18671520.0,-0.051061,22.029769458146223,2023,23.039620604099483,0.3122007256271321,0.091633,0.262436,0.298935,1.318153,0.6931471805599453,1.9459101490553132,0.4285714285714285,0.0,0.706266,0.0
002125,2020,2020-12-31,102359,C26,2,2,2356,57876,0.0008488964346349,3.455663833022323e-05,0.8488964346349746,0.0345566383302232,5204107899,4716336.15,5004379.62,0.549708,22.372714131432453,2020,22.022031939985744,0.5122954897639769,0.006799,0.019938,0.117572,1.827305,2.6390573296152584,2.4849066497880004,0.4166666666666667,0.0,0.285904,1.0
300511,2020,2020-12-31,10108792,A01,0,0,2731,62379,0.0,0.0,0.0,0.0,4293441821,3758507.35,5768490.52,0.944845,22.18035453773463,2020,22.23790579418336,0.5589091344746011,0.049638,0.120948,0.548602,1.539052,1.6094379124341005,2.1972245773362196,0.4444444444444444,0.0,0.301078,0.0
002850,2022,2022-12-31,10139359,C33,1,1,3094,69237,0.0003232062055591,1.4443144561433916e-05,0.3232062055591467,0.0144431445614339,811520360,18570999.34,27812452.82,-0.257765,20.51442003517717,2022,23.37469144350462,0.5888565497024105,0.084922,0.936954,0.260352,2.038178,1.791759469228055,1.9459101490553132,0.4285714285714285,0.0,0.335726,0.0
600582,2022,2022-12-31,106287,C35,6,6,2954,66550,0.0020311442112389,9.015777610818934e-05,2.031144211238998,0.0901577761081893,9102405747,21520662.24,21520662.24,0.228311,22.931804583442265,2022,24.494187186105204,0.4232205139692055,0.059206,0.163145,0.714861,0.918859,3.044522437723423,2.3978952727983707,0.4545454545454545,0.0,0.555445,1.0
603656,2021,2021-12-31,10144975,C35,13,11,3097,62653,0.0035518243461414,0.0002074920594384,3.551824346141427,0.2074920594384945,342192241,1871866.7,1909000.1,-0.145777,19.65088324821272,2021,20.951126405501675,0.2063733932975112,0.028804,0.092284,1.061326,1.712257,1.6094379124341005,2.302585092994046,0.3,1.0,0.368855,0.0
600971,2023,2023-12-31,10788,B06,0,0,2676,48492,0.0,0.0,0.0,0.0,4607257263,13380054.46,13380054.46,0.696927,22.25089856332068,2023,23.780254165084965,0.4033932476689503,0.094041,-0.071572,1.106188,1.032645,2.995732273553991,2.5649493574615367,0.5384615384615384,0.0,0.549167,1.0
600900,2024,2024-12-31,1022,D44,3,3,3332,70731,0.0009003601440576,4.2414217245620735e-05,0.900360144057623,0.0424142172456207,22067487663,709414429.66,723035833.51,0.3012,23.817371215846386,2024,26.43536360353756,0.6079016421282977,0.057822,0.081682,0.040789,1.868511,3.091042453358316,2.833213344056216,0.3888888888888889,0.0,0.468083,1.0
605566,2023,2023-12-31,10493257,C26,0,0,3096,57769,0.0,0.0,0.0,0.0,199459006,1569656.89,3360168.0,0.102928,19.11111929448381,2023,21.75476912284636,0.2757853614583457,0.005657,-0.110159,1.518418,1.22123,1.0986122886681098,2.1972245773362196,0.3333333333333333,1.0,0.292216,0.0
300571,2020,2020-12-31,10139514,I64,46,41,3116,71710,0.0131578947368421,0.000641472597964,13.157894736842104,0.6414725979640218,717967380,3669656.73,4744680.99,-0.297741,20.391934695618392,2020,21.748733413112095,0.7304409299962766,0.095079,0.401868,0.210097,2.107561,1.6094379124341005,1.9459101490553132,0.4285714285714285,1.0,0.25527,0.0
688567,2020,2020-12-31,10486348,C38,1,1,3046,64510,0.000328299409061,1.5501472639900792e-05,0.3282994090610636,0.0155014726399007,1299095127,6671605.38,48983138.09,,20.984933803670263,2020,23.458778470055677,0.3464252976786049,-0.024412,-0.54293,1.466088,1.343707,0.0,2.3978952727983707,0.3636363636363636,0.0,0.226843,0.0
301273,2024,2024-12-31,10547125,C34,2,2,2773,67494,0.0007212405337179,2.9632263608617065e-05,0.721240533717995,0.029632263608617,292191170,633350.55,1310328.38,-0.32983,19.49291884121862,2024,20.9120682626927,0.1948180980256746,-0.030343,-0.172824,0.782318,1.135195,1.0986122886681098,1.9459101490553132,0.4285714285714285,1.0,0.30998,0.0
688039,2023,2023-12-31,10376117,I65,94,86,3301,71178,0.0260527112996061,0.0013206327797915,26.05271129960618,1.3206327797915087,943069423,4046915.36,4046915.36,0.344238,20.66465045824844,2023,21.191704442894306,0.213538406745823,-0.086315,0.003624,0.779883,2.746822,1.6094379124341005,2.6390573296152584,0.4285714285714285,1.0,0.157571,0.0
603906,2022,2022-12-31,10146255,C26,0,0,3068,65802,0.0,0.0,0.0,0.0,2756490664,13081576.6,13081576.6,-0.369978,21.737224209447376,2022,23.410478535208057,0.6181614811420766,0.099056,1.835783,0.215655,1.50863,1.791759469228055,2.302585092994046,0.3,1.0,0.376341,0.0
920185,2020,2020-12-31,10107480,C30,2,2,2432,66778,0.0008223684210526,2.994998352750906e-05,0.8223684210526315,0.029949983527509,115016179,4597330.64,18765028.56,,18.56058337208299,2020,,,,,,,,,,,,
688599,2021,2021-12-31,104834,C38,7,7,3978,93579,0.0017596782302664,7.480310753481017e-05,1.7596782302664655,0.0748031075348101,4687755972,95757289.0,163167280.99,2.415983,22.268219834325336,2021,24.874933606470975,0.714138633429597,0.033903,0.512014,0.186687,2.33928,0.6931471805599453,2.1972245773362196,0.3333333333333333,1.0,0.17,0.0
603938,2022,2022-12-31,10207060,C26,1,1,2617,50000,0.0003821169277799,2e-05,0.3821169277799006,0.02,1425203801,9428960.81,9428960.81,0.317532,21.07758065938816,2022,21.92808839242855,0.310820669768468,0.2384,0.656373,0.42377,3.137106,1.791759469228055,1.9459101490553132,0.4285714285714285,0.0,0.393086,0.0
301086,2023,2023-12-31,10505228,C39,3,3,2939,63812,0.0010207553589656,4.701310098414091e-05,1.0207553589656344,0.0470131009841409,159692248,1501999.79,4159800.0,0.236303,18.88875907725473,2023,21.627299385503846,0.2221916351071124,0.04282,-0.062413,0.7102,1.327362,1.0986122886681098,1.9459101490553132,0.4285714285714285,0.0,0.597525,0.0
600157,2024,2024-12-31,105942,D44,2,2,3299,69741,0.0006062443164595,2.86775354526032e-05,0.6062443164595333,0.0286775354526032,142355572030,37992376.69,37992376.69,0.256285,25.681593793079657,2024,25.403312919016308,0.5171954280415966,0.018898,-0.058537,0.045656,0.869711,3.295836866004329,2.1972245773362196,0.3333333333333333,0.0,0.181265,0.0
600551,2022,2022-12-31,106176,R85,1,1,3188,64053,0.0003136762860727,1.56120712534932e-05,0.3136762860727728,0.0156120712534932,1425550389,4930430.24,4930430.24,0.297867,21.07782381469259,2022,22.762737007729704,0.3072829002845864,0.046181,-0.031348,0.954089,0.94872,3.044522437723423,2.5649493574615367,0.4615384615384615,0.0,0.620917,1.0
688391,2023,2023-12-31,10226768,I65,20,16,3417,68194,0.0046824700029265,0.0002932809338064,4.682470002926544,0.2932809338064932,154718997,2126815.46,4142592.0,-0.269609,18.857121113433188,2023,21.494179679676957,0.0561713676583172,0.060435,-0.150526,1.366742,1.49928,0.6931471805599453,1.9459101490553132,0.4285714285714285,0.0,0.166776,0.0
300856,2024,2024-12-31,10394509,C26,0,0,2464,66200,0.0,0.0,0.0,0.0,1052943395,8349572.35,8699708.08,-0.133215,20.774855313667643,2024,22.172101804300507,0.323231543322771,0.137721,-0.051642,0.872297,2.312524,1.6094379124341005,2.3978952727983707,0.4545454545454545,0.0,0.5200480000000001,0.0
600158,2023,2023-12-31,105943,R88,3,2,2307,51878,0.00086692674469,5.782798103242222e-05,0.8669267446900737,0.0578279810324222,4483005949,7234058.39,7465011.66,-0.108362,22.22355962935506,2023,22.61684145981066,0.4505200535024024,0.049409,1.451798,0.868185,1.574248,3.258096538021482,2.1972245773362196,0.3333333333333333,1.0,0.194936,1.0
601678,2021,2021-12-31,105902,C26,0,0,2632,54127,0.0,0.0,0.0,0.0,19330182040,15946589.73,15946589.73,0.537143,23.684933547659817,2021,23.54487051523355,0.387503812458478,0.105954,0.435332,0.412328,1.336491,2.4849066497880004,2.833213344056216,0.4117647058823529,0.0,0.080204,0.0
603663,2023,2023-12-31,10109085,C30,0,0,3162,61549,0.0,0.0,0.0,0.0,1505615747,4641701.03,4656176.18,0.218411,21.132467786358117,2023,21.425633045966507,0.3344882127121872,0.038256,0.11066,0.100363,2.637418,2.0794415416798357,2.1972245773362196,0.3333333333333333,0.0,0.2006609999999999,0.0
301100,2022,2022-12-31,10523345,C26,0,0,2321,46542,0.0,0.0,0.0,0.0,614413955,1108000.0,4432000.0,-0.374899,20.236179454383507,2022,21.618213510987218,0.1355648960741289,0.03657,0.107493,3.902723,1.236652,0.6931471805599453,2.0794415416798357,0.5,1.0,0.41501,0.0
300572,2021,2021-12-31,10133342,C40,2,2,2886,72372,0.0006930006930006,2.7634996960150333e-05,0.693000693000693,0.0276349969601503,767352077,3637895.45,4728618.97,-0.492794,20.45845628660282,2021,21.740771162351297,0.2021628879502497,0.007514,-0.482465,2.817039,1.701279,1.791759469228055,1.9459101490553132,0.4285714285714285,1.0,0.257173,0.0
002973,2023,2023-12-31,10453770,N78,8,7,2712,65732,0.0025811209439528,0.0001217063226434,2.5811209439528024,0.1217063226434613,512125169,2245274.25,4483054.53,0.038462,20.054079625781466,2023,22.74097655202686,0.6756154806623711,0.04567,-0.002864,0.144278,1.136049,1.3862943611198906,1.9459101490553132,0.4285714285714285,1.0,0.377122,0.0
002949,2024,2024-12-31,10341401,M74,14,13,2559,62101,0.0050801094177413,0.0002254392038775,5.080109417741305,0.2254392038775543,1181117301,2664780.85,3493444.26,0.332856,20.889726693530744,2024,21.842466081110096,0.4708174452620033,0.045655,-0.225528,0.357855,1.466508,1.791759469228055,2.302585092994046,0.4,0.0,0.264755,0.0
603040,2022,2022-12-31,10139523,C33,2,2,2617,54073,0.0007642338555598,3.6987036043866625e-05,0.7642338555598013,0.0369870360438666,389407456,2288533.98,2309600.45,-0.137469,19.780136800693334,2022,20.971750045053273,0.1130341121715264,0.138201,0.219291,2.413576,1.90614,1.791759469228055,2.1972245773362196,0.5555555555555556,1.0,0.51179,0.0
300907,2022,2022-12-31,10187087,C34,0,0,2347,57313,0.0,0.0,0.0,0.0,334892513,660844.8,1716480.0,-0.398385,19.629320184573427,2022,20.879596561112116,0.3594407363930597,0.024748,-0.138085,0.479755,1.318577,1.0986122886681098,1.9459101490553132,0.4285714285714285,0.0,0.418125,0.0
301032,2023,2023-12-31,10438698,C34,0,0,1932,42716,0.0,0.0,0.0,0.0,642289149,836607.83,2442681.34,0.351531,20.28054914966747,2023,21.69824780998335,0.583328325779453,0.011939,0.105826,0.17519,1.17286,1.0986122886681098,2.4849066497880004,0.4166666666666667,0.0,0.211501,0.0
002437,2023,2023-12-31,102150,C27,0,0,2451,56716,0.0,0.0,0.0,0.0,11989557345,5498981.27,5517288.6,-0.011811,23.207301886705498,2023,21.871445798617035,0.457491550202688,0.035618,-0.155056,0.503463,2.203641,2.6390573296152584,2.1972245773362196,0.3333333333333333,0.0,0.075216,0.0
605003,2022,2022-12-31,10443143,C17,0,0,2088,38289,0.0,0.0,0.0,0.0,216218448,488675.0,1954700.0,-0.359408,19.191799792553702,2022,20.94951870212233,0.0980841700759071,0.07319,-0.290437,0.415382,1.164247,1.0986122886681098,1.6094379124341005,0.6,1.0,0.7248439999999999,0.0
000850,2022,2022-12-31,101288,C17,0,0,2991,62574,0.0,0.0,0.0,0.0,1993603630,3264087.58,3265080.93,-0.230263,21.413209707884,2022,22.71133680565323,0.3777966600662888,-0.02456,-0.001228,0.220911,0.825033,3.218875824868201,2.302585092994046,0.5,0.0,0.4639999999999999,1.0
688347,2023,2023-12-31,10137061,C39,4,4,3119,56612,0.0012824623276691,7.065639793683318e-05,1.2824623276691247,0.0706563979368331,773226761,4446978.76,17439467.5,,20.466082916701534,2023,25.05697305448359,0.2720259498541557,0.013656,-0.032995,5.743796,1.014246,0.0,2.3978952727983707,0.3636363636363636,0.0,0.361651,1.0
002688,2020,2020-12-31,107669,C27,0,0,2708,58665,0.0,0.0,0.0,0.0,4228105273,3428200.35,3487740.21,-0.08744,22.165019803887564,2020,21.94021425095527,0.4817855611884036,0.041419,0.018108,0.218249,1.505834,2.1972245773362196,2.4849066497880004,0.5,0.0,0.380549,0.0
300421,2022,2022-12-31,10102559,C34,1,1,3026,69352,0.0003304692663582,1.4419194832160573e-05,0.3304692663582286,0.0144191948321605,2591589697,2195883.43,2857135.56,-0.466697,21.67553730738169,2022,21.304317593068458,0.2901375105191225,0.035889,0.007133,0.266339,1.680426,2.0794415416798357,2.0794415416798357,0.375,1.0,0.224704,0.0
002671,2020,2020-12-31,107589,C30,0,0,2421,56907,0.0,0.0,0.0,0.0,1355689433,1954667.95,2375438.24,-0.077093,21.02757596925957,2020,21.853113574643594,0.2919854777082583,-0.031687,-0.251594,0.260226,1.048918,2.1972245773362196,1.791759469228055,0.3333333333333333,1.0,0.1666669999999999,0.0
603075,2024,2024-12-31,10594107,C38,8,8,2841,57413,0.0028159098908834,0.0001393412641736,2.815909890883492,0.1393412641736192,555488364,745386.3,7499535.15,-0.211784,20.135358221730097,2024,21.816910105292344,0.2939487172098172,0.103856,0.148021,0.525233,1.179524,0.6931471805599453,1.9459101490553132,0.4285714285714285,0.0,0.715436,0.0
002135,2021,2021-12-31,101360,C33,8,7,2441,57875,0.0028676771814829,0.0001382289416846,2.867677181482999,0.1382289416846652,6644357814,11129410.6,11957689.43,0.84213,22.61703388260553,2021,23.565301993118062,0.6212212843552049,0.032175,0.219399,0.189932,1.296379,2.70805020110221,2.1972245773362196,0.3333333333333333,0.0,0.304055,0.0
600203,2023,2023-12-31,105986,C39,19,16,3324,67390,0.0048134777376654,0.0002819409407924,4.813477737665464,0.2819409407924024,6049496852,4394041.69,4394041.69,0.266667,22.523240940737388,2023,22.77668068877149,0.7255774533545246,-0.033154,-0.357044,0.26733,1.289316,3.218875824868201,2.772588722239781,0.3125,0.0,0.158914,1.0
000889,2022,2022-12-31,101509,I65,18,17,2486,61061,0.0068382944489139,0.000294787180033,6.838294448913918,0.2947871800330817,9343714189,1617920.4,1741501.48,-0.484765,22.957969675021666,2022,,,,,,,,,,,,
600064,2020,2020-12-31,106017,K70,2,2,2412,47824,0.0008291873963515,4.182000669120107e-05,0.8291873963515755,0.041820006691201,3427328936,12693277.24,12693277.24,0.099487,21.955047059183695,2020,24.208148782799313,0.5674462701127565,0.06823,-0.001801,0.081705,0.956588,3.1780538303479458,1.9459101490553132,0.4285714285714285,0.0,0.347379,1.0
605208,2021,2021-12-31,10102265,C32,0,0,2143,43077,0.0,0.0,0.0,0.0,1243303105,989350.0,3957400.0,,20.941037470110345,2021,21.7941564875512,0.3119507985360904,0.08806,0.220107,0.112356,1.167041,0.0,2.1972245773362196,0.3333333333333333,1.0,0.30911,0.0
603212,2023,2023-12-31,10345767,C29,5,4,3243,68815,0.0012334258402713,7.265857734505559e-05,1.2334258402713536,0.0726585773450555,2238834249,7599212.35,7639865.1,-0.448107,21.529221143238587,2023,22.321044133621346,0.3938666683740327,0.020771,0.012227,0.40177,1.934759,1.3862943611198906,2.3978952727983707,0.3636363636363636,1.0,0.263665,0.0
600712,2021,2021-12-31,106222,F52,2,2,2763,56185,0.0007238508867173,3.5596689507875765e-05,0.7238508867173362,0.0355966895078757,1600567383,2094983.66,2118709.35,-0.13363,21.193624018331107,2021,21.26333734944434,0.4839653609870455,0.001499,0.036533,0.291119,1.710505,3.258096538021482,2.302585092994046,0.3,0.0,0.188537,1.0
600081,2024,2024-12-31,106011,C36,1,1,2793,58488,0.0003580379520229,1.7097524278484476e-05,0.3580379520229144,0.0170975242784844,1681498993,5668518.24,5668518.24,-0.080748,21.24295149086907,2024,23.03565443859102,0.4527089978500023,0.022018,-0.000781,0.705735,1.014031,3.332204510175204,2.1972245773362196,0.3333333333333333,0.0,0.72375,1.0
300348,2022,2022-12-31,10100162,I65,24,23,2937,65447,0.0078311201906707,0.0003667089400583,7.831120190670752,0.3667089400583678,4058457317,6219738.81,7446380.5,-0.348117,22.124068767416844,2022,21.63225515901952,0.3970636644471546,0.009954,0.200506,0.620722,2.999314,2.3978952727983707,2.4849066497880004,0.4166666666666667,0.0,0.146541,0.0
002847,2022,2022-12-31,10143709,C14,0,0,2307,58122,0.0,0.0,0.0,0.0,234510432,12415747.38,13935730.73,0.276752,19.273010635266058,2022,21.621289694018603,0.5323130597047353,0.13308,0.268251,0.167533,5.649731,1.791759469228055,1.9459101490553132,0.4285714285714285,1.0,0.375957,0.0
600281,2020,2020-12-31,105969,C32,0,0,2137,38273,0.0,0.0,0.0,0.0,1057069167,2011311.92,2011311.92,-0.050971,20.778765979725705,2020,20.565407053844087,0.3833123990062659,0.046091,-0.283325,0.605414,2.73856,3.044522437723423,2.3978952727983707,0.2727272727272727,0.0,0.434783,1.0
300580,2023,2023-12-31,10139520,C36,6,6,2724,66164,0.0022026431718061,9.068375551659513e-05,2.2026431718061676,0.0906837555165951,1536027287,9669487.96,10281891.49,1.460795,21.152465237139086,2023,21.992385070607533,0.1924161725786409,0.07597,0.224162,0.370445,2.958408,1.9459101490553132,1.6094379124341005,0.4,0.0,0.498042,0.0
600267,2023,2023-12-31,105592,C27,0,0,3523,77416,0.0,0.0,0.0,0.0,3297994172,10585361.69,11305697.62,-0.135209,21.916580294253876,2023,23.591919096591266,0.5259592270127259,-0.005332,-0.138212,0.201959,1.15715,3.1780538303479458,2.302585092994046,0.3,0.0,0.265577,1.0
300765,2023,2023-12-31,10424656,C14,0,0,1972,47653,0.0,0.0,0.0,0.0,3188991676,38065037.91,42872577.68,3.186692,21.882970615061865,2023,22.4517524462404,0.0967594870812177,0.147867,-0.047512,6.699133,6.757369,1.6094379124341005,2.5649493574615367,0.4615384615384615,0.0,0.7290049999999999,0.0
301312,2024,2024-12-31,10541979,C35,19,18,2468,57288,0.0072933549432739,0.0003316575897221,7.293354943273906,0.3316575897221058,603940722,1254723.99,4237700.81,-0.367362,20.218986610354495,2024,21.098295477995965,0.1791124399913029,0.0434,0.297666,0.596124,1.619279,1.0986122886681098,1.9459101490553132,0.4285714285714285,0.0,0.3229849999999999,0.0
000581,2024,2024-12-31,101616,C36,9,8,2715,65095,0.0029465930018416,0.0001382594669329,2.9465930018416207,0.1382594669329441,2531571922,15553346.23,15568566.81,0.333776,21.652106260189292,2024,24.069827516919432,0.2778502678440133,0.0608,0.006682,0.238271,0.897562,3.295836866004329,2.70805020110221,0.3333333333333333,0.0,0.212452,1.0
603399,2023,2023-12-31,10100191,C32,0,0,3086,58566,0.0,0.0,0.0,0.0,3530492711,5240733.34,5305796.14,-0.22971,21.984703276621705,2023,22.0881417059155,0.4990806019987691,-0.087935,0.062947,0.79994,1.843771,2.4849066497880004,2.0794415416798357,0.375,1.0,0.335178,0.0
002427,2022,2022-12-31,102621,C28,0,0,3156,78451,0.0,0.0,0.0,0.0,1069971287,6553127.97,6553127.97,0.247655,20.79089765141534,2022,,,,,,,,,,,,
603080,2023,2023-12-31,10144178,D45,0,0,3027,57923,0.0,0.0,0.0,0.0,913788999,2357390.0,2357390.0,0.211925,20.633110249375992,2023,21.570149044915752,0.3371844131675871,0.06532,0.285929,0.346419,1.347913,1.791759469228055,2.772588722239781,0.375,1.0,0.330919,0.0
300643,2020,2020-12-31,10309925,C36,5,5,2494,51784,0.0020048115477145,9.655492043874556e-05,2.0048115477145148,0.0965549204387455,2237997386,2540000.0,2540000.0,-0.426126,21.52884727927514,2020,20.65414631526466,0.5113966492375185,0.040235,0.718959,0.283056,3.23317,1.3862943611198906,1.9459101490553132,0.4285714285714285,1.0,0.502476,0.0
688165,2023,2023-12-31,10411481,C34,19,18,3766,81611,0.0047796070100902,0.0002328117533175,4.779607010090282,0.2328117533175674,1399986052,5979598.8,5979598.8,0.488312,21.059728111375144,2023,21.92912033569543,0.459684618316992,-0.014504,0.421059,0.521003,2.250192,1.3862943611198906,2.6390573296152584,0.5,1.0,0.160987,1.0
300253,2024,2024-12-31,104761,I65,31,20,3026,75747,0.0066093853271645,0.0004092571322956,6.609385327164574,0.4092571322956684,8559494974,13512037.12,15654522.56,-0.001391,22.870307027111934,2024,22.893060457840807,0.3223618188591524,0.005786,-0.120497,0.773318,1.961495,2.6390573296152584,2.0794415416798357,0.5,0.0,0.080546,0.0
688336,2021,2021-12-31,10149968,C27,1,1,3144,67245,0.0003180661577608,1.487099412595732e-05,0.3180661577608142,0.0148709941259573,278550220,1319203.25,11430721.71,-0.247465,19.445108927825142,2021,22.310219279652603,0.07153679191505,-0.000345,0.418013,6.998291,1.162036,0.6931471805599453,2.1972245773362196,0.4444444444444444,0.0,0.359485,0.0
600207,2024,2024-12-31,105744,D45,0,0,2914,58117,0.0,0.0,0.0,0.0,8457803416,4858333.99,4858333.99,-0.06499,22.85835533347075,2024,22.603755034213485,0.5599997101245693,-0.060422,-0.164901,0.113286,1.300971,3.258096538021482,2.302585092994046,0.3,0.0,0.409979,1.0
002971,2023,2023-12-31,10455216,C26,0,0,2764,68432,0.0,0.0,0.0,0.0,640582255,3453413.32,4435200.0,0.532338,20.27788809572355,2023,22.128027320742657,0.680610472439791,0.023888,0.251927,0.082116,1.598867,1.3862943611198906,2.4849066497880004,0.5,1.0,0.2096859999999999,0.0
300771,2024,2024-12-31,10406953,C35,4,4,2380,57885,0.0016806722689075,6.910253088019349e-05,1.680672268907563,0.0691025308801934,2343468017,1906214.93,2524800.0,-0.022999,21.57489772812489,2024,21.559448613187428,0.1595223558113346,0.016833,0.100118,1.459293,1.191523,1.791759469228055,2.1972245773362196,0.3333333333333333,0.0,0.236835,0.0
002967,2021,2021-12-31,10145920,M74,2,2,2697,67320,0.0007415647015202,2.9708853238265e-05,0.7415647015202076,0.029708853238265,1087592838,6380990.14,15577115.91,-0.261119,20.807232686478773,2021,22.38721272236518,0.3427783777323304,0.04466,0.220892,1.106876,1.939272,1.0986122886681098,2.1972245773362196,0.3333333333333333,0.0,0.36716,1.0
300424,2021,2021-12-31,10102622,C37,7,4,3090,69925,0.001294498381877,0.0001001072577761,1.2944983818770226,0.1001072577761887,2155907306,3287534.1,3751857.91,-0.098502,21.491477496026263,2021,21.509388458213596,0.660552924349271,0.009923,-0.051884,0.25397,2.200389,1.9459101490553132,2.6390573296152584,0.4285714285714285,0.0,0.122088,0.0
603662,2024,2024-12-31,10378435,C40,74,40,2857,55824,0.0140007000350017,0.0013255947262826,14.00070003500175,1.3255947262826024,3685431089,18141609.47,18195198.92,0.804168,22.027653340820116,2024,22.222388428675668,0.3179512056841219,0.073431,0.207936,0.14691,4.371453,1.791759469228055,2.1972245773362196,0.3333333333333333,1.0,0.44838,0.0
002247,2020,2020-12-31,102504,I64,0,0,1960,46023,0.0,0.0,0.0,0.0,3313135706,998977.3,1437970.38,-0.40493,21.921160921393255,2020,,,,,,,,,,,,
605259,2024,2024-12-31,10449145,C34,0,0,2450,46152,0.0,0.0,0.0,0.0,280171643,2613072.0,2613072.0,-0.043612,19.450912987602734,2024,21.73008019025557,0.3799527860940655,0.075623,0.382937,0.967826,1.33472,1.3862943611198906,1.9459101490553132,0.4285714285714285,1.0,0.535064,0.0
300698,2024,2024-12-31,10274073,C39,65,43,2551,52466,0.0168561348490787,0.0012388975717607,16.856134849078792,1.238897571760759,585481434,4085093.2,4617640.0,-0.049589,20.18794503255741,2024,20.80790633101296,0.5569863211012138,0.041646,0.077206,0.090663,4.361636,2.0794415416798357,2.3978952727983707,0.2727272727272727,0.0,0.21525,0.0
600785,2020,2020-12-31,106352,F52,1,1,2238,47411,0.0004468275245755,2.1092151610385776e-05,0.4468275245755138,0.0210921516103857,203282292,2856492.0,2856492.0,-0.143808,19.130106176920435,2020,22.55225761017498,0.642881935074329,0.003168,-0.257438,0.178208,1.101564,3.1780538303479458,2.1972245773362196,0.3333333333333333,0.0,0.361521,0.0
002906,2021,2021-12-31,10146041,C39,4,4,2373,60390,0.001685630004214,6.62361318099023e-05,1.685630004214075,0.0662361318099023,1714021357,25954801.25,26071315.29,1.045994,21.262108117954515,2021,22.523131402815903,0.3556937084701984,0.053902,0.330081,0.471095,4.653486,1.6094379124341005,2.1972245773362196,0.3333333333333333,1.0,0.570437,0.0
300628,2020,2020-12-31,10207182,C39,21,20,2841,60252,0.0070397747272087,0.0003485361481776,7.039774727208729,0.3485361481776538,1082800931,34972343.83,65989888.92,0.527137,20.802816976435487,2020,22.47755887574864,0.0996629680032299,0.241117,0.106429,0.542207,6.574101,1.3862943611198906,2.0794415416798357,0.5,0.0,0.209421,0.0
688058,2024,2024-12-31,10375860,I65,189,155,3235,64732,0.0479134466769706,0.0029197305814743,47.91344667697063,2.919730581474387,253661715,2137600.77,2137600.77,-0.186619,19.35151211054165,2024,20.466325193487503,0.0611092662816329,-0.068543,-0.0718,2.44334,2.824959,1.791759469228055,1.9459101490553132,0.4285714285714285,1.0,0.352918,0.0
603918,2024,2024-12-31,10101875,I65,59,54,2941,55826,0.0183611016660999,0.0010568552287464,18.36110166609997,1.0568552287464623,5987713613,4658428.12,4662171.62,-0.317647,22.512975475706757,2024,21.19773096194622,0.3374593863875018,-0.037279,-0.249801,1.272546,3.236548,2.302585092994046,2.3978952727983707,0.3636363636363636,1.0,0.181836,0.0
002406,2022,2022-12-31,102107,C36,0,0,2670,57205,0.0,0.0,0.0,0.0,2486630883,2346828.22,2952313.62,-0.215334,21.634194572578103,2022,22.239254754442605,0.2336690864294651,0.01601,-0.464384,1.690856,0.906177,2.5649493574615367,2.302585092994046,0.4,0.0,0.250245,0.0
600660,2020,2020-12-31,107545,C30,0,0,2911,66633,0.0,0.0,0.0,0.0,5426282308,96243493.25,96243493.25,1.034181,22.41452007876445,2020,24.371938346524733,0.4380825027673162,0.067274,-0.056733,0.726055,3.056141,3.332204510175204,2.1972245773362196,0.3333333333333333,0.0,0.196023,0.0
600860,2022,2022-12-31,101366,C35,4,4,3230,68131,0.0012383900928792,5.871042550380884e-05,1.238390092879257,0.0587104255038088,5043247412,4453260.0,6116538.61,-0.29797,22.341316039515732,2022,21.613043831615197,0.4222920545066423,0.007022,0.160313,0.425704,2.486117,3.367295829986474,2.3978952727983707,0.3636363636363636,0.0,0.453163,1.0
601952,2024,2024-12-31,10145501,C13,1,1,2907,56766,0.000343997248022,1.7616178698516717e-05,0.3439972480220158,0.0176161786985167,2376461575,13490620.0,13490620.0,-0.008789,21.58887848557288,2024,23.39155783615238,0.4947801364038562,0.052267,-0.102784,0.255971,1.430633,2.0794415416798357,2.3978952727983707,0.4545454545454545,0.0,0.6784439999999999,1.0
002755,2020,2020-12-31,10132693,C27,0,0,2927,64365,0.0,0.0,0.0,0.0,1181566492,2249877.22,12121774.18,-0.178218,20.890106931467248,2020,22.06039605555956,0.2034850671886776,0.193427,-0.162869,1.979702,1.442976,1.791759469228055,2.1972245773362196,0.3333333333333333,1.0,0.342043,0.0
688584,2024,2024-12-31,10497262,C39,3,3,3288,68709,0.000912408759124,4.366240230537484e-05,0.9124087591240876,0.0436624023053748,926959602,1100926.64,13016365.38,,20.647420544371293,2024,22.2430624688146,0.0941045525027888,0.0293,-0.177601,3.785583,1.164214,0.0,2.302585092994046,0.3,0.0,0.480307,0.0
688231,2024,2024-12-31,10546906,C32,3,2,3563,75716,0.0005613247263541,3.962174441333404e-05,0.561324726354196,0.039621744413334,372302652,1798101.4,3510308.57,-0.340754,19.735217664791232,2024,21.995368975061787,0.2423360091005108,0.019096,0.152204,0.392814,1.115801,1.0986122886681098,2.1972245773362196,0.3333333333333333,1.0,0.358004,0.0
002555,2024,2024-12-31,101960,I64,28,21,2512,64095,0.0083598726114649,0.0004368515484827,8.359872611464969,0.4368515484827209,14718070144,25095848.49,34687397.35,-0.115364,23.41234183737233,2024,23.697911948684503,0.3353004639813825,0.137629,0.054034,0.239274,1.800631,2.6390573296152584,2.1972245773362196,0.4444444444444444,0.0,0.145739,0.0
002930,2020,2020-12-31,10242511,G59,5,5,2956,64079,0.0016914749661705,7.802868334399725e-05,1.6914749661705006,0.0780286833439972,2645007232,3502862.51,8662332.62,0.708589,21.695939636846507,2020,22.573045530006425,0.6241081956313218,0.050306,0.745705,1.074739,1.398899,1.0986122886681098,1.9459101490553132,0.4285714285714285,1.0,0.3246529999999999,0.0
300400,2022,2022-12-31,10107070,C35,12,12,2425,54282,0.0049484536082474,0.0002210677572676,4.948453608247422,0.2210677572676025,901712257,2987128.75,3983915.64,-0.261458,20.61980602269957,2022,20.937497624077217,0.3925008329278392,0.071993,-0.200167,0.554522,3.59057,2.1972245773362196,2.5649493574615367,0.3846153846153846,1.0,0.328609,0.0
300160,2024,2024-12-31,104862,C30,4,3,2801,68757,0.0010710460549803,5.817589481798217e-05,1.0710460549803642,0.0581758948179821,3269779817,4131089.85,4204827.83,-0.061017,21.90798848564359,2024,21.84446476912496,0.1765770917393322,0.07289,0.10388,2.759412,1.539393,2.6390573296152584,2.302585092994046,0.4,0.0,0.2502189999999999,1.0
002935,2021,2021-12-31,10204339,C39,4,4,2215,50750,0.001805869074492,7.881773399014778e-05,1.805869074492099,0.0788177339901477,1061810480,7337052.76,7656719.27,0.324518,20.783241289038944,2021,21.417844346151607,0.2945693407631837,0.061796,0.138095,0.757332,3.990018,1.3862943611198906,2.0794415416798357,0.375,0.0,0.407025,1.0
300586,2023,2023-12-31,10133403,C29,1,1,2975,70990,0.0003361344537815,1.408649105507818e-05,0.3361344537815126,0.0140864910550781,1652455100,4327015.12,5753742.66,-0.399029,21.225527958973036,2023,21.956097449392637,0.3108955516420926,0.051457,-0.21996,0.505022,1.742491,1.9459101490553132,1.9459101490553132,0.4285714285714285,0.0,0.325413,0.0
000089,2024,2024-12-31,101672,G56,4,4,2729,61564,0.0014657383657017,6.497303618998116e-05,1.4657383657017222,0.0649730361899811,3413552088,14129615.16,14129801.92,0.087092,21.951019254410298,2024,23.908537366649973,0.529634286967717,0.018284,0.137966,0.575835,1.11414,3.295836866004329,2.3978952727983707,0.4545454545454545,0.0,0.569686,1.0
688678,2023,2023-12-31,10401578,C34,7,7,3200,66344,0.0021875,0.0001055106716507,2.1875,0.1055106716507898,615930216,3206298.69,3206298.69,-0.025013,20.238644230989756,2023,21.92752221770275,0.5147406910656992,0.03278,0.069903,0.573751,1.476358,1.3862943611198906,1.9459101490553132,0.4285714285714285,1.0,0.478747,0.0
002030,2023,2023-12-31,101260,C27,0,0,2615,60589,0.0,0.0,0.0,0.0,2755799388,13585357.59,13585357.59,-0.265424,21.736973396809848,2023,23.12278859214383,0.1688930696796624,0.005566,-0.595344,0.574796,1.401917,2.995732273553991,2.1972245773362196,0.3333333333333333,0.0,0.166299,1.0
601811,2021,2021-12-31,103522,R85,2,2,2770,58760,0.0007220216606498,3.4036759700476515e-05,0.7220216606498194,0.0340367597004765,399609745,7182568.37,7182568.37,0.031903,19.805998993830645,2021,23.65573588339992,0.4082390200137437,0.072926,0.161223,0.817063,1.002778,1.791759469228055,2.6390573296152584,0.2857142857142857,0.0,0.550899,1.0
300708,2023,2023-12-31,10233165,C39,2,2,2787,64338,0.0007176175098672,3.108582797102801e-05,0.7176175098672408,0.031085827971028,2452699685,4273260.46,7568686.5,0.239869,21.620455167495976,2023,22.279248891480066,0.391699709429014,0.02892,0.22299,0.272115,1.558136,1.9459101490553132,2.0794415416798357,0.375,1.0,0.192622,0.0
002248,2024,2024-12-31,102505,C34,1,1,2046,45822,0.0004887585532746,2.182357819388067e-05,0.4887585532746823,0.0218235781938806,4845753391,2395390.72,2395390.72,-0.044172,22.301368569065257,2024,20.03802224647027,0.8602400984275704,0.016379,0.196608,0.181917,5.613306,2.833213344056216,2.3978952727983707,0.3636363636363636,0.0,0.175046,0.0
000411,2024,2024-12-31,101624,F51,7,6,2933,65606,0.0020456870098874,0.0001066975581501,2.0456870098874873,0.1066975581501692,1177341477,3438102.98,5560892.97,-0.022792,20.88652474888963,2024,23.4065093474503,0.643974215918575,0.04288,0.040544,0.145899,1.014843,3.367295829986474,2.5649493574615367,0.3076923076923077,0.0,0.288894,1.0
300773,2024,2024-12-31,10322860,I64,18,15,2876,62375,0.0052155771905424,0.0002885771543086,5.215577190542421,0.2885771543086172,5045400287,12997736.81,14160354.0,0.159601,22.34174283111288,2024,23.07168942762424,0.6760718371473934,0.030885,-0.029631,0.087587,1.944206,1.791759469228055,2.3978952727983707,0.5454545454545454,0.0,0.261412,0.0
600126,2022,2022-12-31,105963,C31,38,21,2301,48488,0.0091264667535853,0.0007836990595611,9.126466753585396,0.7836990595611285,5597736428,13947790.91,13947790.91,-0.146199,22.44562814386585,2022,24.07720060697636,0.2943997142331908,0.01659,-0.132832,1.099793,0.80317,3.218875824868201,2.3978952727983707,0.2727272727272727,0.0,0.452302,1.0
603018,2022,2022-12-31,10133058,M74,32,26,2942,59851,0.0088375254928619,0.0005346610750029,8.837525492861998,0.5346610750029239,3464324206,5068146.82,5183059.62,-0.062201,21.96578341651183,2022,23.195185300271,0.6215729616282011,0.062983,0.002914,0.233551,1.057829,2.1972245773362196,2.5649493574615367,0.4615384615384615,0.0,0.080204,0.0
600979,2020,2020-12-31,10810,D44,6,6,2533,54944,0.0023687327279905,0.0001092020966802,2.3687327279905253,0.1092020966802562,1957798177,4128070.3,4128070.3,0.046539,21.39508630015474,2020,22.90370337231048,0.5230322030432041,0.020454,0.022661,0.355341,0.989471,2.833213344056216,2.3978952727983707,0.3636363636363636,0.0,0.155533,1.0
600628,2023,2023-12-31,106220,F52,0,0,2732,55738,0.0,0.0,0.0,0.0,909949164,4534596.44,4534596.44,-0.078534,20.62889929327743,2023,22.461262929535085,0.2646345890617172,0.005521,0.333855,0.758298,1.062145,3.4339872044851463,2.3978952727983707,0.3636363636363636,0.0,0.207265,1.0
000591,2022,2022-12-31,10961,D44,5,5,2555,67629,0.0019569471624266,7.393278031613657e-05,1.9569471624266144,0.0739327803161365,19176898581,22041768.54,28654637.14,-0.335804,23.676972192701097,2022,24.56271605767259,0.5303648571761695,0.032393,0.316517,0.575459,1.112764,3.295836866004329,2.302585092994046,0.3,0.0,0.312893,1.0
002208,2022,2022-12-31,101457,K70,0,0,2409,50109,0.0,0.0,0.0,0.0,5646445828,4181173.11,5398121.53,-0.121134,22.454292127351348,2022,24.233285239607657,0.7187881276386352,0.014403,-0.467285,0.275488,0.907177,2.70805020110221,2.5649493574615367,0.3076923076923077,0.0,0.369177,1.0
300041,2023,2023-12-31,103914,C26,0,0,2715,70041,0.0,0.0,0.0,0.0,2427406171,5455086.83,5605384.79,-0.192647,21.610089105271516,2023,22.547057170551778,0.5342652823102101,0.048907,0.050505,0.276963,1.427273,2.6390573296152584,2.1972245773362196,0.3333333333333333,1.0,0.075216,0.0
688092,2024,2024-12-31,10524431,C35,23,21,3279,63932,0.0064043915827996,0.0003597572420696,6.404391582799634,0.359757242069699,287751226,1695158.47,1695158.47,-0.042198,19.477606869675338,2024,20.44664974567616,0.169676734486327,0.090923,0.175808,2.606124,2.405014,1.3862943611198906,1.6094379124341005,0.6,0.0,0.373057,0.0
300100,2020,2020-12-31,102842,C36,0,0,2928,64359,0.0,0.0,0.0,0.0,5799501823,4459179.44,4756703.96,0.956522,22.48103785839603,2020,22.42878153353395,0.674152991504459,0.014895,-0.168627,0.069845,1.504672,2.3978952727983707,2.3978952727983707,0.3636363636363636,1.0,0.47445,0.0
000889,2020,2020-12-31,101509,I65,12,10,2622,66341,0.003813882532418,0.0001808836164664,3.8138825324180017,0.1808836164664385,4754924832,4592806.29,4943617.09,-0.209412,22.282446724827228,2020,22.036772084228954,0.3699279112575864,0.005358,-0.186351,0.518014,1.649533,3.1780538303479458,2.302585092994046,0.3,0.0,0.221838,0.0
600452,2021,2021-12-31,106237,D44,1,1,2214,43173,0.0004516711833785,2.316262478864105e-05,0.4516711833785004,0.023162624788641,2599990365,12379171.84,15350173.08,0.727416,21.678773576582365,2021,22.56138646601745,0.3465313778013326,0.082497,0.185024,0.552155,2.442736,2.8903717578961645,2.1972245773362196,0.3333333333333333,0.0,0.416482,1.0
600361,2024,2024-12-31,105126,C32,0,0,3147,69458,0.0,0.0,0.0,0.0,9909335244,6434646.23,15854702.52,-0.215569,23.01674310382548,2024,23.98582624328579,0.581475120511293,0.043663,0.111168,0.496077,1.067448,3.1780538303479458,2.1972245773362196,0.3333333333333333,0.0,0.324641,0.0
300730,2024,2024-12-31,10233169,I65,52,42,2566,58674,0.0163678877630553,0.0008862528547567,16.36788776305534,0.8862528547567917,3798423098,2392599.51,2933687.38,-0.105147,22.057851843605867,2024,20.4989772592271,0.6026516064518251,-0.074101,0.325295,0.210182,3.671308,2.0794415416798357,2.1972245773362196,0.3333333333333333,0.0,0.133345,0.0
002843,2020,2020-12-31,10106907,C33,0,0,1982,46861,0.0,0.0,0.0,0.0,1031879663,1648473.51,1648500.0,-0.006098,20.75464789255577,2020,20.481703174210413,0.3828728781153724,0.052837,0.012718,0.159792,2.481781,1.3862943611198906,1.9459101490553132,0.4285714285714285,0.0,0.280464,0.0
300715,2023,2023-12-31,10139142,C30,0,0,2329,55721,0.0,0.0,0.0,0.0,406673528,3252103.46,4488046.26,-0.133086,19.823521281471255,2023,22.59881434718973,0.6270248404891251,0.004494,0.316337,0.222461,1.22819,1.9459101490553132,2.1972245773362196,0.5555555555555556,0.0,0.33755,0.0
600316,2020,2020-12-31,105752,C37,0,0,2197,44413,0.0,0.0,0.0,0.0,6225464021,40782302.3,40782302.3,3.365695,22.551913818205836,2020,22.99253465441589,0.4695699546292797,0.014781,0.146814,0.300985,4.68596,3.044522437723423,2.4849066497880004,0.25,0.0,0.437703,1.0
300233,2021,2021-12-31,105121,C27,0,0,2291,57004,0.0,0.0,0.0,0.0,2101753126,10585149.58,11269785.61,0.537627,21.46603765578635,2021,22.386273554660384,0.3479958396058478,0.023957,0.059596,0.623991,2.39421,2.3978952727983707,2.302585092994046,0.3,0.0,0.202762,0.0
603303,2022,2022-12-31,10139500,C38,0,0,2469,46226,0.0,0.0,0.0,0.0,592076536,9324266.44,9324266.44,0.159266,20.199146469964607,2022,22.33780845813267,0.3376219994860134,0.067837,-0.116855,0.587672,2.19298,1.791759469228055,2.1972245773362196,0.5555555555555556,0.0,0.492736,0.0
600620,2022,2022-12-31,106212,S90,0,0,2389,44837,0.0,0.0,0.0,0.0,1332228544,7628982.73,7628982.73,0.210954,21.01011897467672,2022,21.934893213960493,0.368883264837742,0.015732,1.835783,0.781506,2.640126,3.4011973816621555,2.1972245773362196,0.3333333333333333,0.0,0.25081,0.0
603023,2021,2021-12-31,10114004,C39,3,3,2157,42140,0.0013908205841446,7.119126720455624e-05,1.3908205841446453,0.0711912672045562,1012553251,2709224.67,2709224.67,0.115741,20.735740950129824,2021,20.48509505537064,0.0533219752837799,0.008549,-0.160222,8.973106,3.469482,1.9459101490553132,2.1972245773362196,0.3333333333333333,0.0,0.292421,1.0
301202,2024,2024-12-31,10314154,C33,26,20,2976,69492,0.0067204301075268,0.0003741437863351,6.720430107526882,0.3741437863351177,1159562047,1735934.2,6368516.0,0.465608,20.871308225949107,2024,21.3178556939464,0.3270140506504092,0.055147,0.406426,0.251551,1.774426,0.6931471805599453,2.0794415416798357,0.5,0.0,0.355645,0.0
301199,2024,2024-12-31,10460356,C35,40,36,2755,62078,0.0130671506352087,0.0006443506556267,13.067150635208712,0.6443506556267922,773030220,1370150.95,3910862.2,0.12,20.465828701518397,2024,21.838819612481267,0.3970459199968834,0.02717,0.119118,0.17065,1.237803,1.3862943611198906,2.302585092994046,0.4,0.0,0.573721,0.0
300360,2020,2020-12-31,10106935,C40,84,44,1961,43134,0.0224375318714941,0.0019474196689386,22.437531871494137,1.9474196689386565,1876787590,3878611.86,4494089.29,-0.068538,21.352827424055608,2020,21.79772157991778,0.1749503004327141,0.107688,0.229261,0.971056,1.612425,1.9459101490553132,2.5649493574615367,0.3846153846153846,0.0,0.218059,0.0
688005,2022,2022-12-31,10458779,C38,0,0,3147,67233,0.0,0.0,0.0,0.0,1876497347,19278811.96,30998224.47,-0.4034,21.352672763268966,2022,23.968201002192675,0.6667059268533598,0.068101,1.835783,0.155818,1.54403,1.3862943611198906,2.0794415416798357,0.375,0.0,0.286105,0.0
600179,2021,2021-12-31,105446,G58,4,4,3088,69025,0.0012953367875647,5.795001810938066e-05,1.2953367875647668,0.0579500181093806,2299301262,13582442.61,16627929.85,-0.049875,21.555871115029692,2021,23.142059439281493,0.3074658999861045,0.176702,0.612131,0.61878,1.643538,3.1780538303479458,2.3978952727983707,0.3636363636363636,0.0,0.1104749999999999,0.0
603990,2021,2021-12-31,10138037,I65,52,29,3037,64573,0.0095488969377675,0.0008052901367444,9.548896937767534,0.8052901367444598,1727402793,3686526.51,3686526.51,-0.304513,21.26988484226892,2021,20.99508147686512,0.1644879351754735,0.030702,0.148559,1.552264,2.973602,1.791759469228055,2.1972245773362196,0.3333333333333333,0.0,0.132191,0.0
300392,2021,2021-12-31,10132724,I64,23,21,2624,52062,0.0080030487804878,0.0004417809534785,8.003048780487806,0.4417809534785448,730726962,2245952.0,2918400.0,-0.283019,20.409550436313303,2021,21.12872918971303,0.780596906072973,-0.064734,-0.482465,0.016147,2.328453,2.0794415416798357,2.3978952727983707,0.3636363636363636,1.0,0.3237069999999999,0.0
002648,2021,2021-12-31,107894,C26,0,0,2313,56526,0.0,0.0,0.0,0.0,3803545978,68639060.27,68854463.31,1.152067,22.059199620931167,2021,24.60878947432497,0.601961148953691,0.148403,1.650909,1.082181,2.012852,2.3978952727983707,1.9459101490553132,0.4285714285714285,1.0,0.345931,0.0
300327,2021,2021-12-31,107697,C39,6,6,2376,51897,0.0025252525252525,0.0001156136192843,2.5252525252525255,0.1156136192843517,2061603836,20841580.44,21113152.06,1.307244,21.446750078476484,2021,21.25700880078005,0.2206940255397675,0.245051,0.47582,0.435663,9.598497,2.302585092994046,2.1972245773362196,0.3333333333333333,0.0,0.184511,0.0
600793,2022,2022-12-31,106297,C22,1,1,1496,32221,0.0006684491978609,3.103565997330933e-05,0.6684491978609626,0.0310356599733093,901111262,2333363.79,2333363.79,-0.035819,20.619139296294836,2022,21.772088957041316,0.7694986317105229,0.010225,0.087311,0.085177,1.586992,3.258096538021482,2.3978952727983707,0.5454545454545454,1.0,0.4486529999999999,1.0
601827,2023,2023-12-31,10453331,N77,4,4,2848,51742,0.0014044943820224,7.730663677476712e-05,1.4044943820224718,0.0773066367747671,1207691569,12603792.68,12603792.68,0.202488,20.91197658101093,2023,23.953384340861245,0.558175774863543,0.049745,0.000564,0.384417,1.056691,1.3862943611198906,2.3978952727983707,0.3636363636363636,0.0,0.438606,1.0
002363,2024,2024-12-31,103162,C36,1,1,2645,52594,0.0003780718336483,1.9013575693044833e-05,0.3780718336483932,0.0190135756930448,2272864632,2731531.16,2745131.94,-0.179927,21.544306825709903,2024,21.9398456396789,0.3599319203080657,0.012236,0.06961,0.758273,1.172296,2.70805020110221,1.9459101490553132,0.4285714285714285,1.0,0.420679,0.0
600403,2022,2022-12-31,105931,B06,0,0,2433,52398,0.0,0.0,0.0,0.0,5673365881,11021645.17,11021645.17,0.169811,22.459048408539857,2022,23.827750382287658,0.6118344760947869,0.084121,0.085713,0.327469,1.106129,2.995732273553991,2.4849066497880004,0.3333333333333333,0.0,0.618058,1.0
300475,2023,2023-12-31,10102503,F51,10,10,2241,53839,0.0044622936189201,0.0001857389624621,4.462293618920125,0.1857389624621557,3998781199,14875735.52,15461147.27,1.044434,22.109255451635825,2023,22.237394232995968,0.4124343429636082,0.085213,-0.181859,0.356486,3.707341,2.1972245773362196,2.3978952727983707,0.4545454545454545,0.0,0.119423,0.0
002705,2020,2020-12-31,10106978,C38,16,13,2645,68167,0.0049149338374291,0.0002347176786421,4.914933837429111,0.2347176786421582,1470957853,33635871.0,34929248.71,1.586416,21.10917962689761,2020,23.248575606194755,0.511528932042029,0.111955,0.445668,0.634313,3.221613,1.9459101490553132,2.302585092994046,0.4,0.0,0.417477,0.0
600601,2021,2021-12-31,106282,C39,38,33,3043,66433,0.0108445612882024,0.0005720048770942,10.844561288202431,0.5720048770942153,3694720451,5333585.63,5333585.63,-0.387909,22.03017073273352,2021,,,,,,,,,,,,
300580,2020,2020-12-31,10139520,C36,13,11,2604,59707,0.0042242703533026,0.0002177299144153,4.224270353302612,0.2177299144153952,740625098,3788157.73,4062000.0,0.363515,20.42300511595865,2020,21.71295747303866,0.3207399953202113,0.077929,0.161231,0.122626,1.774558,1.3862943611198906,2.0794415416798357,0.5,0.0,0.563718,0.0
002976,2024,2024-12-31,10441225,C33,8,6,2846,71379,0.0021082220660576,0.0001120777819806,2.1082220660576247,0.1120777819806946,817140876,1425845.27,2650020.71,-0.386288,20.52132207002812,2024,21.5847301724142,0.6114331693290903,-0.008473,0.12508,0.07539,1.393532,1.6094379124341005,2.0794415416798357,0.5,1.0,0.561172,0.0
002285,2023,2023-12-31,102668,K70,0,0,2642,69201,0.0,0.0,0.0,0.0,6128654335,4761990.28,4802717.98,-0.267477,22.536241041752213,2023,22.407558998540352,0.4252104063683608,-0.051811,-0.152315,0.739075,1.313794,2.70805020110221,2.3978952727983707,0.3636363636363636,0.0,0.302705,1.0
300115,2024,2024-12-31,103546,C39,22,18,2313,60928,0.0077821011673151,0.0003610819327731,7.782101167315175,0.3610819327731092,11982054106,21952982.31,22016675.14,0.22566,23.206675876288152,2024,23.727383452655253,0.5872289213768377,0.043377,0.234047,0.154061,1.676915,2.70805020110221,1.9459101490553132,0.4285714285714285,0.0,0.327641,0.0
688665,2022,2022-12-31,10524444,C39,19,17,3162,69041,0.0053763440860215,0.0002751987949189,5.376344086021506,0.2751987949189612,125774793,2046825.0,6930000.0,-0.440632,18.650003516494955,2022,20.84721354090655,0.2109723904639139,0.135334,0.100422,2.022533,2.575174,0.6931471805599453,1.6094379124341005,0.4,0.0,0.45,0.0
002254,2023,2023-12-31,102405,C28,0,0,2458,68157,0.0,0.0,0.0,0.0,1629056681,12147297.4,12926112.95,-0.280528,21.21126696154108,2023,23.33484305284693,0.4075724659571624,0.030592,0.046706,0.549611,1.335105,2.772588722239781,2.6390573296152584,0.3571428571428571,0.0,0.184174,1.0
002087,2022,2022-12-31,101849,C17,0,0,2287,47695,0.0,0.0,0.0,0.0,5267188928,2569261.72,2572902.16,-0.122778,22.384762647129,2022,22.44103990830616,0.9251853175409188,-0.109624,-0.529281,0.017001,1.556839,2.833213344056216,2.302585092994046,0.3,0.0,0.27297,1.0
920505,2023,2023-12-31,10609393,C33,0,0,1783,42390,0.0,0.0,0.0,0.0,111497882,239335.93,956437.46,1.148221,18.529516162137117,2023,,,,,,,,,,,,
603759,2024,2024-12-31,10427493,D46,9,9,3129,60869,0.0028763183125599,0.000147858515829,2.876318312559923,0.1478585158290755,1133948362,4123516.8,4123516.8,0.1071,20.84897150594184,2024,22.612216266637866,0.5492371084766187,0.051374,0.189485,0.264027,1.172838,1.3862943611198906,2.302585092994046,0.4,0.0,0.54903,0.0
300843,2022,2022-12-31,10450155,C39,0,0,2930,66110,0.0,0.0,0.0,0.0,401584436,862525.46,2625251.85,-0.418865,19.810928373100857,2022,21.37202702584075,0.4448193188945188,0.03183,-0.101636,0.871873,1.268448,1.0986122886681098,2.0794415416798357,0.5,0.0,0.602984,0.0
688211,2021,2021-12-31,10526244,C34,50,37,3055,63054,0.0121112929623567,0.0007929711041329,12.111292962356792,0.7929711041329655,107399399,2295605.48,9870652.35,,18.492065153431255,2021,22.537630482449867,0.3722135930324253,0.061237,0.834604,0.67764,1.228046,0.0,2.302585092994046,0.3,0.0,0.205154,0.0
002595,2024,2024-12-31,102151,C35,1,1,2155,53568,0.0004640371229698,1.8667861409796893e-05,0.4640371229698375,0.0186678614097968,712210923,39889255.35,40152000.0,0.719516,20.383884667078412,2024,23.181001152817224,0.1534426135071325,0.173051,0.22992,0.821361,3.573092,2.6390573296152584,2.3978952727983707,0.2727272727272727,0.0,0.302108,0.0
601929,2022,2022-12-31,107528,I63,20,18,2869,60250,0.0062739630533286,0.0003319502074688,6.273963053328686,0.3319502074688796,19632727958,6404483.37,6404483.37,-0.137778,23.700463804453673,2022,23.41048450164388,0.5222728497297228,-0.028663,-0.128268,0.075195,0.958227,2.3978952727983707,2.302585092994046,0.4,0.0,0.297865,1.0
002635,2021,2021-12-31,107651,C39,35,28,2753,63198,0.0101707228478023,0.0005538149941453,10.1707228478024,0.5538149941453843,2180184566,7007041.39,11635648.78,0.0,21.502675373925104,2021,22.77645040602002,0.2582665125616931,0.026206,0.336793,0.285367,1.452507,2.3978952727983707,2.1972245773362196,0.3333333333333333,0.0,0.2986499999999999,0.0
603026,2023,2023-12-31,10133520,C26,0,0,3010,59354,0.0,0.0,0.0,0.0,425693682,9294904.8,9294904.8,-0.499892,19.86923059159972,2023,22.707869414931594,0.397275828871394,-0.009161,-0.322424,0.263407,1.674722,2.1972245773362196,2.4849066497880004,0.25,0.0,0.134214,1.0
603122,2024,2024-12-31,10523545,F51,6,5,2864,55201,0.0017458100558659,0.0001086936830854,1.7458100558659218,0.1086936830854513,3198810550,1255594.38,2790348.96,-0.121739,21.886044874840977,2024,21.12477133873668,0.2138047715202901,0.019266,-0.140456,0.769719,1.486614,1.0986122886681098,1.9459101490553132,0.4285714285714285,0.0,0.550022,0.0
300135,2022,2022-12-31,103161,C26,0,0,2427,55729,0.0,0.0,0.0,0.0,3503287849,1951865.59,2534400.0,-0.03169,21.97696775020943,2022,21.581673827030453,0.583800712068474,-0.07409,0.081741,0.202643,1.506736,2.5649493574615367,2.0794415416798357,0.375,1.0,0.3064679999999999,0.0
000012,2024,2024-12-31,101860,C30,4,4,2217,52907,0.0018042399639152,7.560436237170884e-05,1.8042399639152007,0.0756043623717088,4080977140,10344996.53,10355785.69,-0.007181,22.129602292031187,2024,24.164338138331033,0.5514908222389845,0.008041,-0.150563,0.33762,0.958165,3.4657359027997265,2.0794415416798357,0.375,0.0,0.151883,0.0
002169,2020,2020-12-31,102572,C38,4,4,3000,68959,0.0013333333333333,5.800548151800345e-05,1.3333333333333333,0.0580054815180034,9591214869,5703213.65,5884806.2,0.106195,22.98411339873603,2020,22.425509128992207,0.3963259751478676,0.041731,-0.160966,0.260809,1.454503,2.6390573296152584,2.302585092994046,0.4,0.0,0.1931749999999999,0.0
688152,2022,2022-12-31,10578023,I65,91,78,2971,68231,0.026253786603837,0.0013337046210666,26.253786603837092,1.3337046210666703,80949880,1933458.01,9031163.33,,18.2093407680436,2022,21.10610774157588,0.0985590122519703,0.130743,0.184482,5.174101,2.125478,0.0,2.1972245773362196,0.3333333333333333,0.0,0.236542,0.0
002137,2024,2024-12-31,101378,C39,6,5,2573,51295,0.0019432568985619,0.0001169704649575,1.94325689856199,0.1169704649575982,5458010771,3564166.01,5191768.64,0.295389,22.42035023284732,2024,21.38986646705021,0.2067181534119708,-0.005624,0.000698,0.232762,2.285434,2.8903717578961645,1.6094379124341005,0.4,0.0,0.308681,0.0
002696,2020,2020-12-31,10100639,A04,0,0,2084,45975,0.0,0.0,0.0,0.0,2269441354,2060707.19,2082345.98,-0.006667,21.54279953903342,2020,21.747825439826325,0.4912683582789524,0.009202,-0.127125,0.221951,1.236255,2.1972245773362196,2.302585092994046,0.5,0.0,0.1685279999999999,1.0
000969,2023,2023-12-31,101334,C33,9,9,3344,79329,0.0026913875598086,0.000113451575086,2.691387559808613,0.1134515750860341,3988505269,9221296.03,9446584.99,0.175484,22.10668237861332,2023,23.154250095736884,0.4133082546149849,0.030848,0.10552,0.647643,1.238315,3.1780538303479458,2.302585092994046,0.4,0.0,0.346756,1.0
002277,2023,2023-12-31,101462,F52,0,0,2172,53846,0.0,0.0,0.0,0.0,5122171434,5618516.38,5618516.38,-0.118162,22.35684429448772,2023,23.424750429925123,0.5379506879522046,0.00149,-0.259658,0.072719,0.914986,2.70805020110221,2.3978952727983707,0.3636363636363636,0.0,0.320225,0.0
000887,2023,2023-12-31,101507,C29,2,2,3089,69492,0.0006474587245063,2.878029125654752e-05,0.6474587245063127,0.0287802912565475,4021269784,16252909.9,16284978.17,-0.131306,22.114863556617312,2023,23.851962720470414,0.4704879912181529,0.050744,0.161094,0.235832,1.182996,3.258096538021482,1.9459101490553132,0.4285714285714285,1.0,0.404638,0.0
002329,2022,2022-12-31,102567,C14,2,2,2360,61993,0.0008474576271186,3.226170696691562e-05,0.847457627118644,0.0322617069669156,11290841965,4067109.12,6391193.47,0.734091,23.14725778858949,2022,22.497243746730945,0.6714646938980806,0.000227,0.1306,0.100684,1.481247,2.5649493574615367,2.4849066497880004,0.3333333333333333,1.0,0.277235,0.0
300243,2024,2024-12-31,102988,C26,0,0,2729,61687,0.0,0.0,0.0,0.0,3143790651,1815401.05,2384042.87,-0.015353,21.868695122782395,2024,21.54980480288874,0.5024074032956005,0.009742,0.126614,0.15384,1.415448,2.6390573296152584,2.302585092994046,0.4,0.0,0.269139,0.0
002933,2023,2023-12-31,10235628,C37,1,1,2781,70819,0.0003595828838547,1.4120504384416612e-05,0.3595828838547285,0.0141205043844166,763140797,4122072.0,4277407.5,0.164165,20.452953104334867,2023,21.620574392502977,0.3977600731618804,0.005897,1.183268,2.426439,2.108784,1.791759469228055,2.4849066497880004,0.25,0.0,0.185823,1.0
300493,2022,2022-12-31,10109032,I65,57,50,2524,57895,0.019809825673534,0.0009845409793591,19.80982567353407,0.9845409793591848,1782071308,3031626.3,3068886.97,-0.233709,21.301042181468247,2022,21.189019624431413,0.3570396623745107,0.037543,0.131313,0.255128,2.267682,2.0794415416798357,2.0794415416798357,0.5,0.0,0.216775,0.0
002782,2020,2020-12-31,10114031,C39,0,0,2380,47892,0.0,0.0,0.0,0.0,1901029470,5648760.0,6324240.67,0.259189,21.365661403225747,2020,21.387214061812927,0.2479890626646094,0.131566,0.153603,1.197228,3.236375,1.791759469228055,1.9459101490553132,0.4285714285714285,1.0,0.317649,0.0
688082,2022,2022-12-31,10417908,C35,10,10,3300,72082,0.003030303030303,0.0001387308898199,3.0303030303030303,0.1387308898199273,340879050,5967596.93,34641212.29,-0.374804,19.647038283181157,2022,22.82441554529838,0.3243238945044049,0.092123,0.772534,0.651934,1.613533,0.6931471805599453,2.3978952727983707,0.3636363636363636,0.0,0.7248439999999999,0.0
603108,2021,2021-12-31,10102368,F51,9,9,3635,84616,0.0024759284731774,0.0001063628628155,2.475928473177442,0.1063628628155431,1670747178,7771609.88,7771609.88,0.20966,21.23653677589076,2021,23.20955021378583,0.6345005914190345,0.053909,0.253347,0.114058,1.281243,1.9459101490553132,2.3978952727983707,0.3636363636363636,0.0,0.2001589999999999,1.0
002842,2022,2022-12-31,10134978,C32,2,2,2600,55143,0.0007692307692307,3.6269336089802874e-05,0.7692307692307693,0.0362693360898028,1377055275,1685094.33,2165873.17,-0.156884,21.043213198225665,2022,21.523661750227284,0.5703829995026327,-0.017741,0.097843,0.075632,1.422517,1.791759469228055,1.9459101490553132,0.4285714285714285,0.0,0.1866789999999999,0.0
002795,2021,2021-12-31,10121703,C34,3,3,3090,67706,0.0009708737864077,4.430921927155643e-05,0.970873786407767,0.0443092192715564,903341298,1718108.19,2428000.0,0.272537,20.621611001212212,2021,21.13311912776876,0.4712823967336634,0.014025,0.557083,0.252059,1.935921,1.791759469228055,1.9459101490553132,0.4285714285714285,0.0,0.162548,0.0
603043,2020,2020-12-31,10133478,C14,2,2,2566,49335,0.0007794232268121,4.053917097395358e-05,0.779423226812159,0.0405391709739535,1084270401,15646772.21,15646772.21,0.28515,20.804173157196285,2020,22.068071063966773,0.3331700920109124,0.137157,0.085445,1.395064,4.41057,1.3862943611198906,1.9459101490553132,0.5714285714285714,0.0,0.676959,1.0
688561,2023,2023-12-31,10446311,I65,68,55,3947,91690,0.0139346338991639,0.0007416294034245,13.934633899163922,0.7416294034245828,861236000,18589084.22,27468560.59,-0.390452,20.573879125878474,2023,23.512311735261804,0.3740173600387267,0.004992,0.035306,0.35611,1.719226,1.3862943611198906,1.9459101490553132,0.4285714285714285,0.0,0.2182829999999999,0.0
300348,2024,2024-12-31,10100162,I65,23,22,3318,75137,0.0066305003013863,0.0003061075102812,6.630500301386378,0.3061075102812196,7969108006,9023574.66,11561002.81,0.387973,22.79883840466458,2024,21.78274254192189,0.2661568130624054,0.006895,-0.094606,0.932922,3.572838,2.5649493574615367,2.1972245773362196,0.3333333333333333,0.0,0.126684,0.0
600805,2023,2023-12-31,106219,S90,11,10,2932,54538,0.0034106412005457,0.0002016942315449,3.4106412005457027,0.2016942315449778,1891547461,4336404.38,4339561.92,0.2,21.360661093977377,2023,22.86127059242509,0.4326910080818201,0.001628,0.017578,0.499443,0.944322,3.4011973816621555,2.70805020110221,0.2666666666666666,0.0,0.339953,1.0
002202,2020,2020-12-31,101290,C34,2,2,2910,76174,0.0006872852233676,2.6255677790322157e-05,0.6872852233676976,0.0262556777903221,13524042611,48357139.95,49183807.28,0.205858,23.32773487263003,2020,25.41588063265642,0.6795503680422489,0.02795,0.471193,0.168015,1.185704,2.6390573296152584,2.302585092994046,0.3,0.0,0.182711,0.0
300748,2020,2020-12-31,10289112,C30,0,0,2443,58181,0.0,0.0,0.0,0.0,4050410964,9379323.07,15116595.06,-0.064425,22.122084185756343,2020,21.981832374187775,0.5546972954955064,0.077106,0.424618,0.466591,3.388004,1.0986122886681098,2.1972245773362196,0.3333333333333333,1.0,0.363508,0.0
300304,2021,2021-12-31,107917,C36,0,0,2237,48369,0.0,0.0,0.0,0.0,6773300390,5831139.86,5984308.88,0.320342,22.63625430744329,2021,21.861771464152056,0.2058201845113144,0.081984,0.309424,0.163787,2.093846,2.302585092994046,2.1972245773362196,0.3333333333333333,0.0,0.406564,0.0
002595,2023,2023-12-31,102151,C35,1,1,1986,47912,0.0005035246727089,2.0871597929537487e-05,0.5035246727089627,0.0208715979295374,595775439,15878857.34,23816000.0,0.30216,20.205374375507272,2023,23.017173724588385,0.1306116750808474,0.174176,0.078826,0.999128,1.85311,2.5649493574615367,2.5649493574615367,0.4615384615384615,1.0,0.302108,0.0
000070,2021,2021-12-31,101681,C38,21,20,2796,70606,0.0071530758226037,0.0002974251480044,7.15307582260372,0.2974251480044189,2837281191,5350723.84,5489763.23,-0.294245,21.76611210382903,2021,22.84238864815067,0.697190668378209,-0.065421,-0.027865,0.504983,1.34768,3.091042453358316,2.6390573296152584,0.3571428571428571,0.0,0.370702,1.0
300267,2021,2021-12-31,104764,C27,0,0,2596,54686,0.0,0.0,0.0,0.0,4953264189,6731629.16,9776747.08,0.137767,22.323312628520284,2021,22.415569405910528,0.1027760379077374,-0.13206,-0.061694,1.20573,1.621489,2.3978952727983707,2.1972245773362196,0.3333333333333333,0.0,0.413833,0.0
003037,2024,2024-12-31,10479852,C30,2,2,2850,70550,0.0007017543859649,2.8348688873139616e-05,0.7017543859649122,0.0283486888731396,2444475853,1481441.33,4415180.38,-0.336315,21.617096562249593,2024,22.667909920538975,0.6026693571707246,0.003581,-0.079291,0.356097,1.078585,1.3862943611198906,2.3978952727983707,0.3636363636363636,0.0,0.496452,0.0
688786,2021,2021-12-31,10525765,C33,2,2,2992,65491,0.0006684491978609,3.053854728130583e-05,0.6684491978609626,0.0305385472813058,100512588,984320.87,4836803.69,,18.425793541300155,2021,20.438800964804702,0.1829937940252554,0.160703,0.56555,2.756543,2.141946,0.0,1.9459101490553132,0.4285714285714285,0.0,0.266222,0.0
603755,2021,2021-12-31,10408173,C14,0,0,2432,45778,0.0,0.0,0.0,0.0,154200839,1949401.37,5620979.82,-0.266607,18.853766466549484,2021,20.529558730667535,0.1978314781698234,0.105886,0.285739,0.724519,3.087869,1.0986122886681098,1.9459101490553132,0.4285714285714285,1.0,0.56245,0.0
002287,2023,2023-12-31,102460,C27,0,0,3127,70939,0.0,0.0,0.0,0.0,398902114,11896969.72,11924030.18,0.001313,19.8042266189423,2023,22.563573948097208,0.4014198766202231,0.095052,0.000178,0.311997,2.291642,2.70805020110221,1.9459101490553132,0.4285714285714285,0.0,0.687574,0.0
600230,2024,2024-12-31,105750,C26,0,0,2614,49757,0.0,0.0,0.0,0.0,1386678180,4437662.08,4437662.08,-0.193912,21.050176926122766,2024,22.51006696631748,0.2785319229093613,0.005251,0.041902,0.343573,1.021819,3.218875824868201,2.1972245773362196,0.4444444444444444,1.0,0.46011,1.0
605398,2023,2023-12-31,10439788,I65,57,49,3051,58482,0.0160603080957063,0.0009746588693957,16.060308095706326,0.9746588693957114,749384367,1116232.38,3444851.09,0.479715,20.434762584752153,2023,20.965951273268445,0.1639645296036478,0.047568,0.03803,4.554238,1.604805,1.0986122886681098,2.4849066497880004,0.5,0.0,0.185462,0.0
002615,2020,2020-12-31,102262,C33,0,0,2603,55192,0.0,0.0,0.0,0.0,1717019229,998829.66,1875094.81,-0.164557,21.26385561856607,2020,21.46055900665587,0.6145134074683647,-0.015581,-0.168254,0.52161,1.272505,2.302585092994046,2.1972245773362196,0.4444444444444444,0.0,0.47845,0.0
300736,2021,2021-12-31,10134869,O80,0,0,2257,52894,0.0,0.0,0.0,0.0,667069657,1215063.8,1514749.33,0.258378,20.318405033209576,2021,19.975656577584655,0.3308833079111816,0.025448,-0.361766,1.705678,5.530125,1.3862943611198906,2.1972245773362196,0.4444444444444444,1.0,0.312336,0.0
600590,2022,2022-12-31,106460,C38,11,5,2470,53314,0.0020242914979757,0.0002063247927373,2.0242914979757085,0.2063247927373672,2415392000,4901138.93,4955173.25,-0.297461,21.605127430133265,2022,23.361994869781036,0.6849479612982086,0.01024,0.021101,0.146748,1.03858,3.044522437723423,1.9459101490553132,0.4285714285714285,0.0,0.19618,0.0
002042,2022,2022-12-31,101442,C17,2,2,2732,62753,0.0007320644216691,3.1870986247669434e-05,0.7320644216691069,0.0318709862476694,5181206718,5187078.13,5187078.13,-0.293217,22.368303823423364,2022,23.62160580730315,0.626396393341274,-0.019081,-0.134591,0.182544,0.91228,2.8903717578961645,2.1972245773362196,0.3333333333333333,0.0,0.306175,0.0
600496,2022,2022-12-31,106455,C33,2,2,3248,66380,0.000615763546798,3.0129557095510696e-05,0.6157635467980296,0.0301295570955106,9021099431,7950866.39,7950866.39,-0.064319,22.92283205184151,2022,23.810150729406615,0.6345188256096393,0.035404,0.031492,0.177153,0.997428,3.044522437723423,2.1972245773362196,0.3333333333333333,1.0,0.14904,0.0
300885,2023,2023-12-31,10460327,C33,0,0,2701,55532,0.0,0.0,0.0,0.0,1020770166,1790925.18,2643432.0,0.229872,20.743823245010184,2023,20.61546602757367,0.0695391471105129,0.053152,0.021636,5.965241,2.36439,1.3862943611198906,1.9459101490553132,0.5714285714285714,0.0,0.43,0.0
688651,2024,2024-12-31,10372739,I65,48,43,3269,68152,0.0131538696849189,0.0007043080173729,13.153869684918936,0.704308017372931,306601516,1114523.77,2666862.63,-0.247126,19.54105947220449,2024,20.890408310184732,0.1571299541826565,0.003596,0.009286,0.410433,1.590727,0.6931471805599453,1.791759469228055,0.5,1.0,0.244363,0.0
002637,2020,2020-12-31,107522,C26,0,0,2426,62064,0.0,0.0,0.0,0.0,3149021222,4886186.83,5311579.2,0.200948,21.87035751864246,2020,22.69986580572911,0.5278141866575797,0.051577,0.186021,0.182901,1.24256,2.302585092994046,2.1972245773362196,0.3333333333333333,0.0,0.165657,0.0
600657,2023,2023-12-31,107527,K70,0,0,2593,52495,0.0,0.0,0.0,0.0,6016352371,10238244.16,10238244.16,-0.293774,22.517746994352052,2023,25.13794179396888,0.6942518086188912,0.007035,-0.374177,0.367258,0.818119,3.4339872044851463,2.4849066497880004,0.4166666666666667,0.0,0.544532,1.0
300150,2022,2022-12-31,105035,I65,7,6,2309,52424,0.0025985275010827,0.0001335266290248,2.59852750108272,0.133526629024874,1717782759,1847187.04,2112232.85,-0.203501,21.26430020315336,2022,21.40352929876551,0.2286974216888393,-0.180555,-0.249823,0.589251,1.262606,2.5649493574615367,2.4849066497880004,0.5,1.0,0.153732,0.0
300238,2021,2021-12-31,104813,C35,0,0,1847,43354,0.0,0.0,0.0,0.0,1400872478,4912934.54,4913335.14,-0.262928,21.060361078745306,2021,20.817427274790173,0.3190710721033134,0.045432,0.119061,0.60742,4.790564,2.3978952727983707,2.3978952727983707,0.3636363636363636,0.0,0.207594,0.0
000070,2023,2023-12-31,101681,C38,19,19,2766,65320,0.0068691250903832,0.0002908756889161,6.869125090383225,0.2908756889161053,10220789269,7055314.29,7148737.39,0.147399,23.047689646724383,2023,22.81357379137942,0.6922809939561353,-0.028149,0.177898,0.165021,1.568685,3.1780538303479458,2.1972245773362196,0.3333333333333333,0.0,0.361774,1.0
605268,2021,2021-12-31,10460350,C33,21,18,2488,50446,0.0072347266881028,0.0004162867224358,7.234726688102894,0.416286722435872,1071735180,859610.0,5593880.0,,20.792544836428178,2021,22.01737376556699,0.5267598729211975,0.044056,0.25119,0.202595,1.162933,0.0,1.9459101490553132,0.4285714285714285,1.0,0.4443229999999999,0.0
002959,2024,2024-12-31,10434793,C38,1,1,2504,61418,0.0003993610223642,1.6281871763977987e-05,0.3993610223642172,0.0162818717639779,558442996,7396336.46,7524820.3,-0.054304,20.140663106806223,2024,22.540298635655976,0.5269762393747418,0.053052,0.009844,0.490612,1.737014,1.791759469228055,1.6094379124341005,0.6,1.0,0.441148,0.0
002543,2024,2024-12-31,102039,C38,5,5,2408,60349,0.0020764119601328,8.285141427364165e-05,2.0764119601328903,0.0828514142736416,1492304446,6774896.67,7614464.0,0.215247,21.12358737086107,2024,22.896250946761132,0.4588406490032816,0.076552,0.202857,0.442707,1.289745,2.6390573296152584,1.9459101490553132,0.4285714285714285,0.0,0.296591,0.0
002801,2024,2024-12-31,10120336,C38,1,1,2012,44937,0.0004970178926441,2.2253376949952157e-05,0.4970178926441351,0.0222533769499521,411962013,2832534.04,5616798.72,0.138391,19.836441704034083,2024,21.469558176869757,0.2156211294175753,0.112856,0.11124,1.392129,1.947405,2.1972245773362196,2.3978952727983707,0.4545454545454545,0.0,0.39375,0.0
002703,2023,2023-12-31,102788,C36,2,2,1633,36687,0.0012247397428046,5.4515223376127785e-05,1.224739742804654,0.0545152233761277,10415209444,7388885.97,7653404.75,0.441208,23.066533021394733,2023,21.698081613135095,0.4499659568649466,0.033676,0.312354,0.106685,3.402306,2.4849066497880004,2.1972245773362196,0.3333333333333333,0.0,0.364012,0.0
600039,2024,2024-12-31,104896,E48,1,1,3451,89468,0.0002897710808461,1.1177180667948318e-05,0.2897710808461315,0.0111771806679483,8467398774,48776636.02,63425280.5,0.045928,22.85948918805271,2024,26.202959958978507,0.7887179706023687,0.030642,-0.067831,0.153272,1.040944,3.091042453358316,2.4849066497880004,0.3333333333333333,0.0,0.5220980000000001,1.0
603444,2024,2024-12-31,10133400,I64,2,2,3157,61195,0.0006335128286347,3.2682408693520713e-05,0.6335128286347799,0.0326824086935207,388163113,15765474.54,15765474.54,-0.080695,19.776936206152744,2024,22.65819422592291,0.1863316674103328,0.173051,-0.11689,1.837995,2.463412,2.0794415416798357,2.0794415416798357,0.375,1.0,0.297228,0.0
600486,2023,2023-12-31,106238,C26,1,1,3116,59041,0.0003209242618741,1.6937382496908926e-05,0.3209242618741976,0.0169373824969089,323016554,25429064.71,25650115.36,-0.197729,19.593214133743466,2023,23.477133298499197,0.3837286581483024,0.102711,-0.274058,0.092004,2.00839,3.091042453358316,2.3978952727983707,0.2727272727272727,0.0,0.3585649999999999,1.0
301153,2022,2022-12-31,10272691,I65,7,6,2198,52883,0.002729754322111,0.0001323676795945,2.72975432211101,0.1323676795945767,506101822,2586492.0,11495520.0,,20.04224843823275,2022,21.523625761378923,0.3021693930845992,0.152162,0.236594,2.038197,2.004756,0.0,2.5649493574615367,0.3846153846153846,0.0,0.345,1.0
688507,2023,2023-12-31,10594622,I65,47,39,3653,78803,0.0106761565836298,0.0005964239940103,10.676156583629894,0.5964239940103803,103092013,1960680.34,8365466.83,,18.451132487209215,2023,21.85060025695103,0.0541729424544927,0.030454,0.19522,10.08848,1.413375,0.0,1.9459101490553132,0.4285714285714285,1.0,0.266237,0.0
603237,2024,2024-12-31,10490063,C14,0,0,3202,63602,0.0,0.0,0.0,0.0,395628370,2242511.81,3648232.9,-0.093993,19.795985871521516,2024,21.53803431989464,0.2385474645770143,0.061325,-0.145696,1.054467,1.524801,1.0986122886681098,2.302585092994046,0.4,0.0,0.302246,0.0
300209,2020,2020-12-31,104999,F52,3,3,2396,61692,0.0012520868113522,4.862867146469558e-05,1.2520868113522536,0.0486286714646955,2327948401,3410542.01,4300880.04,-0.288718,21.56825320248063,2020,22.235586309569783,0.3145322730436111,-0.175705,0.299733,0.108006,1.208109,2.302585092994046,2.6390573296152584,0.4285714285714285,1.0,0.106502,0.0
603238,2024,2024-12-31,10143636,C17,0,0,2573,46343,0.0,0.0,0.0,0.0,816223700,2300516.64,2300516.64,-0.035636,20.520199018740303,2024,21.757313755275305,0.4134172753177282,0.041308,0.168,0.136501,1.2314,2.0794415416798357,2.1972245773362196,0.3333333333333333,0.0,0.546602,0.0
603960,2022,2022-12-31,10145433,C35,6,6,2828,60000,0.0021216407355021,0.0001,2.1216407355021216,0.1,1009965205,4612811.17,4671828.41,-0.51105,20.733181717701232,2022,20.97730944583249,0.2235744104893871,0.05369,0.207442,0.850651,3.811346,1.791759469228055,2.302585092994046,0.5,1.0,0.216696,0.0
600674,2024,2024-12-31,106129,D44,1,1,3009,60051,0.0003323363243602,1.665251203143994e-05,0.3323363243602525,0.0166525120314399,5580652079,84086967.78,84086967.78,0.167328,22.44257146672706,2024,24.898410004729175,0.3253351786239764,0.073845,0.08542,0.153148,1.618002,3.4657359027997265,2.5649493574615367,0.3846153846153846,0.0,0.492583,1.0
688520,2020,2020-12-31,10492919,C27,0,0,2838,60659,0.0,0.0,0.0,0.0,450757626,2186400.0,19829541.77,,19.92644034059229,2020,21.232196257470733,0.6463117490490805,-0.301113,-0.67296,2.175677,2.275331,0.0,2.1972245773362196,0.3333333333333333,1.0,0.6152340000000001,0.0
300922,2021,2021-12-31,10159733,C41,0,0,3017,66311,0.0,0.0,0.0,0.0,1082909814,2231265.95,4077091.2,-0.051613,20.802917528182984,2021,20.649601176237187,0.0552262078779278,0.088606,0.047075,8.973106,2.884791,0.6931471805599453,2.1972245773362196,0.3333333333333333,0.0,0.346903,0.0
002949,2021,2021-12-31,10341401,M74,5,4,2554,62062,0.0015661707126076,8.056459669362895e-05,1.5661707126076745,0.0805645966936289,530698125,1706106.82,3587447.47,-0.002667,20.089703916606663,2021,21.835574262196,0.5073797504371108,0.045059,0.518659,0.342227,1.326688,1.0986122886681098,2.3978952727983707,0.4545454545454545,0.0,0.2647629999999999,0.0
000921,2021,2021-12-31,103297,C38,3,3,2027,51441,0.0014800197335964,5.83192395171167e-05,1.4800197335964478,0.0583192395171167,1917263970,13667289.47,13682503.76,0.075434,21.3741649915823,2021,24.7476983462026,0.7213287675955155,0.04793,0.396127,0.075743,1.059848,3.1354942159291497,2.3978952727983707,0.2727272727272727,1.0,0.37921,0.0
002301,2022,2022-12-31,102529,C24,46,38,3054,73945,0.0124426981008513,0.0006220839813374,12.442698100851343,0.6220839813374806,2716251912,4817714.4,4839976.23,-0.198327,21.722518793814466,2022,22.773985327603175,0.6041997858030189,0.014537,0.04769,0.501894,1.225782,2.6390573296152584,2.1972245773362196,0.3333333333333333,1.0,0.343605,0.0
001359,2024,2024-12-31,10594877,C30,5,5,2351,55090,0.0021267545725223,9.07605736068252e-05,2.126754572522331,0.0907605736068252,1098821078,1201705.8,4806387.01,,20.817503695656285,2024,21.508820410174984,0.1617784147737928,0.124519,0.140448,2.282594,1.338243,0.0,2.4849066497880004,0.3333333333333333,0.0,0.398915,0.0
002773,2021,2021-12-31,10113816,C27,0,0,2537,55689,0.0,0.0,0.0,0.0,2786649390,14060283.95,18711091.46,-0.575286,21.748105775953785,2021,22.662881921313808,0.122351003078876,0.060339,0.094044,4.403748,2.361423,1.9459101490553132,2.1972245773362196,0.3333333333333333,0.0,0.317593,0.0
300886,2023,2023-12-31,10380971,C26,0,0,2441,56571,0.0,0.0,0.0,0.0,163011905,1054582.75,1846727.35,0.139055,18.909333799048316,2023,20.21629978671832,0.1058664381219274,-0.006477,0.05722,1.176124,2.240268,1.3862943611198906,2.4849066497880004,0.4166666666666667,0.0,0.28279,0.0
000651,2024,2024-12-31,101713,C38,18,16,2676,70363,0.0059790732436472,0.0002558162670721,5.9790732436472345,0.2558162670721828,9626206632,250677032.34,254583890.93,0.486789,22.987755073730323,2024,26.43536360353756,0.6154850432480065,0.087955,-0.072633,0.105113,1.302488,3.367295829986474,2.6390573296152584,0.5,1.0,0.161095,0.0
300718,2021,2021-12-31,10102373,C34,0,0,2723,55301,0.0,0.0,0.0,0.0,839711109,2840931.18,5017107.36,0.421024,20.548568473982066,2021,21.222852114951547,0.14390952101545,0.098657,0.503206,0.641695,2.239065,1.6094379124341005,1.9459101490553132,0.4285714285714285,0.0,0.340523,0.0
603768,2022,2022-12-31,10145435,C36,0,0,2788,54279,0.0,0.0,0.0,0.0,489917266,3041640.0,3041640.0,-0.105795,20.009747091956243,2022,22.158462374943028,0.5511901679985937,0.023894,0.051256,0.029353,1.275309,1.791759469228055,2.1972245773362196,0.4444444444444444,1.0,0.318625,0.0
300416,2021,2021-12-31,10102459,M74,0,0,2491,55971,0.0,0.0,0.0,0.0,967259284,8887495.71,9661566.54,0.890098,20.68997715087851,2021,22.05068721382258,0.509648552688807,0.069563,0.267374,0.730502,2.905544,1.9459101490553132,1.6094379124341005,0.4,1.0,0.357134,0.0
600027,2022,2022-12-31,103474,D44,0,0,2272,52957,0.0,0.0,0.0,0.0,18181881805,47937432.74,47937432.74,0.145794,23.623691430019953,2022,26.131613378800942,0.68445530702129,-0.002886,0.025247,0.093635,0.95407,2.8903717578961645,2.6390573296152584,0.2857142857142857,0.0,0.468098,1.0
000953,2023,2023-12-31,101302,C27,0,0,2120,43422,0.0,0.0,0.0,0.0,1234282483,2002688.41,2002688.41,-0.216332,20.933755653574007,2023,19.79677911194458,0.7052164828600609,-0.041856,0.167378,0.343088,6.757369,3.218875824868201,2.3978952727983707,0.3636363636363636,0.0,0.237626,0.0
002845,2023,2023-12-31,10137974,C39,5,5,2586,58672,0.0019334880123743,8.521952549768203e-05,1.9334880123743232,0.085219525497682,3801712765,3968541.15,5814042.76,0.302274,22.058717530026183,2023,22.84317273671329,0.6743704325359876,0.006101,0.011316,0.079303,1.255616,1.9459101490553132,2.0794415416798357,0.375,1.0,0.1703549999999999,0.0
600616,2021,2021-12-31,106139,C15,0,0,2564,48910,0.0,0.0,0.0,0.0,7651051631,4816835.64,4816835.64,-0.326188,22.758108943572257,2021,21.54346676145924,0.1579730423384259,-0.007518,0.068255,1.182759,2.279034,3.367295829986474,2.1972245773362196,0.3333333333333333,1.0,0.348805,1.0
600779,2022,2022-12-31,106474,C15,0,0,2364,44440,0.0,0.0,0.0,0.0,1357945169,41227469.22,41227469.22,-0.290191,21.029238489715517,2022,22.675933133782287,0.5092628653091845,0.187942,0.008825,0.535459,6.359238,3.295836866004329,2.302585092994046,0.3,0.0,0.39724,0.0
002677,2023,2023-12-31,107635,C38,6,6,2622,50823,0.0022883295194508,0.0001180567853137,2.288329519450801,0.1180567853137359,905431658,3839173.61,6531582.15,-0.031588,20.62392235922028,2023,21.570287604853593,0.130378213632769,0.182303,-0.087982,4.569299,2.741168,2.4849066497880004,2.5649493574615367,0.3846153846153846,0.0,0.212027,0.0
002414,2021,2021-12-31,101922,C39,24,19,1986,53164,0.0095669687814702,0.0004514333007298,9.566968781470292,0.4514333007298172,4134930581,45201321.25,56810176.49,-0.18218,22.142736377373044,2021,22.948903748210128,0.1798182453698574,0.142552,0.049846,1.707849,5.229093,2.4849066497880004,1.9459101490553132,0.4285714285714285,0.0,0.363918,0.0
605068,2021,2021-12-31,10460273,C19,0,0,2569,50816,0.0,0.0,0.0,0.0,293027450,2042475.0,6022590.0,0.12124,19.49577685201256,2021,21.705132191357517,0.3395443988671747,0.067933,0.015517,1.032078,1.54115,0.6931471805599453,1.9459101490553132,0.4285714285714285,1.0,0.252101,0.0
000809,2023,2023-12-31,101762,N78,0,0,1814,41818,0.0,0.0,0.0,0.0,1774502110,2507365.53,2507365.53,0.051903,21.296785719681,2023,22.25186278295255,0.2700277064950737,-0.02513,-0.595344,0.274084,0.813724,3.258096538021482,2.8903717578961645,0.3333333333333333,1.0,0.25,0.0
688119,2024,2024-12-31,10523154,C30,0,0,3834,84102,0.0,0.0,0.0,0.0,1318024248,2228850.0,4387500.0,-0.194262,20.99939967118828,2024,22.373788792747423,0.4209383925886863,-0.009684,-0.129088,0.356374,1.133663,1.0986122886681098,2.1972245773362196,0.3333333333333333,0.0,0.3772,1.0
300979,2024,2024-12-31,10524611,C19,1,1,2638,64406,0.0003790750568612,1.5526503741887403e-05,0.3790750568612585,0.0155265037418874,550080528,91783948.33,91784550.0,0.516907,20.125575241836597,2024,23.84847354542823,0.233758733125137,0.173051,0.193532,0.483023,4.265631,1.3862943611198906,2.5649493574615367,0.3846153846153846,0.0,0.72375,0.0
600830,2022,2022-12-31,10347,L71,0,0,2994,64185,0.0,0.0,0.0,0.0,3103663246,2862233.31,2862233.31,0.133034,21.85584894336903,2022,22.000388869651385,0.2366450040892078,0.006085,-0.015316,2.041908,1.034745,3.367295829986474,2.302585092994046,0.3,0.0,0.152628,1.0
300891,2023,2023-12-31,10233154,C26,0,0,3140,65509,0.0,0.0,0.0,0.0,656846304,3224426.16,3880012.78,0.009346,20.30296061453094,2023,21.68435274311383,0.4724394070812074,0.016305,0.092179,0.303875,1.794849,1.3862943611198906,2.3978952727983707,0.4545454545454545,0.0,0.225287,0.0
000861,2021,2021-12-31,101254,L72,2,2,2139,53268,0.0009350163627863,3.754599384245701e-05,0.9350163627863488,0.037545993842457,8543310730,7088777.12,7604627.67,0.131034,22.86841444304017,2021,23.02567821922482,0.6887542984429506,-0.066363,-0.062952,0.061032,1.418867,3.1780538303479458,2.302585092994046,0.6,0.0,0.417331,0.0
000989,2023,2023-12-31,101449,C27,4,4,2792,60259,0.0014326647564469,6.638012579033838e-05,1.4326647564469914,0.0663801257903383,4476067156,6981529.72,8662133.16,0.194098,22.222010631081567,2023,22.396579359123994,0.2593873273163999,0.055741,-0.023819,0.521914,1.712984,3.1780538303479458,2.1972245773362196,0.3333333333333333,0.0,0.251651,0.0
300849,2021,2021-12-31,10408205,C29,0,0,2423,59486,0.0,0.0,0.0,0.0,475892088,1069331.25,1839000.0,-0.235439,19.980701682712994,2021,20.470762353001785,0.1210877042643506,0.01395,0.12944,2.017779,1.865425,0.6931471805599453,2.1972245773362196,0.3333333333333333,0.0,0.203246,0.0
300414,2024,2024-12-31,10102513,C39,5,5,2992,62280,0.0016711229946524,8.028259473346178e-05,1.6711229946524064,0.0802825947334617,1802474924,2495777.05,2595114.95,-0.171859,21.312426515792215,2024,20.88353284729098,0.1637066604493945,0.006777,-0.231928,1.482829,2.321912,2.302585092994046,1.9459101490553132,0.4285714285714285,1.0,0.4087989999999999,0.0
688065,2020,2020-12-31,10496182,C28,0,0,2988,69021,0.0,0.0,0.0,0.0,160504777,3216629.78,35438802.06,,18.893834269561648,2020,23.219372143466295,0.053624264543123,0.050488,-0.218666,8.85617,1.179169,0.0,2.1972245773362196,0.3333333333333333,1.0,0.283188,0.0
002338,2024,2024-12-31,103188,C40,5,2,2663,52800,0.0007510326699211,9.46969696969697e-05,0.7510326699211416,0.0946969696969697,2343006546,9052573.68,9052800.0,0.121991,21.574700790749,2024,21.53933730176792,0.2699480710150373,0.04799,-0.036164,0.59361,4.272782,2.70805020110221,2.70805020110221,0.4,0.0,0.4239779999999999,0.0
688279,2022,2022-12-31,10323428,I65,0,0,2936,63964,0.0,0.0,0.0,0.0,191944681,1892964.03,7952487.02,,19.072717773895743,2022,21.587391813014477,0.0520860430188892,0.098111,-0.022469,5.732377,1.571522,0.0,1.6094379124341005,0.4,1.0,0.38061,0.0
601388,2023,2023-12-31,107798,C32,0,0,2391,53266,0.0,0.0,0.0,0.0,3689765052,5767203.25,5767203.25,-0.20509,22.028828621698032,2023,22.460645611259665,0.2445387189258616,0.023484,-0.112688,0.737182,1.259456,2.4849066497880004,2.1972245773362196,0.3333333333333333,0.0,0.3563989999999999,0.0
688202,2022,2022-12-31,10408380,M73,3,2,3433,75369,0.0005825808330905,3.980416351550372e-05,0.5825808330905913,0.0398041635155037,210698455,12711698.52,18612002.82,-0.380514,19.16593855079313,2022,21.568954235455845,0.3119858161566685,0.164067,0.421215,0.317686,5.986743,1.3862943611198906,2.1972245773362196,0.3333333333333333,0.0,0.156425,0.0
688777,2023,2023-12-31,10186953,I65,55,53,3976,92813,0.0133299798792756,0.0005925894001917,13.329979879275657,0.5925894001917835,1405437425,35097475.03,35641684.06,-0.26778,21.06361442650868,2023,23.60692925724787,0.4441203881275885,0.072587,0.301343,0.72022,2.415592,1.3862943611198906,2.3978952727983707,0.5454545454545454,1.0,0.133505,0.0
688313,2020,2020-12-31,10370516,C39,5,5,2922,60870,0.0017111567419575,8.21422704123542e-05,1.7111567419575633,0.0821422704123542,419093215,979143.35,10818558.89,,19.853603925696763,2020,21.128325761392095,0.2165965503462118,0.031757,0.229313,0.558209,1.582124,0.0,2.1972245773362196,0.3333333333333333,1.0,0.22369,0.0
600874,2022,2022-12-31,103698,D46,2,2,3055,62473,0.0006546644844517,3.201382997454901e-05,0.6546644844517185,0.032013829974549,3084045250,6621221.14,7493246.14,-0.117963,21.849507965367348,2022,23.857440661121803,0.5863113686332684,0.036907,-0.002957,0.952648,1.001855,3.332204510175204,2.70805020110221,0.4,0.0,0.455653,1.0
300501,2022,2022-12-31,10119707,C27,0,0,2262,52765,0.0,0.0,0.0,0.0,1086583793,1803142.29,2792659.62,-0.261421,20.806304477558548,2022,21.558499261437778,0.2714548962992277,0.048082,0.181761,0.654493,1.31161,1.9459101490553132,2.1972245773362196,0.4444444444444444,1.0,0.299794,0.0
002454,2022,2022-12-31,102174,C36,0,0,2463,52274,0.0,0.0,0.0,0.0,5709152270,4446108.24,4462929.36,-0.151011,22.465336385669527,2022,22.67579278691601,0.4055148235951847,0.017482,0.02457,0.195387,1.038725,2.5649493574615367,2.1972245773362196,0.3333333333333333,0.0,0.4382419999999999,0.0
601500,2020,2020-12-31,10121228,C29,5,5,2568,53053,0.0019470404984423,9.424537726424518e-05,1.9470404984423677,0.0942453772642451,903649401,5155234.43,5155234.43,-0.084485,20.621952013485064,2020,22.755218631751656,0.5186328216965677,0.012502,0.033648,0.067084,1.194377,1.6094379124341005,1.9459101490553132,0.4285714285714285,0.0,0.6150800000000001,0.0
002905,2021,2021-12-31,10113820,R86,0,0,2080,48697,0.0,0.0,0.0,0.0,859935247,2634777.6,2837452.8,-0.214583,20.57236765135391,2021,22.391893547151653,0.90147696696543,-0.088506,1.311191,0.34316,1.405185,1.6094379124341005,2.1972245773362196,0.3333333333333333,0.0,0.537177,0.0
600874,2020,2020-12-31,103698,D46,4,4,2800,54868,0.0014285714285714,7.290223809870963e-05,1.4285714285714286,0.0729022380987096,2036737069,7360536.47,7360536.47,-0.043533,21.434614888785788,2020,23.657280619845302,0.5967847949970029,0.032948,0.179705,0.469921,1.084296,3.258096538021482,2.302585092994046,0.3,0.0,0.501367,1.0
600580,2022,2022-12-31,106262,C38,1,1,2965,63787,0.0003372681281618,1.5677175600043897e-05,0.3372681281618887,0.0156771756000438,5167951117,16301307.43,16381151.11,-0.310552,22.365742144790648,2022,23.87795017955395,0.5674620931580281,0.036894,0.041485,0.209752,1.264851,3.044522437723423,2.302585092994046,0.3,0.0,0.321593,0.0
000531,2023,2023-12-31,101792,D44,0,0,2015,53471,0.0,0.0,0.0,0.0,1377144257,5499844.88,6966974.91,0.093851,21.043277813732953,2023,23.704311117911036,0.6349992791802852,0.019888,0.226352,0.498565,0.990923,3.4011973816621555,2.4849066497880004,0.3333333333333333,0.0,0.438942,1.0
002655,2022,2022-12-31,107663,C39,22,21,2401,53721,0.0087463556851311,0.0004095232776753,8.746355685131196,0.409523277675397,2876834432,4016339.48,4085899.2,-0.37549,21.779956371371835,2022,20.904023340262825,0.4065368966245797,0.052581,0.028149,0.167627,3.768896,2.3978952727983707,2.1972245773362196,0.3333333333333333,0.0,0.10106,0.0
002358,2022,2022-12-31,102368,C38,3,3,2386,58692,0.0012573344509639,5.1114291555919034e-05,1.2573344509639564,0.051114291555919,3368579063,3966253.47,3970062.29,0.297872,21.93775684966442,2022,22.559826812623864,0.5066961952353779,0.006432,0.408894,0.077375,1.139248,2.5649493574615367,2.5649493574615367,0.3846153846153846,0.0,0.122642,0.0
002653,2024,2024-12-31,104062,C27,6,6,2927,66190,0.0020498804236419,9.064813415923856e-05,2.0498804236419543,0.0906481341592385,966460638,17737812.93,37237272.5,0.451188,20.689151130485897,2024,22.639958184672587,0.3818805694836337,0.069317,0.109172,0.672819,3.314664,2.5649493574615367,1.9459101490553132,0.4285714285714285,0.0,0.356768,0.0
600969,2023,2023-12-31,10752,D44,0,0,2846,54474,0.0,0.0,0.0,0.0,958745031,2405328.15,2405328.15,-0.116051,20.68113572888525,2023,23.427779905689516,0.7443270614797945,-0.002364,-0.023375,0.315411,0.90525,2.995732273553991,2.302585092994046,0.4,0.0,0.161279,1.0
002373,2024,2024-12-31,102560,I65,114,85,3145,79012,0.027027027027027,0.0014428188123323,27.027027027027028,1.4428188123323038,7365517804,13968804.44,16023108.5,-0.09099,22.72007519056751,2024,23.641678277852076,0.3676648666573227,-0.062916,-0.069875,0.551832,1.203322,2.70805020110221,2.1972245773362196,0.3333333333333333,1.0,0.151686,0.0
002993,2023,2023-12-31,10460309,C39,21,20,3357,76043,0.0059577003276735,0.0002761595413121,5.9577003276735185,0.2761595413121523,841051391,9063599.48,10517124.0,0.137901,20.55016332427471,2023,22.85216143266726,0.4216784080576912,0.056944,0.158373,0.487246,1.579889,1.3862943611198906,2.302585092994046,0.6,1.0,0.396066,0.0
000426,2023,2023-12-31,107585,B09,0,0,2723,75390,0.0,0.0,0.0,0.0,5023094077,13419149.15,16681705.35,0.49376,22.33731193098348,2023,23.128717685994307,0.4057912486124302,0.092061,0.776703,0.106587,1.732746,3.332204510175204,2.3978952727983707,0.4545454545454545,0.0,0.272748,0.0
001258,2022,2022-12-31,10489881,D44,1,1,2243,55597,0.0004458314757021,1.7986582009820675e-05,0.4458314757021845,0.0179865820098206,3997097643,2440666.67,9762666.67,,22.108834345699197,2022,22.937795796109757,0.6866845917340996,0.024137,0.100359,0.845479,1.188204,0.0,2.1972245773362196,0.3333333333333333,1.0,0.473787,1.0
600769,2021,2021-12-31,106451,D46,0,0,2159,39351,0.0,0.0,0.0,0.0,2476281204,2354856.82,2354856.82,0.198473,21.630023757613937,2021,19.975656577584655,0.6409468192937641,0.040477,0.727735,0.412419,9.598497,3.258096538021482,1.9459101490553132,0.4285714285714285,1.0,0.200789,1.0
688425,2023,2023-12-31,10109796,C35,3,3,3318,64779,0.0009041591320072,4.6311304589450285e-05,0.9041591320072332,0.0463113045894502,7336939018,5867489.29,21173983.09,0.031392,22.716187565208536,2023,23.959627612852117,0.3492864193130739,0.064755,-0.007334,0.134703,1.050313,1.0986122886681098,2.5649493574615367,0.3846153846153846,0.0,0.719277,1.0
603939,2021,2021-12-31,10102631,F52,1,1,2736,61064,0.0003654970760233,1.6376260972094853e-05,0.3654970760233917,0.0163762609720948,1112347139,39518906.78,39611157.89,-0.202317,20.829738160316925,2021,23.55953549832534,0.5387912859692483,0.061197,0.165986,0.285713,2.857413,1.9459101490553132,2.3978952727983707,0.2727272727272727,1.0,0.233458,0.0
600048,2021,2021-12-31,104897,K70,0,0,2204,69164,0.0,0.0,0.0,0.0,20124290110,187092781.52,187092781.52,0.034134,23.72519338564132,2021,26.452283414091895,0.7836221805136382,0.028053,0.172107,0.207934,0.917266,2.772588722239781,2.5649493574615367,0.2307692307692307,0.0,0.376928,1.0
603355,2020,2020-12-31,10102254,C38,0,0,2526,54591,0.0,0.0,0.0,0.0,477394361,12122230.0,12426721.68,0.288128,19.98385346199617,2020,22.687155731579395,0.5161820221123313,0.052168,0.101273,0.782794,2.228926,1.791759469228055,2.3978952727983707,0.5454545454545454,1.0,0.357309,0.0
300962,2023,2023-12-31,10186334,C41,0,0,2315,54958,0.0,0.0,0.0,0.0,612252888,1876398.4,4097309.44,0.037377,20.232655972446096,2023,20.82058585801145,0.1377057647389878,0.104091,0.022616,6.942145,2.307497,1.0986122886681098,2.5649493574615367,0.4615384615384615,0.0,0.542041,1.0
002173,2020,2020-12-31,101937,Q83,0,0,2497,58342,0.0,0.0,0.0,0.0,1410479676,2091918.68,2565389.9,-0.096154,21.067195679936695,2020,21.708165052936156,0.1991023929804344,-0.111381,-0.169634,0.965824,1.1282,2.6390573296152584,2.1972245773362196,0.3333333333333333,0.0,0.170641,0.0
600168,2020,2020-12-31,105870,D46,0,0,2822,60921,0.0,0.0,0.0,0.0,3160071552,4881839.48,4881839.48,0.044245,21.873860507643304,2020,23.517833210772327,0.6548392348438722,0.016982,0.074608,0.316987,0.953321,3.1354942159291497,2.5649493574615367,0.3846153846153846,0.0,0.401794,1.0
600676,2021,2021-12-31,106131,G54,0,0,3066,65001,0.0,0.0,0.0,0.0,792265409,4443089.52,4443089.52,-0.116564,20.49040700727703,2021,22.83333541981687,0.3234854112442047,-0.002841,-0.033517,0.824725,0.862119,3.367295829986474,2.70805020110221,0.3333333333333333,0.0,0.363413,1.0
000729,2022,2022-12-31,101694,C15,0,0,2193,54210,0.0,0.0,0.0,0.0,6350804298,26651528.45,29932887.8,0.25856,22.571847303089992,2022,23.75313603642184,0.3106422524775462,0.027379,0.103761,0.235035,1.674065,3.258096538021482,2.833213344056216,0.3529411764705882,0.0,0.57396,1.0
001266,2024,2024-12-31,10506745,C40,4,3,2610,56488,0.0011494252873563,7.08114997875655e-05,1.1494252873563218,0.0708114997875655,756991283,816890.26,2389411.64,-0.20273,20.444862297464898,2024,21.2542410657813,0.4160178896875049,0.010992,0.945567,1.079728,1.280706,1.0986122886681098,2.302585092994046,0.4,1.0,0.2341939999999999,0.0
688226,2022,2022-12-31,10373133,C38,1,1,2983,63390,0.0003352329869259,1.5775358889414735e-05,0.3352329869259135,0.0157753588894147,694840176,2161513.12,4096560.0,0.660478,20.359192415932867,2022,21.348035719208205,0.4940555564023115,0.044414,0.304819,0.203675,1.890284,0.6931471805599453,2.302585092994046,0.4,0.0,0.223956,0.0
001206,2022,2022-12-31,10402026,C22,1,1,2000,49985,0.0005,2.0006001800540163e-05,0.5,0.0200060018005401,310140299,2022609.6,3211869.59,-0.251121,19.552535333704895,2022,21.425764089146515,0.1034542824340247,0.075529,0.157495,1.835627,1.336801,0.6931471805599453,2.6390573296152584,0.3571428571428571,1.0,0.309966,0.0
603808,2020,2020-12-31,10101946,C18,3,3,2771,53976,0.0010826416456153,5.558025789239662e-05,1.0826416456153014,0.0555802578923966,1515819561,4389206.07,4389206.07,-0.095494,21.13922209465542,2020,21.997653624621503,0.3704913685026796,0.125353,-0.248968,0.895407,1.597723,1.791759469228055,2.0794415416798357,0.375,1.0,0.610454,0.0
688223,2024,2024-12-31,106847,C38,2,2,3955,89249,0.0005056890012642,2.240921466907192e-05,0.5056890012642224,0.0224092146690719,12680194459,22102486.31,71136971.03,-0.172235,23.263307121800043,2024,25.519964052249815,0.7199151157091196,0.00119,-0.220846,0.476352,1.095476,1.0986122886681098,1.9459101490553132,0.4285714285714285,0.0,0.585902,0.0
603687,2023,2023-12-31,10424228,C22,6,5,2985,60372,0.0016750418760469,9.938382031405288e-05,1.6750418760469012,0.0993838203140528,1913805291,5444733.66,6319866.12,0.343652,21.37235939648484,2023,22.20196823104298,0.1959250278333203,0.032729,-0.021595,2.269404,1.548304,1.6094379124341005,1.9459101490553132,0.4285714285714285,0.0,0.495557,0.0
001209,2021,2021-12-31,10494905,C18,0,0,2564,51957,0.0,0.0,0.0,0.0,163383178,640711.72,2562814.14,,18.91160879139466,2021,21.16279977863963,0.1956660396225651,0.087063,0.13551,2.932459,1.211748,0.0,2.3978952727983707,0.3636363636363636,0.0,0.226814,0.0
002337,2021,2021-12-31,103187,C35,13,10,2527,55258,0.0039572615749901,0.000235260052843,3.957261574990107,0.2352600528430272,1403717543,2585625.49,2589909.3,0.362229,21.062389942823543,2021,21.187758920096112,0.2441185316166158,0.025647,1.026435,0.687464,1.870446,2.4849066497880004,1.9459101490553132,0.4285714285714285,0.0,0.3214829999999999,0.0
002636,2024,2024-12-31,107664,C39,4,2,2692,51965,0.00074294205052,7.697488694313481e-05,0.7429420505200593,0.0769748869431348,2401921115,5606317.43,5634720.0,-0.124579,21.599534719099065,2024,22.573867126013244,0.4504743109257608,0.004794,0.133613,0.228,1.334229,2.6390573296152584,2.3978952727983707,0.4545454545454545,1.0,0.39825,0.0
600666,2022,2022-12-31,106347,C39,7,3,2871,63161,0.0010449320794148,0.0001108278842956,1.0449320794148382,0.1108278842956888,3127466557,2111723.53,2933309.71,0.431138,21.86348910736248,2022,,,,,,,,,,,,
300888,2020,2020-12-31,10371435,C17,3,3,3406,78373,0.0008807985907222,3.827848876526355e-05,0.8807985907222549,0.0382784887652635,438831395,7468316.26,70797723.13,,19.89962583348674,2020,23.2883883920576,0.1948786809320125,0.244203,1.739884,1.709979,1.489456,0.0,1.9459101490553132,0.4285714285714285,1.0,0.680994,0.0
002729,2023,2023-12-31,10132686,C39,1,1,3112,70741,0.0003213367609254,1.4136073846849776e-05,0.3213367609254498,0.0141360738468497,1699533953,3993554.06,4164395.38,-0.101461,21.25361990571817,2023,20.183429330267497,0.1619583982366818,0.030962,0.064451,1.124892,6.757369,2.302585092994046,2.1972245773362196,0.4444444444444444,1.0,0.245201,0.0
688037,2021,2021-12-31,10465177,C35,12,11,3154,65605,0.0034876347495244,0.0001829128877372,3.4876347495244135,0.1829128877372151,356808213,7564054.6,14205532.8,0.639981,19.69270897970559,2021,21.396676564562107,0.5424337615849655,0.048563,1.519526,0.180639,4.613771,1.0986122886681098,2.1972245773362196,0.3333333333333333,1.0,0.170308,0.0
600156,2020,2020-12-31,105941,C17,0,0,1980,37303,0.0,0.0,0.0,0.0,2598988695,1660717.2,1660717.2,-0.076063,21.678388243231165,2020,20.97153818610642,0.4436759399984392,0.016303,-0.120112,0.573894,1.73928,3.1354942159291497,2.70805020110221,0.3333333333333333,0.0,0.403134,1.0
000876,2022,2022-12-31,101410,C13,10,10,3405,101626,0.0029368575624082,9.840001574400252e-05,2.936857562408223,0.0984000157440025,12495289431,58109161.06,58595303.86,-0.151216,23.248617564790575,2022,25.64089940385962,0.6801611427331394,-0.014099,0.120749,0.195186,1.107993,3.218875824868201,2.1972245773362196,0.4444444444444444,0.0,0.292802,0.0
300410,2024,2024-12-31,10133071,C35,9,9,3085,70230,0.0029173419773095,0.0001281503630926,2.917341977309562,0.1281503630926954,3684461775,1974015.22,1975077.61,-0.387941,22.02739029384692,2024,21.14341933337344,0.858545420944505,-0.148142,-0.062709,0.025824,2.155443,2.3978952727983707,2.4849066497880004,0.3333333333333333,0.0,0.221267,1.0
600507,2022,2022-12-31,106387,C31,3,3,2808,59963,0.001068376068376,5.003085235895469e-05,1.0683760683760686,0.0500308523589546,5749262045,12978820.34,14037467.44,-0.085897,22.47233734369332,2022,23.57702772879333,0.4958254975039825,0.047861,0.071923,0.547179,1.28178,2.995732273553991,2.772588722239781,0.375,0.0,0.3117129999999999,0.0
600822,2021,2021-12-31,10302,F51,3,3,2425,45904,0.0012371134020618,6.535378180550714e-05,1.2371134020618555,0.0653537818055071,532010558,3585138.57,3585138.57,-0.147834,20.09217389485331,2021,21.43660087907068,0.4999843919599886,0.070107,-0.164069,0.91574,2.424201,3.332204510175204,2.5649493574615367,0.3076923076923077,0.0,0.481026,1.0
003013,2023,2023-12-31,10460326,M74,27,17,3009,67613,0.0056497175141242,0.0003993314895064,5.649717514124294,0.3993314895064558,433819806,6556163.9,6556163.9,0.089968,19.88813981460469,2023,22.475335112537,0.5743927740323281,0.082366,0.039201,0.403987,1.711328,1.3862943611198906,2.1972245773362196,0.3333333333333333,0.0,0.7290049999999999,1.0
000985,2021,2021-12-31,101212,C26,0,0,1771,39635,0.0,0.0,0.0,0.0,327610782,1801989.05,1801989.05,0.099842,19.60733682454191,2021,20.37432687459218,0.1603888945390227,0.018346,0.17605,4.092337,2.714821,3.091042453358316,2.1972245773362196,0.3333333333333333,0.0,0.550293,1.0
600288,2020,2020-12-31,105987,C39,26,26,2450,51957,0.0106122448979591,0.0005004138037223,10.612244897959185,0.5004138037223089,1029878620,4455360.0,4455360.0,-0.12901,20.752706788554523,2020,22.00523867357295,0.4138717737020083,0.024287,-0.299662,0.418892,1.650187,3.044522437723423,2.1972245773362196,0.5555555555555556,1.0,0.297527,0.0
002170,2021,2021-12-31,102593,C26,16,12,2813,59392,0.0042659082829719,0.0002693965517241,4.265908282971917,0.2693965517241379,7354900732,4651510.91,5950848.23,0.464052,22.718632694375763,2021,21.94189283162635,0.3872438326411441,0.023392,0.168701,0.049146,1.89617,2.70805020110221,2.1972245773362196,0.3333333333333333,1.0,0.26828,0.0
600339,2021,2021-12-31,105775,B11,1,1,2859,61097,0.0003497726477789,1.6367415748727435e-05,0.3497726477789437,0.0163674157487274,12047702395,17196094.21,17196094.21,0.014935,23.21213980617164,2021,25.372827617309728,0.7619499603179697,0.004472,0.129188,0.268445,0.926444,3.091042453358316,2.772588722239781,0.3125,0.0,0.542878,1.0
688302,2024,2024-12-31,10542798,C27,0,0,3223,65149,0.0,0.0,0.0,0.0,256414617,2233368.14,3040769.01,-0.410217,19.362306293866137,2024,21.031911471688193,0.1243663244114802,-0.139843,,4.036816,1.997146,1.0986122886681098,1.9459101490553132,0.4285714285714285,1.0,0.132558,0.0
000502,2021,2021-12-31,101188,K70,3,3,2047,49036,0.0014655593551538,6.11795415613019e-05,1.4655593551538837,0.0611795415613019,380317259,1096420.78,1105221.25,-0.353514,19.756516357090803,2021,,,,,,,,,,,,
605055,2022,2022-12-31,10460342,C17,0,0,2334,44836,0.0,0.0,0.0,0.0,957015616,597642.1,2657600.0,-0.235443,20.67933026798836,2022,21.55276799696439,0.5126958546392647,-0.021847,0.086007,0.30722,1.151146,0.6931471805599453,2.5649493574615367,0.4615384615384615,1.0,0.496077,0.0
600812,2024,2024-12-31,106216,C27,1,1,3667,79753,0.0002727024815925,1.2538713277243489e-05,0.2727024815925825,0.0125387132772434,3081790810,8870326.01,8870326.01,-0.091228,21.848776697108576,2024,23.789990369978476,0.6891402070034258,0.010133,-0.024765,0.115167,1.102262,3.4339872044851463,2.6390573296152584,0.4285714285714285,1.0,0.240761,1.0
002212,2024,2024-12-31,103209,I65,109,80,2701,71776,0.029618659755646,0.0015186134641105,29.618659755646057,1.5186134641105662,7956482898,7529581.22,7607477.52,-0.33865,22.79725289230032,2024,23.12535431096914,0.1492251537542032,0.007482,-0.097296,0.419372,0.83958,2.833213344056216,2.302585092994046,0.3,1.0,0.074872,0.0
002884,2021,2021-12-31,10258261,C34,0,0,2526,53893,0.0,0.0,0.0,0.0,486842657,7579776.1,9946068.87,0.692803,20.00345154465501,2021,21.585089918412205,0.0952099278271291,0.213025,0.437151,1.388586,3.528682,1.6094379124341005,2.302585092994046,0.3,1.0,0.296171,0.0
301059,2022,2022-12-31,10505768,C26,0,0,2592,53452,0.0,0.0,0.0,0.0,425375198,639292.44,2250710.0,-0.089364,19.868482158607744,2022,20.35483934677462,0.174211852335222,0.098714,0.377019,0.813737,1.689262,0.6931471805599453,1.791759469228055,0.3333333333333333,0.0,0.436653,0.0
600126,2023,2023-12-31,105963,C31,38,23,2700,54216,0.0085185185185185,0.0007009001032905,8.518518518518519,0.7009001032905415,5246818728,18000417.81,18000417.81,0.302663,22.380887773503225,2023,24.163730518538525,0.3523088293919758,0.006153,0.288557,0.70278,0.929218,3.258096538021482,2.5649493574615367,0.3846153846153846,0.0,0.452302,1.0
002072,2021,2021-12-31,101266,I64,0,0,2366,53083,0.0,0.0,0.0,0.0,517682240,2198726.4,2198726.4,0.334821,20.06487217763298,2021,,,,,,,,,,,,
600188,2021,2021-12-31,103901,B06,0,0,3879,88238,0.0,0.0,0.0,0.0,9359763335,69982550.93,69982550.93,1.435948,22.959685842500868,2021,26.38863848186116,0.6657825357067689,0.067811,-0.293039,0.418343,1.038473,3.1780538303479458,2.6390573296152584,0.2857142857142857,0.0,0.4642929999999999,1.0
000807,2021,2021-12-31,101741,C32,0,0,2473,60274,0.0,0.0,0.0,0.0,27815243278,31433534.02,38737084.21,0.4834,24.048850026759343,2021,24.356556505702866,0.447359166122822,0.106837,0.409011,0.157213,1.382315,3.1780538303479458,2.6390573296152584,0.4285714285714285,0.0,0.320021,1.0
603777,2020,2020-12-31,10106905,F52,6,6,2573,51868,0.0023319082782743,0.0001156782601989,2.331908278274388,0.1156782601989666,1987995811,4166611.66,4173695.25,0.060323,21.410392838538737,2020,21.719341852290103,0.3849888802875406,-0.023393,0.005931,0.566586,1.92487,1.6094379124341005,2.5649493574615367,0.3076923076923077,0.0,0.582931,0.0
002302,2020,2020-12-31,102702,C30,1,1,2819,63993,0.0003547357218871,1.5626709171315614e-05,0.354735721887194,0.0156267091713156,4816791250,11083470.79,11083470.79,-0.214792,22.295373827761757,2020,23.89436283953948,0.578056681838474,0.040892,0.023004,0.363582,1.043092,2.4849066497880004,2.5649493574615367,0.3846153846153846,0.0,0.314279,1.0
600548,2020,2020-12-31,103847,G54,4,4,4212,105468,0.0009496676163342,3.792619562331703e-05,0.9496676163342832,0.037926195623317,906566483,12727440.49,12727440.49,-0.182609,20.625174926892885,2020,24.733231228384945,0.523454021720881,0.044355,0.297602,0.230386,0.917599,2.995732273553991,2.772588722239781,0.25,0.0,0.334547,1.0
688339,2024,2024-12-31,10313778,C38,0,0,3485,69202,0.0,0.0,0.0,0.0,665250600,3841287.5,4718469.57,-0.262352,20.315674371241432,2024,22.28749064116444,0.405029733472747,-0.111112,-0.542063,0.410011,1.394417,1.6094379124341005,2.1972245773362196,0.4444444444444444,1.0,0.157324,0.0
002145,2020,2020-12-31,102393,C26,1,1,2640,60182,0.0003787878787878,1.661626399920242e-05,0.3787878787878788,0.0166162639992024,7652867106,8830244.12,11397886.93,0.2746,22.758346199799178,2020,22.82432177665703,0.2872201946162266,0.068319,0.100267,0.76523,1.52797,2.6390573296152584,2.302585092994046,0.3,0.0,0.434795,0.0
000543,2020,2020-12-31,101566,D44,0,0,2547,52825,0.0,0.0,0.0,0.0,4224983340,7483855.19,9475488.72,-0.073491,22.16428115478919,2020,24.240526755015456,0.4255918443319876,0.039908,0.040999,0.116847,0.803934,3.332204510175204,2.3978952727983707,0.2727272727272727,0.0,0.5410159999999999,1.0
600246,2023,2023-12-31,105409,K70,7,7,2518,47773,0.0027799841143764,0.000146526280535,2.7799841143764894,0.1465262805350302,7590367074,13330520.37,13330520.37,0.031797,22.7501457901621,2023,22.90158123137006,0.3202900715113038,-0.042153,0.154042,1.370358,1.829733,3.1780538303479458,2.5649493574615367,0.3846153846153846,0.0,0.266254,0.0
300875,2023,2023-12-31,10368982,C35,1,1,2934,73703,0.0003408316291751,1.3567968739400024e-05,0.3408316291751874,0.0135679687394,619784166,1924767.15,2914176.38,-0.034722,20.24488185765443,2023,21.162084985354365,0.142093489709685,-0.042427,0.222427,1.90954,1.674451,1.3862943611198906,2.3978952727983707,0.2727272727272727,1.0,0.254115,0.0
002177,2022,2022-12-31,103186,C35,2,2,2138,50476,0.000935453695042,3.962279102940011e-05,0.9354536950420954,0.0396227910294001,12530878793,2367304.92,2367304.92,-0.528701,23.25146173859056,2022,,,,,,,,,,,,
688981,2023,2023-12-31,103784,C39,2,2,3634,67902,0.0005503577325261,2.945421342523048e-05,0.550357732526142,0.0294542134252304,8768794471,104640758.3,104640758.3,0.28877,22.894465173448655,2023,26.440289979135773,0.3545228907118076,0.019877,-0.086147,0.836652,1.148853,1.3862943611198906,2.302585092994046,0.4,0.0,0.5319210000000001,0.0
603682,2023,2023-12-31,10108777,L72,0,0,2826,54243,0.0,0.0,0.0,0.0,1933565444,2712150.0,2712150.0,0.101664,21.38263151638294,2023,22.452534292448902,0.7883051977498987,0.015263,0.170372,0.178608,1.269479,1.3862943611198906,2.302585092994046,0.3,1.0,0.58,0.0
600824,2023,2023-12-31,10304,F52,1,1,2661,49786,0.0003757985719654,2.008596794279516e-05,0.3757985719654265,0.0200859679427951,1737702690,4036923.69,4036923.69,-0.025445,21.275829785290007,2023,21.78418413377506,0.1730430901801779,0.019022,0.283006,3.43829,1.570375,3.4011973816621555,2.1972245773362196,0.3333333333333333,0.0,0.390404,1.0
300875,2020,2020-12-31,10368982,C35,2,2,2412,55246,0.0008291873963515,3.620171596133656e-05,0.8291873963515755,0.0362017159613365,201770872,1768803.87,7075212.07,,19.12264331949013,2020,21.100680138362584,0.0648697143428081,0.104383,0.09563,2.653214,1.978966,0.0,2.302585092994046,0.4,1.0,0.254115,0.0
002530,2024,2024-12-31,102224,I64,17,11,2716,66251,0.0040500736377025,0.0002565999003788,4.050073637702504,0.2565999003788622,8075921489,6541110.57,7332254.83,0.080367,22.812152815953016,2024,21.48750915574227,0.3211491386568966,0.00482,0.051398,0.518188,3.440501,2.70805020110221,1.9459101490553132,0.4285714285714285,1.0,0.115984,0.0
000906,2022,2022-12-31,101826,F51,3,3,2617,69173,0.0011463507833397,4.336952279068423e-05,1.146350783339702,0.0433695227906842,1307168351,6150336.45,6200979.14,-0.152115,20.99112907125062,2022,23.984104449640594,0.7021172580407669,0.052249,0.086019,0.192458,0.940775,3.1780538303479458,2.70805020110221,0.2666666666666666,0.0,0.4527879999999999,1.0
600121,2022,2022-12-31,105974,B06,0,0,2647,51587,0.0,0.0,0.0,0.0,11795268406,6140796.67,6140796.67,0.054393,23.19096430554544,2022,23.35669648203101,0.8065479176841162,0.023148,0.376943,0.105411,1.247651,3.218875824868201,2.4849066497880004,0.5,0.0,0.519068,1.0
688365,2021,2021-12-31,10453834,I65,14,14,3360,78166,0.0041666666666666,0.0001791060051684,4.166666666666667,0.1791060051684875,528663686,2332745.0,5557860.0,-0.469228,20.085863035283396,2021,21.119367723319783,0.2496534982656918,-0.048521,0.069354,0.783655,2.254858,0.6931471805599453,2.1972245773362196,0.3333333333333333,1.0,0.38484,0.0
603113,2024,2024-12-31,10108763,C25,0,0,2955,54598,0.0,0.0,0.0,0.0,1846832195,4773970.18,4773970.18,-0.290706,21.33673768184346,2024,23.668582885105312,0.546180858834655,-0.003103,0.115286,0.148328,0.797222,2.0794415416798357,2.5649493574615367,0.4615384615384615,0.0,0.374915,0.0
002329,2023,2023-12-31,102567,C14,1,1,2477,67073,0.0004037141703673,1.4909128859600732e-05,0.4037141703673799,0.0149091288596007,6279710612,3808468.6,5631439.69,-0.150721,22.560589735632284,2023,22.37544458314076,0.6646039178274147,0.012829,0.005738,0.088191,1.503,2.6390573296152584,2.3978952727983707,0.3636363636363636,1.0,0.247769,0.0
600410,2022,2022-12-31,105993,I65,88,68,3429,71956,0.0198308544765237,0.0012229695925287,19.83085447652377,1.2229695925287676,5253978674,5361859.0,5361859.0,-0.277061,22.38225146938919,2022,22.8700420932256,0.4048791498126672,-0.04302,0.071276,0.259613,1.031467,2.9444389791664403,2.1972245773362196,0.3333333333333333,0.0,0.080204,0.0
002203,2024,2024-12-31,101291,C32,6,6,2892,75622,0.0020746887966804,7.934199042606649e-05,2.074688796680498,0.0793419904260664,2593228783,20746734.74,21481937.75,-0.020628,21.676169571002987,2024,24.51829474421548,0.6189796045687429,0.014394,0.156082,0.182011,1.098364,2.833213344056216,2.302585092994046,0.4,0.0,0.296851,0.0
000917,2020,2020-12-31,101642,I63,0,0,2115,49577,0.0,0.0,0.0,0.0,5822269120,6281347.67,6875148.24,-0.27819,22.484955906038333,2020,23.75742969533199,0.4400999753856919,-0.063148,-0.160672,0.495686,0.803934,3.091042453358316,2.1972245773362196,0.3333333333333333,0.0,0.166584,1.0
300959,2022,2022-12-31,10522987,I65,11,11,2449,53100,0.004491629236423,0.0002071563088512,4.49162923642303,0.2071563088512241,234001473,1031239.94,2219200.0,-0.416545,19.270837972447435,2022,21.013917256029277,0.1282567382078534,0.039235,0.34243,2.131639,1.366046,0.6931471805599453,1.791759469228055,0.3333333333333333,1.0,0.3468119999999999,0.0
601992,2022,2022-12-31,103319,C30,0,0,3312,78761,0.0,0.0,0.0,0.0,7885568115,21168761.99,21181075.91,-0.069014,22.78830010498786,2022,26.36346952294182,0.6629158845013629,0.006128,-0.168337,0.082254,0.812095,2.4849066497880004,2.3978952727983707,0.4545454545454545,0.0,0.449285,1.0
688297,2022,2022-12-31,10233061,C37,15,13,3044,65359,0.0042706964520367,0.0002295016753622,4.270696452036794,0.2295016753622301,1175182240,5787775.67,30327750.0,,20.884689071239375,2022,22.776486507122044,0.2612563151300094,0.071287,0.120111,1.58933,1.60171,0.0,2.3978952727983707,0.2727272727272727,0.0,0.264075,1.0
300461,2020,2020-12-31,10102296,C35,2,2,2775,58245,0.0007207207207207,3.4337711391535754e-05,0.7207207207207207,0.0343377113915357,744184880,1358261.76,2737608.54,0.083205,20.427800057895094,2020,20.15712795614968,0.7404664658804812,0.202374,-0.261308,0.227624,3.263744,1.791759469228055,2.4849066497880004,0.3333333333333333,0.0,0.1527919999999999,0.0
002556,2022,2022-12-31,101961,F52,1,1,3034,77368,0.0003295978905735,1.2925240409471616e-05,0.3295978905735003,0.0129252404094716,2928462594,7661827.38,8347438.58,-0.304584,21.797743410661983,2022,23.17390592642877,0.6292611762057537,0.044123,-0.043601,0.104432,1.320455,2.4849066497880004,2.302585092994046,0.3,0.0,0.374473,0.0
000718,2020,2020-12-31,101798,K70,0,0,2088,45116,0.0,0.0,0.0,0.0,3359086889,7851895.65,10408802.8,-0.030995,21.934935015059803,2020,23.494074567539965,0.4553191278926345,0.059676,0.092541,0.106078,1.080737,3.1780538303479458,2.302585092994046,0.6,1.0,0.234639,0.0
600403,2020,2020-12-31,105931,B06,0,0,2355,51217,0.0,0.0,0.0,0.0,2525700900,13364641.33,13364641.33,0.36578,21.649784445708725,2020,23.62937220294815,0.6687881782941609,-0.06186,-0.005331,0.235219,1.399677,2.8903717578961645,2.6390573296152584,0.2857142857142857,0.0,0.630406,1.0
002835,2023,2023-12-31,10133664,C39,58,54,2785,57502,0.0193895870736086,0.001008660568328,19.38958707360862,1.0086605683280585,2118232721,2283466.03,3937721.12,0.7311,21.47384795627643,2023,21.03579409751719,0.2376009677426958,0.113719,0.118209,0.850258,2.228461,2.0794415416798357,2.1972245773362196,0.4444444444444444,1.0,0.315229,0.0
603810,2022,2022-12-31,10207037,C26,0,0,2809,58469,0.0,0.0,0.0,0.0,1376816050,2696391.56,2723291.31,0.245922,21.04303946098656,2022,21.704294090258763,0.4003973620622116,0.042505,0.125853,1.004708,1.417266,1.6094379124341005,2.302585092994046,0.4,0.0,0.417301,0.0
600654,2024,2024-12-31,107924,I65,75,61,3565,77094,0.0171107994389901,0.0009728383531792,17.110799438990185,0.9728383531792356,11305526147,7420216.91,9287254.53,0.340249,23.148557482769807,2024,22.05317593239779,0.5615489513289527,0.0052,0.067347,0.236171,2.614389,3.4657359027997265,2.3978952727983707,0.3636363636363636,0.0,0.150393,0.0
301176,2023,2023-12-31,10562695,C39,12,12,2348,58530,0.0051107325383304,0.0002050230650948,5.110732538330494,0.2050230650948231,350685336,945082.67,2835248.01,-0.034877,19.675399903571932,2023,21.452967046137996,0.2210811540437062,-0.015411,-0.043434,0.495014,1.19594,0.6931471805599453,1.791759469228055,0.3333333333333333,1.0,0.520641,0.0
688558,2022,2022-12-31,10406275,C34,3,3,2707,58814,0.0011082379017362,5.1008263338660865e-05,1.1082379017362394,0.0510082633386608,326165131,1372021.45,4629240.0,-0.213053,19.602914350960265,2022,21.42458321414254,0.2418998773688522,0.093494,0.023159,0.276618,1.455742,1.0986122886681098,2.5649493574615367,0.4615384615384615,0.0,0.441276,0.0
301177,2022,2022-12-31,10523371,F52,2,2,2352,60580,0.0008503401360544,3.301419610432486e-05,0.8503401360544217,0.0330141961043248,421721606,2519829.8,25192629.8,-0.489472,19.859855955250985,2022,22.89980554769172,0.2283075797415575,0.085367,-0.203593,0.304958,1.208646,0.6931471805599453,2.1972245773362196,0.3333333333333333,1.0,0.7248439999999999,0.0
600071,2023,2023-12-31,102085,C40,12,12,2248,40515,0.0053380782918149,0.0002961865975564,5.338078291814947,0.2961865975564606,1399225780,6450857.8,6450857.8,0.086812,21.05918490702779,2023,21.389114012364367,0.7333862504540967,-0.045644,-0.03945,0.192179,4.048079,3.295836866004329,2.5649493574615367,0.3846153846153846,0.0,0.471601,1.0
603200,2023,2023-12-31,10147144,N77,3,3,3265,66585,0.0009188361408882,4.505519261094841e-05,0.9188361408882082,0.0450551926109484,1230325201,3714819.01,3714819.01,0.28936,20.930544363255287,2023,21.108916860743964,0.3211536046916058,0.028022,-0.105029,0.599413,2.852874,1.9459101490553132,2.1972245773362196,0.5555555555555556,1.0,0.4072849999999999,0.0
000514,2023,2023-12-31,101475,K70,0,0,1910,49383,0.0,0.0,0.0,0.0,5266773537,3518524.92,3518524.92,-0.02331,22.384683780130658,2023,22.809591603721863,0.461969529854715,0.012235,0.484728,0.155766,0.898768,3.4339872044851463,2.3978952727983707,0.6,0.0,0.631865,1.0
002716,2020,2020-12-31,10106951,C32,0,0,2411,63772,0.0,0.0,0.0,0.0,6381439341,5183864.33,5769350.42,-0.090592,22.57665951105312,2020,,,,,,,,,,,,
002709,2024,2024-12-31,10106946,C26,3,3,3297,77936,0.0009099181073703,3.849312256210224e-05,0.9099181073703368,0.0384931225621022,9235505530,27263709.11,37839227.32,-0.201754,22.946321189868208,2024,23.899375664823737,0.4437292160182918,0.019964,-0.187368,0.272614,1.738718,2.3978952727983707,2.302585092994046,0.5,1.0,0.364112,0.0
002919,2020,2020-12-31,10380978,C26,0,0,2027,43268,0.0,0.0,0.0,0.0,906198919,2599100.06,4641158.31,1.511536,20.62476939840671,2020,20.59449699423566,0.2544604542919326,0.129522,0.315207,0.89949,3.538777,1.3862943611198906,1.9459101490553132,0.4285714285714285,1.0,0.493369,0.0
002278,2020,2020-12-31,101843,C35,2,2,2219,51076,0.0009013068949977,3.9157334168689795e-05,0.9013068949977469,0.0391573341686897,1765139145,2299125.19,2481863.8,0.085308,21.29149536048488,2020,21.2663423057975,0.2970638323823844,0.021075,-0.065498,0.238805,1.684516,2.4849066497880004,2.6390573296152584,0.4285714285714285,0.0,0.13074,0.0
003003,2023,2023-12-31,10370771,C23,2,1,3244,74406,0.000308261405672,2.6879552724242668e-05,0.3082614056720099,0.0268795527242426,740297065,1338693.44,2033274.54,-0.029561,20.422562104147335,2023,21.22023633706139,0.2393195345533281,0.028113,-0.025892,0.549492,1.313596,1.3862943611198906,2.1972245773362196,0.3333333333333333,1.0,0.330599,0.0
300080,2021,2021-12-31,102958,C30,1,1,3357,82071,0.0002978850163836,1.2184571895066469e-05,0.2978850163836758,0.0121845718950664,5575045273,6362932.5,12582141.94,-0.04902,22.44156627515648,2021,23.058777467246305,0.4608008863001651,-0.025554,0.455922,0.207862,1.342964,2.4849066497880004,2.3978952727983707,0.3636363636363636,0.0,0.452271,1.0
600655,2020,2020-12-31,107925,F52,2,2,3931,100936,0.0005087763927753,1.98145359435682e-05,0.5087763927753752,0.0198145359435682,2791878501,14271098.46,34524301.34,0.170918,21.749980504424023,2020,25.443969326643593,0.6430577810576692,0.037723,0.026532,0.289486,0.979593,3.332204510175204,2.5649493574615367,0.3076923076923077,1.0,0.263526,0.0
600348,2021,2021-12-31,105853,B06,0,0,3129,76328,0.0,0.0,0.0,0.0,16155078277,28499250.0,28499250.0,1.156863,23.505500281645983,2021,24.916333503645024,0.631300367442945,0.068813,0.218886,0.459245,1.061636,2.9444389791664403,2.302585092994046,0.3,0.0,0.555238,1.0
600578,2020,2020-12-31,106260,D44,1,1,2646,62275,0.0003779289493575,1.6057808109193097e-05,0.3779289493575208,0.016057808109193,1689663819,20375138.06,20375138.06,0.00641,21.24779542301665,2020,25.114583468052363,0.6127178934681914,0.022379,0.089982,0.191627,0.865052,2.9444389791664403,2.1972245773362196,0.3333333333333333,0.0,0.425267,1.0
002037,2022,2022-12-31,101398,C26,1,1,2701,61400,0.0003702332469455,1.6286644951140064e-05,0.3702332469455757,0.01628664495114,8101334025,5579177.52,5579177.52,0.435856,22.815294579632045,2022,23.51298443134569,0.7682408967944733,-0.056319,0.055698,0.108701,1.111017,2.9444389791664403,2.4849066497880004,0.4166666666666667,0.0,0.296514,1.0
688186,2024,2024-12-31,10483057,C33,0,0,3537,77554,0.0,0.0,0.0,0.0,911748997,3208539.95,3288595.08,-0.142064,20.630875288666992,2024,23.16244800879429,0.6513789505030873,0.012625,0.05667,0.159976,0.938251,1.6094379124341005,1.9459101490553132,0.5714285714285714,1.0,0.20911,0.0
300727,2022,2022-12-31,10402115,C26,0,0,3107,70621,0.0,0.0,0.0,0.0,806760940,2753803.02,3085721.6,-0.083521,20.50853795062651,2022,21.090559025086996,0.4294397432029295,0.068436,0.071607,0.797831,2.398115,1.791759469228055,2.302585092994046,0.5,1.0,0.414499,0.0
603227,2024,2024-12-31,10108403,C26,14,10,3397,73427,0.002943773918163,0.0001906655589905,2.9437739181630853,0.190665558990562,2929279978,8464715.73,9313009.47,0.295652,21.7980224888205,2024,22.788857576482748,0.2653242085451053,0.097231,-0.130998,0.593359,1.405089,2.302585092994046,2.70805020110221,0.3333333333333333,0.0,0.341304,1.0
002783,2024,2024-12-31,10107006,C26,0,0,3171,74479,0.0,0.0,0.0,0.0,2995525709,3581500.69,4073334.68,-0.288179,21.820385582325738,2024,22.809884853212573,0.5556338013649001,0.033055,-0.024521,0.163592,1.053775,2.302585092994046,2.3978952727983707,0.3636363636363636,0.0,0.150298,1.0
920239,2022,2022-12-31,10371908,C38,10,8,1802,47047,0.004439511653718,0.0002125534040427,4.439511653718091,0.2125534040427657,86142868,1130048.57,2974312.18,-0.71532,18.271517743281244,2022,,,,,,,,,,,,
688205,2024,2024-12-31,10340867,C39,9,9,3424,71940,0.0026285046728971,0.0001251042535446,2.628504672897196,0.1251042535446205,687946653,6174786.16,11001247.08,1.217866,20.34922185510071,2024,21.68660770858988,0.1443187294726651,0.038786,0.027855,2.831895,2.876116,1.0986122886681098,2.1972245773362196,0.3333333333333333,0.0,0.245587,0.0
600081,2022,2022-12-31,106011,C36,1,1,2564,58867,0.000390015600624,1.698744627720115e-05,0.3900156006240249,0.0169874462772011,1501720730,3232803.6,4850018.91,-0.234528,21.1298774415762,2022,22.91108098182485,0.5394909476286937,0.031262,-0.128588,0.390733,1.055642,3.258096538021482,2.4849066497880004,0.4166666666666667,0.0,0.7248439999999999,1.0
603912,2021,2021-12-31,10384064,C35,37,35,2967,65183,0.0117964273677114,0.0005676326649586,11.796427367711493,0.5676326649586548,1099454630,3186123.63,3186528.2,0.043296,20.818080103806235,2021,21.405590650925937,0.485790465824455,0.046879,0.066772,1.407846,2.096252,1.6094379124341005,2.4849066497880004,0.5,0.0,0.387243,0.0
300153,2020,2020-12-31,104778,C38,23,18,2571,51600,0.0070011668611435,0.0004457364341085,7.001166861143524,0.4457364341085271,2605143742,2027849.8,2044800.0,-0.028744,21.68075369028391,2020,20.939902009056848,0.3848316892829038,-0.132633,-0.329766,0.406257,2.022802,2.3978952727983707,2.4849066497880004,0.5,0.0,0.352625,0.0
600893,2020,2020-12-31,10545,C37,1,1,2624,58846,0.0003810975609756,1.6993508479760733e-05,0.3810975609756097,0.0169935084797607,6375543097,125118067.75,158203018.03,1.744188,22.57573511620542,2020,24.8876390145911,0.4172575033830096,0.018296,0.135742,0.291092,2.483393,3.218875824868201,2.6390573296152584,0.2857142857142857,0.0,0.223828,1.0
600425,2023,2023-12-31,105774,C30,0,0,2474,43087,0.0,0.0,0.0,0.0,8406494681,5446220.84,6338579.64,0.097561,22.852270420477335,2023,22.994795143353283,0.3329944396266909,0.053004,0.200143,0.652499,0.988698,3.044522437723423,2.0794415416798357,0.375,0.0,0.364886,1.0
301489,2024,2024-12-31,10394206,C39,13,13,2957,64692,0.0043963476496449,0.0002009522042911,4.39634764964491,0.2009522042911024,664635509,2320183.27,3936174.23,-0.093995,20.31474934309237,2024,21.142366016831463,0.3165884214454219,0.035597,0.510979,0.457784,2.123008,0.6931471805599453,2.0794415416798357,0.5,1.0,0.1817299999999999,0.0
000969,2020,2020-12-31,101334,C33,0,0,2646,63643,0.0,0.0,0.0,0.0,3396055244,6625502.58,6792173.6,-0.006006,21.94588037293104,2020,22.952028830337746,0.3920321025400463,0.016751,0.041616,0.394431,1.120263,3.044522437723423,2.5649493574615367,0.3076923076923077,0.0,0.35513,1.0
603183,2024,2024-12-31,10408082,M74,2,2,2496,46013,0.000801282051282,4.346597700649816e-05,0.8012820512820512,0.0434659770064981,3221042889,1929031.53,1929031.53,-0.165953,21.892971022947272,2024,21.549815574433794,0.2603393866758148,0.033282,0.017103,0.441576,1.09784,2.0794415416798357,2.302585092994046,0.3,1.0,0.074872,0.0
002026,2024,2024-12-31,101235,C33,5,5,2436,59562,0.0020525451559934,8.39461401564756e-05,2.052545155993432,0.0839461401564756,2528512648,4211637.86,4384213.65,-0.012808,21.650897081042498,2024,22.354118860913168,0.2825020786353726,0.058163,-0.061825,0.607626,1.135443,3.044522437723423,2.4849066497880004,0.4166666666666667,0.0,0.359759,0.0
603605,2023,2023-12-31,10233144,C26,1,1,2954,58814,0.0003385240352064,1.7002754446220287e-05,0.3385240352064996,0.0170027544462202,449059468,39243131.33,39437663.1,-0.160724,19.92266588459758,2023,22.714296598717574,0.3991172704505351,0.182303,0.39451,1.725882,5.760911,1.9459101490553132,1.6094379124341005,0.4,0.0,0.344642,0.0
000338,2024,2024-12-31,102980,C36,11,11,2950,83226,0.003728813559322,0.000132170235263,3.728813559322034,0.1321702352630187,17310455732,68255405.69,92934180.45,0.052381,23.574576533517597,2024,26.43536360353756,0.6453446996967297,0.042109,0.008095,0.35491,0.996007,2.8903717578961645,2.833213344056216,0.3529411764705882,0.0,0.222184,1.0
300356,2021,2021-12-31,10101176,C38,15,12,2475,56065,0.0048484848484848,0.000267546597699,4.848484848484849,0.2675465976990993,3829063810,1304005.94,1370559.52,-0.368421,22.06588617448944,2021,,,,,,,,,,,,
600328,2021,2021-12-31,105979,C26,0,0,3296,80718,0.0,0.0,0.0,0.0,9712421149,9183226.68,15715275.95,1.494753,22.996671434203105,2021,23.550862448120142,0.5089023883875963,0.115026,0.375365,0.038634,1.256259,3.091042453358316,2.0794415416798357,0.375,1.0,0.5435949999999999,1.0
002778,2020,2020-12-31,10102542,C25,1,1,3010,61175,0.0003322259136212,1.634654679199019e-05,0.3322259136212624,0.0163465467919901,329522457,2127043.77,2127043.77,0.135328,19.61315506739907,2020,21.181295843921347,0.6124524146549056,0.087138,0.365497,0.463861,1.957868,1.6094379124341005,2.4849066497880004,0.25,1.0,0.22351,1.0
300384,2020,2020-12-31,10132677,M74,28,23,2640,62733,0.0087121212121212,0.0004463360591714,8.712121212121213,0.4463360591714089,1117946553,3241544.52,4705451.62,-0.177095,20.834759405527677,2020,21.82464342059628,0.3149123719394016,0.058961,0.040763,0.513907,1.60558,1.9459101490553132,1.9459101490553132,0.4285714285714285,1.0,0.401308,0.0
600363,2021,2021-12-31,105598,C39,12,8,2947,61672,0.002714625042416,0.0001945777662472,2.7146250424160163,0.1945777662472435,2616585203,13877262.32,14137998.32,0.262607,21.685135947358702,2021,22.59531095809005,0.4131086991987429,0.044076,-0.062933,0.4643,2.558377,3.044522437723423,2.302585092994046,0.4,0.0,0.205855,0.0
920641,2022,2022-12-31,10140533,C38,20,19,2174,54571,0.0087396504139834,0.00036649502483,8.73965041398344,0.3664950248300379,41983846,248190.18,772485.0,,17.55279550703383,2022,,,,,,,,,,,,
002427,2021,2021-12-31,102621,C28,0,0,3170,75501,0.0,0.0,0.0,0.0,486096052,2329369.18,2334380.76,0.325871,20.001916802254268,2021,,,,,,,,,,,,
603355,2023,2023-12-31,10102254,C38,5,5,3022,61698,0.0016545334215751,8.10399040487536e-05,1.654533421575116,0.0810399040487536,373056684,12686191.45,12794874.51,-0.169044,19.737240936571126,2023,23.253970913580815,0.6506956315291698,0.093309,-0.013257,0.842869,1.66352,2.1972245773362196,2.1972245773362196,0.4444444444444444,1.0,0.358393,0.0
002270,2023,2023-12-31,103171,C38,5,5,2847,62719,0.0017562346329469,7.972065881152442e-05,1.7562346329469618,0.0797206588115244,2870845283,10720253.72,12654703.09,0.907792,21.777872347396062,2023,22.231368051862543,0.2557325610987397,0.122626,0.145746,1.339109,2.742214,2.772588722239781,2.302585092994046,0.4,0.0,0.282456,0.0
002773,2022,2022-12-31,10113816,C27,0,0,2537,55117,0.0,0.0,0.0,0.0,2102060536,10836425.1,14426389.44,-0.224079,21.466183908701023,2022,22.7671747484965,0.105411191941252,0.117983,-0.059999,5.154797,1.731576,2.0794415416798357,2.0794415416798357,0.375,0.0,0.317593,0.0
688369,2023,2023-12-31,10365524,I65,25,18,3232,64674,0.005569306930693,0.0003865541021121,5.569306930693069,0.3865541021121316,380798197,3985633.57,3985633.57,-0.246639,19.75778012872743,2023,21.360279653577894,0.2520214625627601,-0.024561,0.011837,2.289974,2.359901,1.6094379124341005,1.9459101490553132,0.4285714285714285,1.0,0.2107069999999999,0.0
002387,2020,2020-12-31,102585,C39,0,0,2482,61014,0.0,0.0,0.0,0.0,3394319048,12173058.5,15591358.72,-0.283019,21.94536900317065,2020,24.374569307491083,0.4942758647606379,0.006736,0.276912,0.191579,0.921132,2.3978952727983707,2.4849066497880004,0.5,0.0,0.304096,0.0
002628,2023,2023-12-31,107913,E48,1,1,2539,60984,0.0003938558487593,1.6397743670470943e-05,0.3938558487593541,0.0163977436704709,2708738082,2491020.85,2498431.37,-0.061299,21.719748711358925,2023,22.714648649654052,0.5816758345499727,0.000715,-0.128553,0.02719,0.922947,2.5649493574615367,2.6390573296152584,0.4285714285714285,0.0,0.155551,0.0
300061,2021,2021-12-31,103173,L72,0,0,2206,53033,0.0,0.0,0.0,0.0,10504201997,5778594.29,7019227.67,1.20332,23.075041204340828,2021,21.272327132981783,0.3301823614735052,-0.181263,-0.280392,0.202165,3.785661,2.4849066497880004,2.0794415416798357,0.5,1.0,0.150983,0.0
605507,2023,2023-12-31,10489932,C27,1,1,3116,59242,0.0003209242618741,1.6879916275615273e-05,0.3209242618741976,0.0168799162756152,473008804,5298241.59,9812940.66,-0.31394,19.974624561504932,2023,23.061375913532753,0.2822379345625994,0.062869,-0.064933,0.694485,1.123796,1.0986122886681098,2.1972245773362196,0.3333333333333333,0.0,0.230756,0.0
300422,2021,2021-12-31,10101881,N77,3,3,3672,108870,0.0008169934640522,2.755580049600441e-05,0.8169934640522876,0.0275558004960044,1579047563,3425863.28,4538803.4,-0.246667,21.180087694628803,2021,23.229935173175193,0.7560385844100072,-0.043666,-0.26148,0.140573,1.095202,1.9459101490553132,2.70805020110221,0.3333333333333333,0.0,0.308364,1.0
301016,2024,2024-12-31,10487100,C37,2,2,2546,54980,0.0007855459544383,3.637686431429611e-05,0.7855459544383347,0.0363768643142961,1603320427,3269760.0,3269760.0,0.250136,21.19534258329913,2024,20.906498314259597,0.1291973250951625,0.055115,0.052973,1.833055,1.553182,1.3862943611198906,2.3978952727983707,0.4545454545454545,1.0,0.644909,0.0
002083,2024,2024-12-31,101224,C17,0,0,2240,54553,0.0,0.0,0.0,0.0,3575121974,4627531.75,4629064.77,0.019841,21.997265131391465,2024,22.764943634627855,0.4231412735399998,0.039858,0.001148,0.108987,1.024034,2.9444389791664403,2.1972245773362196,0.3333333333333333,0.0,0.179583,1.0
300289,2021,2021-12-31,104994,C27,0,0,2856,62690,0.0,0.0,0.0,0.0,3337771915,3340553.78,4390172.7,0.370119,21.92856933031284,2021,21.577004454764403,0.1576819209666008,0.023727,0.196278,5.174737,1.782831,2.302585092994046,2.3978952727983707,0.4545454545454545,0.0,0.46347,1.0
002725,2024,2024-12-31,10106952,C36,0,0,2357,52611,0.0,0.0,0.0,0.0,2878431182,2273970.75,2746880.0,-0.04025,21.780511254551,2024,20.98945669722543,0.2241964106841656,0.036987,0.107229,0.730018,2.100288,2.3978952727983707,2.3978952727983707,0.4545454545454545,0.0,0.103589,0.0
600744,2022,2022-12-31,107533,D44,5,3,2685,60326,0.0011173184357541,8.288300235387726e-05,1.11731843575419,0.0828830023538772,5363915847,3467788.14,8510410.71,-0.283761,22.40296011395046,2022,23.79009878871961,0.9251853175409188,0.002011,0.010322,0.216499,1.132875,3.295836866004329,2.4849066497880004,0.3333333333333333,0.0,0.2997329999999999,1.0
001211,2023,2023-12-31,10417075,C20,1,1,2660,59042,0.000375939849624,1.693709562684191e-05,0.3759398496240602,0.0169370956268419,179320495,908979.29,1739520.0,0.078571,19.004685243252595,2023,21.209630452548755,0.4620978850382821,-0.007886,0.058123,0.140175,1.277811,1.0986122886681098,2.302585092994046,0.5,1.0,0.328051,0.0
603033,2023,2023-12-31,10122008,C29,0,0,3104,66303,0.0,0.0,0.0,0.0,617371854,15942087.24,16312840.75,0.190788,20.240982082663475,2023,23.07886451253788,0.6590098827911535,0.017642,0.005686,0.039541,2.178655,2.0794415416798357,2.3978952727983707,0.5454545454545454,0.0,0.363005,0.0
002466,2020,2020-12-31,101938,C32,0,0,3068,83438,0.0,0.0,0.0,0.0,18693767983,57841574.8,58005692.77,0.301193,23.651456042374836,2020,24.461781869427817,0.8231848587365052,-0.025439,-0.330777,0.036625,2.1997,2.3978952727983707,2.302585092994046,0.5,0.0,0.300451,0.0
002225,2020,2020-12-31,102643,C30,0,0,2763,65024,0.0,0.0,0.0,0.0,2379308935,3701720.13,4607063.47,0.081776,21.59007591944108,2020,22.55791393159404,0.4919206933921831,0.051613,0.008225,0.092349,1.182817,2.5649493574615367,2.1972245773362196,0.3333333333333333,0.0,0.140545,0.0
300317,2024,2024-12-31,107631,C38,1,1,2819,66024,0.0003547357218871,1.5146007512419726e-05,0.354735721887194,0.0151460075124197,6172163680,3042112.2,3046791.45,-0.278978,22.54331529102439,2024,21.773513213782493,0.4486248576448585,-0.103404,-0.426126,0.589006,1.513758,2.5649493574615367,2.0794415416798357,0.375,0.0,0.074872,1.0
002937,2021,2021-12-31,10408152,C39,22,18,2618,59411,0.0068754774637127,0.0003703017959637,6.875477463712758,0.3703017959637104,892491013,1966849.68,5998134.24,0.614286,20.609527003220045,2021,21.083515800530353,0.2617512561283921,0.084079,0.203232,1.058261,2.129802,1.3862943611198906,2.3978952727983707,0.3636363636363636,0.0,0.242868,0.0
603779,2020,2020-12-31,10108444,C15,0,0,2401,47378,0.0,0.0,0.0,0.0,368839830,1799101.87,1959892.52,-0.019967,19.725873045441855,2020,,,,,,,,,,,,
603758,2021,2021-12-31,10146045,C36,0,0,2675,53812,0.0,0.0,0.0,0.0,615413964,3742938.83,3742938.83,-0.119711,20.23780571315243,2021,21.847275803279143,0.1381949596842005,0.033923,0.551928,2.132348,1.354553,1.6094379124341005,2.3978952727983707,0.2727272727272727,1.0,0.656336,0.0
688528,2024,2024-12-31,10452145,C40,603,311,3130,61036,0.0993610223642172,0.0098794154269611,99.36102236421723,9.879415426961137,422089642,1470000.0,1470000.0,-0.208145,19.86072827361208,2024,20.6267501197478,0.3980735732582207,-0.067452,-0.019853,0.291934,2.017024,1.6094379124341005,1.6094379124341005,0.4,1.0,0.602174,0.0
000554,2022,2022-12-31,101815,F51,1,1,2380,45904,0.0004201680672268,2.178459393516905e-05,0.4201680672268907,0.021784593935169,5420973139,2005441.7,2658787.05,0.037523,22.413541182406952,2022,21.39535226898287,0.5212443478096785,0.005272,0.096585,0.155464,1.662952,3.4011973816621555,2.1972245773362196,0.4444444444444444,0.0,0.245719,1.0
600456,2020,2020-12-31,106309,C32,1,1,2666,55106,0.0003750937734433,1.8146844263782527e-05,0.3750937734433608,0.0181468442637825,2146502080,22412540.31,22412540.31,1.152738,21.48710541511363,2020,22.892219465519204,0.5010353577197804,0.047639,0.035839,0.256719,3.062725,2.9444389791664403,2.1972245773362196,0.4444444444444444,0.0,0.530433,1.0
600200,2023,2023-12-31,105326,C27,2,2,3133,65400,0.0006383657835939,3.0581039755351684e-05,0.6383657835939994,0.0305810397553516,4922975647,5832567.82,5854989.54,0.07451,22.31717899113295,2023,22.188112129216037,0.5929064778208919,-0.018079,0.105481,0.673322,1.942451,3.218875824868201,2.3978952727983707,0.4545454545454545,0.0,0.172397,0.0
600905,2021,2021-12-31,105205,D44,3,3,3096,77782,0.000968992248062,3.8569334807539016e-05,0.9689922480620154,0.038569334807539,104190261360,64368210.0,214568210.0,,25.369484500871053,2021,26.10406807108158,0.6473456293939569,0.033834,0.368467,0.339443,1.190567,0.0,2.4849066497880004,0.25,0.0,0.490007,1.0
002768,2024,2024-12-31,10101991,C29,3,3,2643,69898,0.0011350737797956,4.2919682966608486e-05,1.135073779795687,0.0429196829666084,626993933,4077579.24,6257737.5,0.085434,20.256447423909247,2024,23.632974236272112,0.6167970232403827,0.042432,0.102134,0.283588,0.972497,2.302585092994046,1.9459101490553132,0.4285714285714285,1.0,0.464516,0.0
000965,2022,2022-12-31,101204,K70,0,0,2386,49253,0.0,0.0,0.0,0.0,23895780260,5227303.52,5227303.52,0.811538,23.896967722178506,2022,23.274133224109253,0.5741831827501452,0.001825,-0.029658,0.113702,0.981986,3.1354942159291497,1.9459101490553132,0.4285714285714285,1.0,0.514489,1.0
000795,2022,2022-12-31,101824,C30,0,0,2727,61598,0.0,0.0,0.0,0.0,9974713553,7357609.83,7357609.83,-0.240936,23.02331908291904,2022,22.323548676952026,0.4493160245351284,0.051214,0.258534,0.597716,1.934372,3.258096538021482,1.9459101490553132,0.4285714285714285,1.0,0.394757,0.0
688143,2024,2024-12-31,10480420,C39,18,17,3848,85426,0.0044178794178794,0.0002107086835389,4.417879417879418,0.2107086835389694,528867725,2081387.12,2694684.86,-0.377086,20.086248913187397,2024,21.120238584334704,0.2054990405844728,0.011715,0.502187,0.809477,1.785749,1.0986122886681098,2.1972245773362196,0.3333333333333333,1.0,0.194664,0.0
300670,2023,2023-12-31,10258251,C38,1,1,2868,61231,0.0003486750348675,1.633159674021329e-05,0.3486750348675034,0.0163315967402132,1319247293,1754896.36,2481487.35,0.044,21.000327179082515,2023,21.488874187697903,0.6601667266469873,-0.069017,0.656598,0.049797,1.575788,1.9459101490553132,1.9459101490553132,0.4285714285714285,1.0,0.363867,0.0
600732,2021,2021-12-31,106249,C38,1,1,3036,65156,0.0003293807641633,1.5347780710909204e-05,0.3293807641633728,0.0153477807109092,5630336916,15595556.18,47568649.81,0.467126,22.45143512046911,2021,23.60808011126541,0.6881602906761518,-0.007568,0.600881,0.063351,1.769011,3.258096538021482,1.9459101490553132,0.4285714285714285,1.0,0.322028,0.0
002444,2020,2020-12-31,102047,C33,2,2,2707,61092,0.0007388252678241,3.273751063969096e-05,0.7388252678241596,0.0327375106396909,4905755702,31499777.53,33450955.95,1.896648,22.31367498598641,2020,23.339038385498565,0.3392633297322943,0.109994,0.289636,1.281484,2.680793,2.3978952727983707,2.4849066497880004,0.5,0.0,0.431287,0.0
600071,2022,2022-12-31,102085,C40,6,6,2170,40278,0.0027649769585253,0.0001489646953671,2.7649769585253456,0.1489646953671979,2187746778,5935577.58,5935577.58,-0.590361,21.506137983090248,2022,21.458566781667617,0.7055710521192872,0.000607,0.170769,0.258736,3.550857,3.258096538021482,2.1972245773362196,0.3333333333333333,0.0,0.471601,1.0
002035,2022,2022-12-31,101357,C38,5,5,2131,51914,0.002346316283435,9.631313325885118e-05,2.346316283435007,0.0963131332588511,4535781053,4182172.84,4696001.04,-0.113208,22.23526313368838,2022,22.625283951532783,0.4918026295813335,0.023027,0.041276,0.417636,1.177495,2.9444389791664403,2.0794415416798357,0.375,1.0,0.1427,0.0
688210,2023,2023-12-31,10529094,C39,8,8,3201,64376,0.0024992189940643,0.0001242699142537,2.4992189940643548,0.1242699142537591,402483796,2763476.88,4145634.89,0.689624,19.81316539811198,2023,21.428622086182592,0.4041178844938417,0.036779,0.104347,1.226752,1.967757,1.0986122886681098,2.1972245773362196,0.3333333333333333,1.0,0.217267,0.0
002943,2023,2023-12-31,10202764,C34,6,5,2892,64271,0.001728907330567,9.335470118716062e-05,1.7289073305670817,0.0933547011871606,700504872,2589736.85,4386792.42,-0.351044,20.36731188017681,2023,21.93132331309232,0.5842238835630679,0.040474,0.62189,0.074609,1.528301,1.791759469228055,1.9459101490553132,0.4285714285714285,0.0,0.2980959999999999,0.0
605507,2022,2022-12-31,10489932,C27,1,1,2795,57009,0.0003577817531305,1.7541090003332807e-05,0.3577817531305903,0.0175410900033328,1114763155,4725939.59,14792058.05,-0.074922,20.83190780315149,2022,22.925277267682585,0.2088401264837314,0.111211,0.269807,0.848998,1.269828,0.6931471805599453,2.302585092994046,0.3,0.0,0.230756,0.0
002527,2021,2021-12-31,102034,C38,14,13,3238,80426,0.0040148239654107,0.0001740730609504,4.014823965410748,0.1740730609504389,2155101061,4333535.58,5515609.41,0.38843,21.491103455922236,2021,22.588477578396223,0.4349332583437824,0.027023,0.07762,0.426859,1.227166,2.4849066497880004,2.3978952727983707,0.2727272727272727,0.0,0.179774,0.0
300138,2020,2020-12-31,102993,C13,0,0,3107,73568,0.0,0.0,0.0,0.0,2399589071,7946914.7,9963999.66,1.566845,21.598563339640492,2020,22.261095625957168,0.5575154205596131,0.058099,0.198363,0.296625,2.35446,2.3978952727983707,1.791759469228055,0.5,1.0,0.1887249999999999,0.0
003035,2023,2023-12-31,10450039,M75,2,2,3784,110958,0.0005285412262156,1.8024838227076914e-05,0.5285412262156448,0.0180248382270769,6298187318,8605678.78,19924242.42,-0.069718,22.563527701799647,2023,23.634687378257222,0.5962204853284236,0.02143,0.034597,0.171331,1.293734,1.0986122886681098,2.1972245773362196,0.3333333333333333,0.0,0.40392,1.0
600498,2023,2023-12-31,106457,C39,15,14,3182,64946,0.004399748585795,0.0002309611061497,4.3997485857950975,0.2309611061497244,5086496623,19124660.92,19726573.48,0.274734,22.349855144480173,2023,24.459352899692416,0.644325533666244,0.012146,0.006848,0.21298,1.111248,3.1354942159291497,2.5649493574615367,0.4615384615384615,0.0,0.416787,1.0
002815,2022,2022-12-31,10106895,C39,4,4,2536,59317,0.001577287066246,6.743429371006626e-05,1.5772870662460567,0.0674342937100662,1874423535,4285352.61,8809758.5,-0.393472,21.351567001630457,2022,22.97356410317039,0.4231664504467197,0.07428,-0.020821,0.444247,1.170946,1.9459101490553132,2.0794415416798357,0.5,1.0,0.559994,0.0
002725,2023,2023-12-31,10106952,C36,0,0,2476,55185,0.0,0.0,0.0,0.0,3585533705,2347978.43,2862080.0,0.390547,22.00017317188419,2023,20.94747323181834,0.2289132763659121,-0.040498,-0.172969,0.695636,2.243805,2.302585092994046,2.1972245773362196,0.3333333333333333,0.0,0.103589,0.0
002493,2020,2020-12-31,102453,C28,0,0,2212,55544,0.0,0.0,0.0,0.0,5780068748,160586233.85,186377163.5,1.238095,22.47768141385062,2020,26.210197122244484,0.7107424952542614,0.063059,0.300184,0.063747,1.415682,2.3978952727983707,2.1972245773362196,0.3333333333333333,0.0,0.611928,0.0
300195,2024,2024-12-31,104908,C35,1,1,2686,64973,0.0003723008190618,1.5391008572791774e-05,0.3723008190618019,0.0153910085727917,3292861407,1767327.27,2385474.67,-0.172059,21.915022752604067,2024,22.553797211620623,0.5434727058755721,0.000979,0.023716,0.111371,0.945125,2.6390573296152584,1.9459101490553132,0.4285714285714285,1.0,0.193513,0.0
688376,2022,2022-12-31,10523402,C35,6,6,2929,61148,0.0020484807101399,9.81225878197161e-05,2.0484807101399793,0.0981225878197161,165422519,965258.23,4204032.0,,18.924013486061945,2022,21.652325097328557,0.4155232546097016,0.06531,0.067223,1.033533,1.247007,0.0,1.9459101490553132,0.4285714285714285,0.0,0.487259,0.0
002297,2020,2020-12-31,102648,C30,0,0,1928,42719,0.0,0.0,0.0,0.0,4104534179,3581994.34,3581994.34,0.183801,22.135358097163408,2020,21.440841768224832,0.3091526104985455,0.016051,-0.012288,0.792979,2.056928,2.4849066497880004,2.302585092994046,0.3,0.0,0.1537659999999999,1.0
603955,2020,2020-12-31,10102510,E48,2,2,2296,44547,0.0008710801393728,4.48964015534155e-05,0.8710801393728222,0.0448964015534154,316939389,1965225.6,1965225.6,-0.064335,19.574221114822578,2020,22.008309680867946,0.5230075843616591,0.031495,0.027315,0.431297,1.066665,1.3862943611198906,2.5649493574615367,0.3076923076923077,0.0,0.307838,0.0
000719,2022,2022-12-31,101799,R85,27,17,2342,59057,0.0072587532023911,0.0004571854310242,7.2587532023911185,0.4571854310242647,2286138372,5357194.77,8216326.1,0.111702,21.550129931108295,2022,23.483351801122968,0.3742272740218771,0.067651,0.039719,0.291337,0.931022,3.258096538021482,2.0794415416798357,0.375,0.0,0.600302,1.0
300359,2020,2020-12-31,10102061,I65,27,16,2418,58361,0.0066170388751033,0.0004626377203954,6.6170388751033915,0.4626377203954696,4463316830,3243959.99,3855348.81,0.068541,22.21915801066312,2020,21.017478317220444,0.4138323854482517,0.059205,-0.016991,0.938638,2.923921,1.9459101490553132,2.833213344056216,0.4117647058823529,0.0,0.137136,0.0
300026,2021,2021-12-31,102864,C27,6,6,2465,64219,0.0024340770791075,9.343029321540354e-05,2.434077079107505,0.0934302932154035,12448487564,21000177.97,23522532.37,0.718341,23.244864971754858,2021,23.1749001110765,0.3148812251734977,0.061583,0.182242,0.628743,2.197569,2.5649493574615367,2.3978952727983707,0.3636363636363636,0.0,0.222358,1.0
603596,2020,2020-12-31,10328346,C36,0,0,2902,54355,0.0,0.0,0.0,0.0,1138490013,5865085.57,13980957.42,0.525333,20.85296867223944,2020,22.264930050593264,0.3699110562290179,0.109423,-0.036343,0.950806,1.990947,1.0986122886681098,2.302585092994046,0.4,1.0,0.203366,0.0
688193,2023,2023-12-31,10421860,C27,1,1,3159,62820,0.0003165558721114,1.591849729385546e-05,0.3165558721114276,0.0159184972938554,48342145,1342661.56,1804800.0,-0.031571,17.693814326130937,2023,20.77653708516891,0.0872026982549274,0.007707,-0.458901,7.766599,1.593942,0.6931471805599453,2.1972245773362196,0.4444444444444444,0.0,0.196459,0.0
000507,2020,2020-12-31,101483,G55,0,0,2820,66999,0.0,0.0,0.0,0.0,2395647335,4778036.16,5284813.4,-0.066775,21.596919317718555,2020,23.325012257098894,0.5650295819718838,0.025289,0.064271,0.367452,0.961003,3.332204510175204,2.3978952727983707,0.4545454545454545,0.0,0.296367,1.0
600959,2020,2020-12-31,10101841,I63,12,12,2495,50419,0.0048096192384769,0.0002380055137944,4.809619238476953,0.2380055137944029,4491988692,14985168.19,16552375.54,-0.160804,22.225561356677854,2020,24.24116390842114,0.3366687343858887,0.006473,-0.039944,0.280558,0.84396,1.791759469228055,2.833213344056216,0.2941176470588235,0.0,0.4752349999999999,1.0
300418,2023,2023-12-31,10102467,I64,86,68,2449,59036,0.027766435279706,0.0014567382613998,27.766435279706005,1.456738261399824,21345716106,41378386.1,45441269.43,1.59542,23.784116905762,2023,23.790619102168577,0.1668976924350891,0.078523,0.037847,0.36543,2.167308,2.1972245773362196,2.302585092994046,0.5,1.0,0.156168,0.0
300532,2021,2021-12-31,10107025,I65,4,4,2337,52619,0.001711596063329,7.601816834223379e-05,1.7115960633290543,0.0760181683422338,1331918132,2159742.67,3378681.91,0.135628,21.00988594546405,2021,21.747634610647083,0.585322929858817,0.037143,0.718713,0.303899,1.510325,1.791759469228055,2.0794415416798357,0.375,0.0,0.358389,0.0
002705,2024,2024-12-31,10106978,C38,8,8,2541,65687,0.0031483667847304,0.0001217896996361,3.148366784730421,0.1217896996361532,1873521012,12122421.05,12178136.7,0.056966,21.351085392041178,2024,23.473365017416445,0.4630500623886213,0.074179,0.148449,0.455138,1.24039,2.3978952727983707,2.1972245773362196,0.3333333333333333,0.0,0.432252,0.0
002440,2021,2021-12-31,102079,C26,0,0,2379,55655,0.0,0.0,0.0,0.0,2590073806,9194447.38,11033295.0,0.066524,21.674952209163024,2021,23.15963820803313,0.1610902953878913,0.070283,0.065824,0.858141,1.105214,2.4849066497880004,2.1972245773362196,0.3333333333333333,0.0,0.167279,0.0
002039,2020,2020-12-31,101395,D44,0,0,1796,37748,0.0,0.0,0.0,0.0,584697605,4706135.61,4706193.38,0.078082,20.18660535873013,2020,23.52252449874475,0.6617707599418715,0.044116,0.218998,0.045196,0.948168,2.772588722239781,2.70805020110221,0.4,0.0,0.158932,1.0
001300,2023,2023-12-31,10547222,C24,6,5,3106,71295,0.0016097875080489,8.415737428992215e-05,1.6097875080489374,0.0841573742899221,1461018815,1342923.08,4943775.54,0.312258,21.102399848482143,2023,20.904973392822043,0.1360585351656139,-0.034874,-0.414339,2.418429,1.88511,0.6931471805599453,2.0794415416798357,0.5,1.0,0.473047,0.0
002796,2023,2023-12-31,10119834,C39,0,0,2503,60796,0.0,0.0,0.0,0.0,3947276717,2622062.71,2854948.78,0.304498,22.09629173960643,2023,21.10295656716922,0.4164993020442482,-0.015483,-0.043004,0.300913,2.257779,2.0794415416798357,1.6094379124341005,0.4,0.0,0.255195,0.0
300981,2023,2023-12-31,10147906,C29,0,0,3741,87136,0.0,0.0,0.0,0.0,675796146,1968025.76,6247924.96,0.146219,20.331402030837268,2023,22.67728218326326,0.1618190246074449,-0.018404,0.338733,0.974805,1.014859,1.0986122886681098,2.3978952727983707,0.2727272727272727,0.0,0.449991,1.0
001202,2024,2024-12-31,10394647,G58,0,0,2763,61379,0.0,0.0,0.0,0.0,516889238,1256220.63,1789032.0,-0.192373,20.06333917160946,2024,21.11074303331324,0.4808347381199929,0.052664,0.045937,0.469724,1.488134,1.3862943611198906,1.9459101490553132,0.4285714285714285,1.0,0.397095,0.0
603076,2022,2022-12-31,10376852,C35,1,1,2560,50796,0.000390625,1.9686589495235846e-05,0.390625,0.0196865894952358,638345237,4441809.46,4441809.46,0.015419,20.274389820345363,2022,21.935320962257205,0.6027022597128616,0.00582,0.217142,0.308888,1.924518,1.791759469228055,2.1972245773362196,0.3333333333333333,0.0,0.1843969999999999,0.0
600287,2021,2021-12-31,105957,F51,0,0,2504,50641,0.0,0.0,0.0,0.0,600554278,2048573.59,2078996.21,-0.225443,20.21336358507468,2021,22.12505521163958,0.5284829420680741,-0.132067,0.312616,0.354479,1.039652,3.091042453358316,1.9459101490553132,0.4285714285714285,0.0,0.492413,1.0
688021,2024,2024-12-31,10438945,C35,0,0,3452,66313,0.0,0.0,0.0,0.0,318249858,797759.21,797759.21,-0.499281,19.578347352353777,2024,20.897382312849537,0.2746071216655406,-0.036097,-0.144598,0.25782,0.944884,1.791759469228055,2.302585092994046,0.3,0.0,0.140601,0.0
002536,2023,2023-12-31,102742,C36,3,3,3242,68381,0.000925354719309,4.387183574384698e-05,0.9253547193090684,0.0438718357438469,7392150368,6529663.18,7995271.7,0.883845,22.72368451320552,2023,22.34483662267897,0.366661723277375,0.051019,0.256862,0.169936,1.773674,2.5649493574615367,2.5649493574615367,0.3076923076923077,0.0,0.336835,0.0
300036,2023,2023-12-31,103761,I65,50,43,2727,66909,0.0157682434910157,0.0007472836240266,15.768243491015768,0.747283624026663,3145604570,9043279.12,10298822.3,0.120643,21.86927194105696,2023,22.231576248914557,0.3331441974158175,0.032609,0.24002,0.70303,2.409497,2.70805020110221,2.0794415416798357,0.375,1.0,0.102568,0.0
003031,2021,2021-12-31,10461493,C39,5,5,2480,51279,0.002016129032258,9.750580159519492e-05,2.0161290322580645,0.0975058015951949,615050297,3128134.84,12512639.97,,20.237214607792406,2021,21.15607030868764,0.2673716995857906,0.081786,0.242102,0.354936,2.846026,0.0,2.4849066497880004,0.25,0.0,0.496788,1.0
300618,2024,2024-12-31,10147087,C32,0,0,3378,76498,0.0,0.0,0.0,0.0,2317522953,9162502.0,10412134.95,0.197243,21.563764759993852,2024,22.878259730801283,0.3284339989574797,0.027923,0.242476,0.66573,1.471003,2.0794415416798357,1.9459101490553132,0.4285714285714285,0.0,0.160023,0.0
603348,2024,2024-12-31,10144425,C33,1,1,2733,54378,0.000365898280278,1.838978998859833e-05,0.3658982802780827,0.0183897899885983,1193776807,6394414.84,7440530.36,-0.38634,20.90038790647041,2024,22.88412499975026,0.5105537509903233,0.01402,0.224579,0.191198,1.316172,1.9459101490553132,1.9459101490553132,0.4285714285714285,1.0,0.095396,0.0
000683,2022,2022-12-31,101777,C26,0,0,2616,66977,0.0,0.0,0.0,0.0,19928675766,25690345.62,28394587.11,0.087671,23.715425524758885,2022,24.11985996366798,0.4401217957964289,0.114061,-0.095652,0.195607,1.353739,3.258096538021482,2.4849066497880004,0.3333333333333333,0.0,0.30993,0.0
300480,2020,2020-12-31,10108984,C40,12,7,2504,56438,0.0027955271565495,0.000212622701017,2.7955271565495208,0.2126227010170452,1559770530,2093115.1,3373621.75,0.044346,21.16780455187543,2020,20.65850648663854,0.1667586445100372,0.065724,0.04943,1.402305,2.716177,1.791759469228055,2.4849066497880004,0.5,1.0,0.386092,0.0
920284,2023,2023-12-31,10148429,C35,6,5,1906,45577,0.002623294858342,0.000131645347434,2.6232948583420774,0.1316453474340127,108273538,364824.43,1471386.51,,18.500171351554393,2023,,,,,,,,,,,,
000950,2023,2023-12-31,101282,F51,3,3,2417,60807,0.0012412081092263,4.933642508263851e-05,1.2412081092263136,0.0493364250826385,6876992328,8589077.94,8589077.94,-0.009843,22.651447231826168,2023,24.8746785801337,0.755880568424662,0.012799,0.181192,0.119174,0.891091,3.218875824868201,2.70805020110221,0.5333333333333333,0.0,0.384739,1.0
603206,2023,2023-12-31,10547276,I65,30,26,3077,58067,0.0084497887552811,0.0005166445657602,8.44978875528112,0.5166445657602425,1393997607,1553031.79,5435611.79,0.179202,21.05544143335788,2023,22.562670793689577,0.6499208505632267,0.034273,0.10659,0.184959,1.146773,0.6931471805599453,2.0794415416798357,0.5,1.0,0.295968,0.0
002064,2022,2022-12-31,101679,C28,8,6,2160,53763,0.0027777777777777,0.00014880122017,2.7777777777777777,0.1488012201700053,4732157261,33673535.89,33745298.5,-0.319923,22.277647016238134,2022,24.21231439305949,0.2933122262089734,0.091775,-0.087534,1.39204,1.322865,2.833213344056216,2.1972245773362196,0.3333333333333333,0.0,0.448006,0.0
002696,2024,2024-12-31,10100639,A04,0,0,2360,52919,0.0,0.0,0.0,0.0,1686605288,1627777.22,1638293.5,-0.285498,21.2459836409946,2024,21.84423016923515,0.5354825875080839,-0.004382,0.131418,0.392389,1.069063,2.5649493574615367,2.302585092994046,0.3,0.0,0.169999,1.0
002780,2020,2020-12-31,10102569,F52,0,0,2883,64765,0.0,0.0,0.0,0.0,1039351144,2160238.73,2889928.62,0.075176,20.76186245635524,2020,20.5007064401932,0.3088921382856567,-0.083035,0.162076,0.43918,3.182114,1.791759469228055,2.1972245773362196,0.4444444444444444,1.0,0.251635,0.0
603387,2023,2023-12-31,10370781,C27,2,2,3357,67625,0.0005957700327673,2.957486136783734e-05,0.5957700327673517,0.0295748613678373,1116731120,5578688.69,5578688.69,-0.088,20.83367161274803,2023,22.05077205919447,0.2731924094163084,0.076258,-0.248481,0.494117,1.752313,1.9459101490553132,2.4849066497880004,0.4166666666666667,1.0,0.397651,0.0
002012,2023,2023-12-31,101429,C22,0,0,1981,46199,0.0,0.0,0.0,0.0,2783425080,2610580.17,2618702.63,0.070992,21.746948049831325,2023,21.39634173318001,0.1340943716003318,0.025012,-0.406525,2.952606,1.468898,2.995732273553991,2.0794415416798357,0.375,1.0,0.219124,0.0
300463,2021,2021-12-31,10108318,C27,0,0,2399,57689,0.0,0.0,0.0,0.0,1336365779,11763669.25,16243347.33,-0.364358,21.01321966201308,2021,22.60530682288627,0.3083900633959501,0.155004,0.074724,0.468845,2.288097,1.9459101490553132,2.1972245773362196,0.3333333333333333,0.0,0.122311,0.0
603906,2023,2023-12-31,10146255,C26,0,0,3281,72441,0.0,0.0,0.0,0.0,1831479424,7040883.13,7040883.13,-0.461771,21.328389906158808,2023,23.56973368935509,0.7572933288347384,-0.094884,-0.37964,0.307149,1.16601,1.9459101490553132,2.1972245773362196,0.3333333333333333,1.0,0.376341,0.0
002788,2023,2023-12-31,10102283,F51,12,11,2208,53549,0.004981884057971,0.0002240938206128,4.981884057971014,0.2240938206128966,1404669254,3420360.17,3492765.46,0.115246,21.0630677063259,2023,23.19082237876735,0.7475798695744509,0.030919,0.019681,0.057501,1.042831,2.0794415416798357,2.302585092994046,0.5,1.0,0.355276,0.0
600630,2021,2021-12-31,106487,C17,0,0,2558,51115,0.0,0.0,0.0,0.0,1444552594,2379224.94,2379224.94,-0.044369,21.09106548773039,2021,21.585746899233897,0.4764261592383046,-0.121395,-0.093589,0.429781,1.480729,3.367295829986474,2.1972245773362196,0.3333333333333333,0.0,0.30083,1.0
300124,2021,2021-12-31,103008,C38,17,16,3688,107270,0.0043383947939262,0.0001584786053882,4.3383947939262475,0.1584786053882725,5292046310,153295112.49,180759742.97,0.106752,22.389470834294617,2021,24.03025212770789,0.4019038067029142,0.160213,0.558749,0.30303,6.106795,2.4849066497880004,2.5649493574615367,0.4615384615384615,1.0,0.1765469999999999,0.0
688311,2024,2024-12-31,10495819,C39,5,5,3712,77676,0.0013469827586206,6.43699469591637e-05,1.3469827586206895,0.0643699469591637,1155384903,5306252.83,5310466.41,-0.350912,20.867699375621097,2024,21.552323147515462,0.2679583460834441,-0.108928,-0.565412,0.463909,2.70506,1.6094379124341005,1.9459101490553132,0.4285714285714285,0.0,0.275574,0.0
301508,2023,2023-12-31,10583908,M74,7,6,2391,59323,0.0025094102885821,0.000117998078317,2.509410288582183,0.1179980783170102,332353861,1478032.93,7779591.73,,19.621710808664176,2023,21.86065005903637,0.3648589662134991,0.066726,0.181908,1.157713,1.353272,0.0,2.1972245773362196,0.3333333333333333,0.0,0.485658,1.0
300164,2020,2020-12-31,104964,B11,8,8,2605,56760,0.0030710172744721,0.0001409443269908,3.071017274472169,0.1409443269908386,3595531963,1456905.0,1987362.22,-0.240385,22.0029577904687,2020,21.26110785671817,0.4377901111638786,-0.301113,-0.593966,0.093245,1.438695,2.302585092994046,2.0794415416798357,0.5,0.0,0.155893,0.0
002249,2023,2023-12-31,102506,C38,2,2,3346,79504,0.0005977286312014,2.51559669953713e-05,0.5977286312014345,0.0251559669953713,4290324976,8933424.67,11915408.89,0.001953,22.179628319231735,2023,23.501728429451653,0.45410811697998,0.043118,0.032761,0.301851,1.145299,2.772588722239781,2.3978952727983707,0.3636363636363636,0.0,0.255809,0.0
603611,2022,2022-12-31,10102530,C34,25,24,2819,57893,0.0085136573252926,0.0004318311367522,8.513657325292657,0.4318311367522844,877798919,4325720.84,4325720.84,-0.137113,20.592928104869053,2022,22.92096201551351,0.7369021723825508,0.046207,0.138482,0.18269,1.217311,2.0794415416798357,2.1972245773362196,0.3333333333333333,0.0,0.271601,0.0
000415,2022,2022-12-31,101742,L71,0,0,3133,74923,0.0,0.0,0.0,0.0,6132765048,9405762.22,13667792.03,-0.24055,22.536911553546148,2022,26.29786677035653,0.8358672187301375,-0.009262,0.191529,0.158555,0.922725,3.295836866004329,2.302585092994046,0.3,0.0,0.2801599999999999,0.0
301206,2023,2023-12-31,10121571,C14,0,0,2864,68912,0.0,0.0,0.0,0.0,212326048,2987327.71,5843166.22,-0.241538,19.17363361815741,2023,22.2934500879494,0.0566618843769133,0.01157,-0.259895,0.463732,1.139102,0.6931471805599453,2.302585092994046,0.4,0.0,0.459388,0.0
688616,2021,2021-12-31,10406902,C40,27,25,2892,58691,0.0086445366528354,0.0004600364621492,8.64453665283541,0.4600364621492221,376428164,476662.5,2007000.0,,19.746237790187447,2021,20.657256786919028,0.2179958742192349,0.085639,-0.093078,1.756221,1.323462,0.0,2.1972245773362196,0.3333333333333333,0.0,0.3322,0.0
300616,2020,2020-12-31,10147081,C21,25,25,2181,49969,0.0114626318202659,0.0005003101923192,11.462631820265932,0.5003101923192379,254246142,10365778.29,15826450.5,0.077026,19.353813422669713,2020,22.55415518338338,0.4382407534243054,0.016298,-0.10293,0.397004,2.2934,1.3862943611198906,2.1972245773362196,0.3333333333333333,0.0,0.234856,0.0
600768,2020,2020-12-31,102266,C32,0,0,2274,44362,0.0,0.0,0.0,0.0,913195268,1171625.47,1171625.47,-0.284898,20.632460291923184,2020,20.003449074634226,0.3383142876017237,0.004109,-0.043553,0.4414,3.252078,3.218875824868201,2.70805020110221,0.4,0.0,0.372494,0.0
301059,2023,2023-12-31,10505768,C26,1,1,3028,61624,0.0003302509907529,1.622744385304427e-05,0.3302509907529722,0.0162274438530442,674759205,800702.5,2801586.48,0.260973,20.32986645334101,2023,20.363819954343462,0.1818499368629912,0.050353,0.053348,0.8445,1.913205,1.0986122886681098,1.9459101490553132,0.2857142857142857,0.0,0.473684,0.0
688091,2022,2022-12-31,10513889,C27,1,1,2812,56222,0.0003556187766714,1.7786631567713707e-05,0.3556187766714083,0.0177866315677137,375933666,7272339.15,10043382.4,1.115152,19.74492326823757,2022,21.02676735041101,0.0520860430188892,0.111817,1.835783,10.263719,5.663489,0.6931471805599453,2.1972245773362196,0.3333333333333333,1.0,0.195019,0.0
301137,2023,2023-12-31,10481846,C33,0,0,3087,69245,0.0,0.0,0.0,0.0,1339643751,1860125.92,3325367.09,0.380841,21.015669558846653,2023,21.450527366397605,0.3527158909338341,0.028259,0.004876,0.769039,1.536795,0.6931471805599453,2.4849066497880004,0.3333333333333333,0.0,0.288873,1.0
600527,2022,2022-12-31,106302,C28,1,1,2166,38033,0.0004616805170821,2.629295611705624e-05,0.4616805170821791,0.0262929561170562,2924644812,3584745.07,3584745.07,-0.108333,21.796438878803844,2022,21.63982192013979,0.0614223251183951,0.033233,-0.050126,1.152999,1.49494,2.995732273553991,2.302585092994046,0.5,1.0,0.2256619999999999,0.0
301000,2022,2022-12-31,10490627,C29,0,0,2547,55739,0.0,0.0,0.0,0.0,139214689,1022599.99,2556487.99,-0.231078,18.75152783190572,2022,20.967972031928735,0.1249584548012807,0.073933,-0.085217,1.644124,1.450611,0.6931471805599453,2.0794415416798357,0.5,1.0,0.3749989999999999,0.0
301269,2024,2024-12-31,10530421,I65,12,10,2180,57249,0.0045871559633027,0.0002096106482209,4.587155963302752,0.2096106482209296,896806202,31767127.11,65750248.1,0.145489,20.61435034651365,2024,22.45116955101737,0.1109670106713375,0.019612,0.20977,2.39117,6.2141,1.0986122886681098,2.772588722239781,0.375,0.0,0.212179,1.0
003011,2020,2020-12-31,10460267,C29,1,1,1940,48098,0.0005154639175257,2.0790885275895046e-05,0.5154639175257733,0.020790885275895,142506987,1139831.0,4558081.0,,18.774901595067117,2020,21.27856827365156,0.3053035598153222,0.140573,0.425223,0.686021,1.480426,0.0,1.9459101490553132,0.4285714285714285,1.0,0.270847,0.0
300543,2023,2023-12-31,10133516,C39,9,8,2828,59943,0.0028288543140028,0.0001501426355037,2.828854314002829,0.1501426355037285,928818491,2308628.15,2927946.75,0.318345,20.649423897710488,2023,21.441724866003764,0.4633765559820286,0.018173,-0.233747,1.002054,1.702348,2.0794415416798357,1.9459101490553132,0.4285714285714285,1.0,0.2232849999999999,0.0
301042,2024,2024-12-31,10229565,C39,19,16,2781,67026,0.0057533261416756,0.0002834720854593,5.753326141675656,0.2834720854593739,473356647,1539466.02,2509891.39,-0.025765,19.975359675016445,2024,20.86843935725866,0.1032437599037252,0.057094,0.003835,5.263712,1.781407,1.3862943611198906,2.1972245773362196,0.3333333333333333,0.0,0.323035,0.0
603061,2024,2024-12-31,10501672,C35,2,2,3220,63143,0.0006211180124223,3.167413648385411e-05,0.6211180124223603,0.0316741364838541,267435810,3014842.15,4324800.0,-0.239262,19.404390136627093,2024,21.192372569118938,0.1766163660732913,0.049304,0.171157,2.009698,2.311982,0.6931471805599453,2.1972245773362196,0.3333333333333333,1.0,0.141852,0.0
605055,2021,2021-12-31,10460342,C17,1,1,2302,44482,0.0004344048653344,2.248100355199856e-05,0.4344048653344917,0.0224810035519985,2537086893,632000.0,3476000.0,,21.65428236766681,2021,21.472465037833388,0.4561772043024811,0.044685,0.618248,0.202325,1.199898,0.0,2.1972245773362196,0.3333333333333333,1.0,0.496077,0.0
002742,2020,2020-12-31,10132694,C30,0,0,2092,47194,0.0,0.0,0.0,0.0,1439194811,1257445.5,2803680.0,0.077558,21.087349635813663,2020,22.307920898806117,0.6399572362104339,0.01706,-0.198297,0.027108,1.096321,1.791759469228055,2.1972245773362196,0.3333333333333333,1.0,0.4048299999999999,0.0
300855,2021,2021-12-31,10147154,C32,0,0,2396,59424,0.0,0.0,0.0,0.0,709294470,7787294.64,14098000.0,0.476091,20.37978133113277,2021,21.036130565278224,0.1034373845233966,0.146492,0.277345,2.033905,6.199996,0.6931471805599453,2.0794415416798357,0.375,1.0,0.27836,0.0
002984,2021,2021-12-31,10434763,C29,7,7,2799,65126,0.0025008931761343,0.0001074839541811,2.500893176134334,0.1074839541811258,1000117749,10293909.55,23108724.2,0.407483,20.723383580014424,2021,23.06459411592559,0.3606362468871819,0.083098,0.100287,1.761725,1.705464,0.6931471805599453,2.4849066497880004,0.3333333333333333,0.0,0.419896,0.0
002480,2024,2024-12-31,102675,C34,0,0,2507,60426,0.0,0.0,0.0,0.0,3313314051,3961424.6,3968910.34,0.019763,21.921214749613956,2024,23.42364051107268,0.8487506638895208,-0.024046,-0.010466,0.151336,1.115166,2.70805020110221,2.1972245773362196,0.3333333333333333,0.0,0.159046,1.0
300807,2020,2020-12-31,10138700,C39,31,26,2174,48697,0.0119595216191352,0.0006365895229685,11.959521619135234,0.6365895229685608,585640272,1075718.66,2468419.38,-0.32063,20.18821629044613,2020,20.45683634953175,0.168871772262037,0.003106,-0.53929,0.689255,2.041931,0.6931471805599453,2.302585092994046,0.5,1.0,0.372724,0.0
601615,2023,2023-12-31,10130612,C34,6,6,4221,98071,0.0014214641080312,6.118016539038043e-05,1.4214641080312722,0.0611801653903804,4961353710,28371856.67,28487860.44,-0.491524,22.324944466050667,2023,25.152429554307275,0.6606917475915047,0.004976,-0.093948,0.319845,1.000392,1.6094379124341005,2.8903717578961645,0.4210526315789473,1.0,0.0878689999999999,0.0
688777,2024,2024-12-31,10186953,I65,78,66,4146,98865,0.0159189580318379,0.0007889546351084,15.918958031837915,0.7889546351084812,2942463384,38675642.16,39268667.69,0.110695,21.80251295352086,2024,23.631067222172675,0.4305523330690773,0.063575,0.060163,0.44119,2.550673,1.6094379124341005,2.0794415416798357,0.5,1.0,0.133043,0.0
000933,2022,2022-12-31,101836,C32,0,0,2595,67578,0.0,0.0,0.0,0.0,19097698158,33382646.22,33674759.67,0.69527,23.67283364950085,2022,24.82553523879926,0.649764863219329,0.150445,0.239533,0.141645,1.204789,3.1780538303479458,2.302585092994046,0.6,0.0,0.214174,1.0
002711,2020,2020-12-31,10107096,G59,1,1,2551,60006,0.000392003136025,1.6665000166650003e-05,0.3920031360250882,0.01666500016665,3071274196,809798.13,813174.21,-0.388889,21.845358360319707,2020,,,,,,,,,,,,
605016,2022,2022-12-31,10476947,C14,0,0,2600,50064,0.0,0.0,0.0,0.0,398908026,1933440.74,3846858.4,-0.133495,19.804241439510974,2022,21.109856213430422,0.086275220523715,0.109496,0.104901,1.493704,1.85428,0.6931471805599453,2.302585092994046,0.4,0.0,0.4733829999999999,0.0
002030,2024,2024-12-31,101260,C27,1,1,2709,62011,0.0003691399040236,1.6126171163180727e-05,0.3691399040236249,0.0161261711631807,5020592790,7971573.46,7971573.46,-0.411674,22.336813849535037,2024,22.98262142421753,0.149724050234372,-0.091199,-0.277647,0.670434,0.982098,3.044522437723423,2.1972245773362196,0.3333333333333333,0.0,0.166299,1.0
600179,2020,2020-12-31,105446,G58,5,4,3332,77581,0.0012004801920768,6.444876967298694e-05,1.2004801920768309,0.0644487696729869,1759031496,14295431.72,17500787.06,-0.024448,21.28802920873822,2020,,,,,,,,,,,,
600862,2020,2020-12-31,103,C37,0,0,2500,51524,0.0,0.0,0.0,0.0,5362778621,41930778.12,41930778.12,1.745917,22.40274807733332,2020,22.598985312626223,0.325622258049792,0.065796,0.177224,0.389818,6.751291,3.295836866004329,2.1972245773362196,0.3333333333333333,0.0,0.4286149999999999,1.0
603628,2023,2023-12-31,10102552,C41,4,4,3515,70991,0.0011379800853485,5.6345170514572267e-05,1.1379800853485065,0.0563451705145722,1083999804,5749800.0,5749800.0,0.374185,20.80392356007455,2023,21.63425259337457,0.4973244054508786,0.071084,0.342958,0.168621,2.809476,1.9459101490553132,2.0794415416798357,0.375,1.0,0.297325,0.0
002638,2021,2021-12-31,107864,C38,6,6,2600,66403,0.0023076923076923,9.03573633721368e-05,2.307692307692308,0.0903573633721368,6234153983,2221469.63,3358729.41,0.39375,22.553308718660222,2021,21.96979024315617,0.2164265556281492,-0.2181,0.05495,1.277435,1.120421,2.3978952727983707,2.4849066497880004,0.4166666666666667,1.0,0.169282,0.0
688232,2022,2022-12-31,10341854,I65,57,51,3002,67441,0.0169886742171885,0.0008451831971649,16.98867421718854,0.8451831971649294,511524291,5537696.68,18829800.0,0.324741,20.05290563391937,2022,22.653121185696776,0.1847844500521076,0.085804,0.010674,0.592559,1.564154,0.6931471805599453,2.1972245773362196,0.4444444444444444,0.0,0.188132,0.0
001228,2023,2023-12-31,10489160,L72,1,1,2592,67982,0.0003858024691358,1.4709776117207497e-05,0.3858024691358024,0.0147097761172074,240108592,1745791.86,3304971.86,-0.351242,19.29660184980554,2023,22.088880138732396,0.5205526395256383,0.049903,-0.269898,0.395947,1.192308,0.6931471805599453,1.9459101490553132,0.4285714285714285,1.0,0.308093,0.0
301367,2024,2024-12-31,10523554,C35,8,5,2354,57405,0.0021240441801189,0.0001393606828673,2.1240441801189465,0.139360682867346,212651896,3561061.52,5644800.0,-0.267351,19.17516710038594,2024,21.95431037761816,0.1714795861227563,0.050005,-0.248517,0.805256,1.517107,1.0986122886681098,2.302585092994046,0.3,1.0,0.130989,0.0
603896,2024,2024-12-31,10145434,C27,8,8,2947,59570,0.002714625042416,0.0001342957864696,2.7146250424160163,0.1342957864696995,627249348,4204751.68,4204751.68,-0.330025,20.256854705346576,2024,21.864677549271644,0.2673639789599437,0.055416,-0.118141,0.78519,1.610226,2.0794415416798357,2.302585092994046,0.3,0.0,0.286068,0.0
300086,2021,2021-12-31,102905,C27,0,0,2457,64370,0.0,0.0,0.0,0.0,4038715870,3781555.8,3906000.0,0.548043,22.1191926246804,2021,21.622931801658897,0.3681253224862982,0.004168,-0.09231,0.513646,1.926236,2.4849066497880004,1.9459101490553132,0.4285714285714285,0.0,0.29488,0.0
688073,2022,2022-12-31,10573786,M73,0,0,3158,67619,0.0,0.0,0.0,0.0,56560056,1096603.59,5332881.6,,17.850813587331434,2022,21.5815910637833,0.1199776738933077,0.089406,0.375462,6.004166,1.283859,0.0,2.1972245773362196,0.3333333333333333,1.0,0.3247679999999999,0.0
600622,2022,2022-12-31,106229,K70,0,0,2778,63145,0.0,0.0,0.0,0.0,15767243989,4903971.26,4903971.26,0.145205,23.481200459807717,2022,24.134370299121503,0.7126313391615658,0.013246,0.360303,0.358002,0.874486,3.4011973816621555,2.3978952727983707,0.4545454545454545,0.0,0.1409989999999999,1.0
300649,2023,2023-12-31,10101884,E48,2,2,2926,56894,0.0006835269993164,3.515309171441628e-05,0.6835269993164731,0.0351530917144162,1297310596,1760043.59,2217978.2,-0.089382,20.983559187011693,2023,20.811001509947847,0.5040256834885533,0.007539,-0.529,0.241361,2.218632,1.9459101490553132,2.3978952727983707,0.4545454545454545,0.0,0.081324,0.0
002637,2021,2021-12-31,107522,C26,3,2,3112,76676,0.0006426735218508,3.912567165736345e-05,0.6426735218508997,0.0391256716573634,2035812033,7468049.61,8881170.88,0.513922,21.43416061015475,2021,22.853818596669655,0.4809921982765042,0.102904,0.435359,0.163349,1.450623,2.3978952727983707,2.302585092994046,0.3,0.0,0.1855389999999999,0.0
002022,2024,2024-12-31,101893,C27,3,3,2950,76559,0.0010169491525423,3.9185464804921696e-05,1.0169491525423728,0.0391854648049216,1887939182,3244881.91,3245343.32,-0.445518,21.358751691756822,2024,22.37884814092878,0.2394416862819054,-0.121331,-0.275477,1.049454,0.85926,3.044522437723423,2.302585092994046,0.4,1.0,0.1363889999999999,0.0
688722,2024,2024-12-31,10111326,C28,0,0,3296,63844,0.0,0.0,0.0,0.0,617870815,2857341.3,2864500.43,-0.160784,20.241789957972273,2024,21.1714726624855,0.0941030429064866,0.089482,0.014123,4.167948,1.921558,1.3862943611198906,2.1972245773362196,0.3333333333333333,1.0,0.37362,1.0
300919,2021,2021-12-31,10490626,C38,0,0,2694,67658,0.0,0.0,0.0,0.0,737643888,23052094.99,91765524.26,0.854993,20.418971730876805,2021,24.06257938521275,0.6233102680910494,0.049296,1.698052,0.442606,1.72283,0.6931471805599453,1.9459101490553132,0.4285714285714285,1.0,0.567963,0.0
603289,2024,2024-12-31,10210600,C35,1,1,2946,57683,0.0003394433129667,1.733613022901028e-05,0.3394433129667345,0.0173361302290102,1530471524,2419074.9,2427965.27,-0.23913,21.14884171114563,2024,21.808496457822624,0.5172628413070215,0.031026,0.145882,0.695809,1.336252,2.0794415416798357,2.1972245773362196,0.5555555555555556,1.0,0.39774,0.0
002663,2021,2021-12-31,107516,E48,3,2,2676,59762,0.0007473841554559,5.0199123188648306e-05,0.7473841554559043,0.0501991231886483,4589186544,2486084.02,3430150.76,-0.010363,22.24696862200141,2021,22.547160468200605,0.4608448402656708,-0.102134,0.100346,0.413037,1.010463,2.302585092994046,2.5649493574615367,0.3846153846153846,0.0,0.22865,0.0
002273,2020,2020-12-31,101544,C39,38,31,2561,60937,0.0121046466224131,0.0006235948602655,12.10464662241312,0.6235948602655201,12262534180,13677328.92,14113007.77,-0.276609,23.229814449275395,2020,22.73985527912933,0.2088043759117874,0.066294,0.074533,0.871353,2.0538,2.5649493574615367,2.1972245773362196,0.3333333333333333,0.0,0.10163,0.0
000880,2024,2024-12-31,101431,C34,2,2,2005,46870,0.0009975062344139,4.2671218263281416e-05,0.997506234413965,0.0426712182632814,3179413809,2805402.6,5731846.38,0.644403,21.879962680268452,2024,22.560586575242805,0.6719252442819494,0.031584,0.063729,0.54502,1.286169,3.295836866004329,2.302585092994046,0.3,0.0,0.305923,1.0
688093,2023,2023-12-31,10467036,C39,0,0,3128,60982,0.0,0.0,0.0,0.0,273124016,4626488.01,4782516.19,0.053794,19.425436524722983,2023,21.458263301632392,0.0928945258753858,0.108759,0.106438,1.550806,2.34092,1.3862943611198906,2.1972245773362196,0.3333333333333333,1.0,0.273304,0.0
603326,2024,2024-12-31,10314662,C21,13,13,2817,54356,0.0046148384806531,0.0002391640297299,4.6148384806531775,0.2391640297299286,2026683761,1952532.02,1975772.72,-0.322375,21.42966667941817,2024,21.640224352439446,0.5140357489325718,0.049131,-0.162945,0.276969,1.300244,2.0794415416798357,1.9459101490553132,0.4285714285714285,0.0,0.626688,0.0
601929,2021,2021-12-31,107528,I63,24,21,3035,64696,0.0069192751235584,0.0003709657474959,6.919275123558484,0.3709657474959812,5258859792,7000147.46,7000147.46,0.12605,22.38318007080651,2021,23.443305396744144,0.537197488557615,0.001763,0.05516,0.233223,0.998312,2.302585092994046,2.3978952727983707,0.3636363636363636,0.0,0.316066,1.0
300420,2023,2023-12-31,10101923,C34,9,9,2862,61647,0.0031446540880503,0.000145992505718,3.1446540880503147,0.1459925057180398,4288758207,3102976.77,3393806.03,0.133829,22.179263065979463,2023,21.98618349846391,0.2798292027481768,0.01207,-0.065856,0.402088,1.212668,2.1972245773362196,2.6390573296152584,0.4285714285714285,0.0,0.108189,0.0
688005,2024,2024-12-31,10458779,C38,8,6,3585,75001,0.001673640167364,0.0001066652444634,1.6736401673640169,0.1066652444634071,2365568204,9952536.85,15239585.74,-0.199673,21.584284085847457,2024,23.92694593013059,0.6268662394059655,0.013343,-0.334097,0.114203,1.160514,1.791759469228055,2.5649493574615367,0.4615384615384615,1.0,0.2670639999999999,0.0
603877,2021,2021-12-31,10138281,C18,2,2,2717,52934,0.0007361059992638,3.778289945970454e-05,0.736105999263894,0.0377828994597045,528734642,13291170.79,13291170.79,-0.044,20.085997243931345,2021,23.04510997870106,0.5811375044237893,0.072232,0.163409,0.237603,1.884902,1.6094379124341005,2.302585092994046,0.3,0.0,0.481117,0.0
601086,2023,2023-12-31,10122678,F52,3,3,2548,48768,0.0011773940345368,6.151574803149606e-05,1.1773940345368916,0.061515748031496,3892639424,3503160.0,3503160.0,0.191111,22.082353279913413,2023,21.73289456714921,0.4008297717802594,0.059903,0.285782,1.024898,1.677221,1.9459101490553132,2.1972245773362196,0.3333333333333333,0.0,0.421171,0.0
301129,2021,2021-12-31,10508249,C40,43,36,2914,61932,0.0123541523678792,0.0006943098882645,12.354152367879204,0.6943098882645482,133653223,1559805.6,6237528.8,,18.71075912296682,2021,21.30789912646567,0.169791355578362,0.140774,0.273054,2.296677,1.661687,0.0,2.1972245773362196,0.3333333333333333,1.0,0.604127,0.0
688596,2023,2023-12-31,10279270,C35,25,17,3744,75609,0.0045405982905982,0.000330648467775,4.540598290598291,0.3306484677750003,989870824,11115684.39,11115684.39,0.167305,20.7130850127817,2023,22.810827854275484,0.621271679328586,0.060357,0.417782,0.12767,2.000129,1.3862943611198906,2.1972245773362196,0.3333333333333333,0.0,0.180992,0.0
688065,2023,2023-12-31,10496182,C28,5,5,3449,69740,0.0014496955639315,7.169486664754803e-05,1.4496955639315745,0.071694866647548,286259774,22189994.64,32074124.58,-0.100016,19.472410260721293,2023,23.65889627987346,0.21558871100398,0.022287,-0.133927,1.470423,1.635544,1.3862943611198906,2.0794415416798357,0.375,1.0,0.283177,0.0
688208,2024,2024-12-31,10208991,C39,42,41,3435,71333,0.0119359534206695,0.0005887877980738,11.93595342066958,0.5887877980738228,2016195058,17695506.69,17695506.69,0.682526,21.424477937931375,2024,22.56501958654936,0.4573578579692049,0.094298,0.209496,1.279369,3.262794,1.6094379124341005,1.9459101490553132,0.4285714285714285,1.0,0.37287,0.0
002377,2024,2024-12-31,102373,K70,0,0,2944,64219,0.0,0.0,0.0,0.0,9392466746,3001217.77,3033036.42,0.3083,22.96317379502817,2024,20.85159725575095,0.5758495981272018,-0.05537,-0.111926,0.188081,3.134307,2.70805020110221,2.833213344056216,0.3529411764705882,0.0,0.11,0.0
688221,2024,2024-12-31,10468220,C27,0,0,3516,75949,0.0,0.0,0.0,0.0,1115169561,3655887.65,3655887.65,-0.016129,20.832272303839083,2024,21.317773299788836,0.3701852266751259,-0.101907,0.133247,0.629345,2.387629,1.6094379124341005,2.3978952727983707,0.5454545454545454,1.0,0.188582,0.0
600050,2022,2022-12-31,104898,I63,56,45,2689,65900,0.0167348456675344,0.0008497723823975,16.7348456675344,0.8497723823975721,38397638177,138711605.48,142483874.34,0.166768,24.371261788867283,2022,26.426023458049738,0.4613285850825311,0.026901,0.082626,0.223147,0.80317,3.044522437723423,2.5649493574615367,0.3846153846153846,0.0,0.358432,1.0
002975,2021,2021-12-31,10454908,C35,9,9,6355,215701,0.0014162077104642,4.172442408704642e-05,1.4162077104642017,0.0417244240870464,298504461,2473049.57,8872981.76,-0.421665,19.51429543875891,2021,21.617446423323425,0.3356190480660148,0.122842,-0.117684,1.95406,1.826161,0.6931471805599453,2.0794415416798357,0.5,0.0,0.231945,0.0
002460,2022,2022-12-31,102105,C32,2,2,3204,79655,0.0006242197253433,2.5108279455150336e-05,0.6242197253433208,0.0251082794551503,6897847540,83939570.89,112144999.69,-0.316668,22.65447524930321,2022,25.09473582160307,0.3826886859822553,0.2384,1.835783,0.48636,1.690642,2.5649493574615367,2.3978952727983707,0.4545454545454545,0.0,0.200067,0.0
688278,2022,2022-12-31,10450372,C27,0,0,3149,66255,0.0,0.0,0.0,0.0,562049654,8667781.78,15836724.0,0.332992,20.1471007580475,2022,21.29343129366898,0.2040979032904111,0.179796,0.348585,1.121094,5.465426,1.0986122886681098,2.1972245773362196,0.3333333333333333,1.0,0.339423,0.0
002866,2020,2020-12-31,10250731,C39,2,2,2605,57808,0.000767754318618,3.45972875726543e-05,0.7677543186180422,0.0345972875726543,1762154857,2309734.4,5058141.51,0.260468,21.289803248226203,2020,21.719825554710333,0.3469122846048015,0.060816,0.153792,0.584907,1.554408,1.3862943611198906,2.70805020110221,0.4,1.0,0.534015,0.0
600814,2021,2021-12-31,107575,F52,0,0,2598,52433,0.0,0.0,0.0,0.0,2203974107,4669124.73,4809193.23,0.188372,21.513527980436677,2021,22.890927840178563,0.5138406363773959,0.081203,0.189836,1.58406,1.062358,3.332204510175204,2.1972245773362196,0.3333333333333333,0.0,0.662732,1.0
300739,2020,2020-12-31,10407131,C39,1,1,2889,66795,0.0003461405330564,1.4971180477580656e-05,0.3461405330564209,0.0149711804775806,1642999617,1367496.0,5441015.29,0.033578,21.219789443499995,2020,21.710739481712803,0.4471306282630409,0.059169,0.123179,1.876413,1.370462,1.0986122886681098,1.9459101490553132,0.4285714285714285,0.0,0.59492,0.0
301278,2024,2024-12-31,10508056,C38,2,2,2461,57186,0.0008126777732629,3.497359493582345e-05,0.8126777732629012,0.0349735949358234,520912169,1181671.38,2913468.35,-0.39485,20.071092005851984,2024,21.25495117859141,0.256569412553803,0.058504,-0.296968,0.294731,1.392839,1.0986122886681098,1.6094379124341005,0.5,1.0,0.47665,0.0
300165,2023,2023-12-31,104993,C40,21,14,3421,76740,0.0040923706518561,0.0002736512900703,4.092370651856182,0.2736512900703675,4508303054,2669599.35,3305063.21,0.383817,22.22918665690696,2023,22.046738024097884,0.6183903604655051,-0.030172,-0.275475,0.204345,1.402405,2.5649493574615367,2.6390573296152584,0.3571428571428571,0.0,0.161276,0.0
300250,2021,2021-12-31,105104,I65,81,73,2973,67003,0.0245543222334342,0.0012089010939808,24.55432223343424,1.2089010939808666,1402749634,2044307.53,2822470.44,0.189064,21.06170017239215,2021,20.62945476228926,0.2292987870069147,0.083539,0.194223,0.855521,2.687153,2.3978952727983707,1.9459101490553132,0.4285714285714285,1.0,0.36422,0.0
300964,2024,2024-12-31,10385992,C39,6,6,3212,80576,0.0018679950186799,7.446386020651311e-05,1.8679950186799503,0.0744638602065131,752478804,1940787.1,2775008.4,-0.079148,20.438883388077677,2024,20.993108245365335,0.2421485357901505,0.018018,0.166673,0.572275,1.951764,1.3862943611198906,1.9459101490553132,0.4285714285714285,0.0,0.24324,0.0
600460,2022,2022-12-31,106340,C39,12,12,2730,57322,0.0043956043956043,0.000209343707477,4.395604395604396,0.2093437074770594,6199231384,46432995.8,46432995.8,-0.393173,22.54769115115123,2022,23.55179056922478,0.5230380295175162,0.068184,0.151241,0.394848,3.267227,2.995732273553991,2.70805020110221,0.4,0.0,0.362625,0.0
600714,2021,2021-12-31,106306,C26,1,1,2395,46667,0.0004175365344467,2.1428418368440225e-05,0.4175365344467641,0.0214284183684402,2191854491,3901906.74,3901906.74,1.502773,21.508013822441978,2021,20.478939506402597,0.1079385059302503,0.105207,1.216694,6.2939,5.08974,3.258096538021482,2.6390573296152584,0.4285714285714285,0.0,0.424973,1.0
688061,2024,2024-12-31,10370061,C39,78,72,3203,65070,0.0224789260068685,0.0011987090825265,22.47892600686856,1.19870908252651,246081652,1250439.6,3318005.61,-0.27725,19.32117396158669,2024,21.696686882539044,0.0785957337099677,-0.019309,0.243572,3.497706,1.125157,1.0986122886681098,1.791759469228055,0.5,0.0,0.452507,0.0
603000,2020,2020-12-31,107626,I64,24,23,2513,53127,0.0091524074810982,0.0004517476989101,9.152407481098288,0.4517476989101586,4751963135,18686178.85,18686178.85,-0.139414,22.281823661400907,2020,22.33220786197067,0.2505556515137827,0.074358,-0.023119,1.014158,3.989645,2.1972245773362196,2.5649493574615367,0.3076923076923077,1.0,0.484349,1.0
601898,2021,2021-12-31,103413,B06,0,0,3670,79594,0.0,0.0,0.0,0.0,12295180595,57566082.52,57566082.52,0.443596,23.23247320107928,2021,26.452283414091895,0.557395930770448,0.06285,0.639651,0.354381,0.873408,2.6390573296152584,2.1972245773362196,0.3333333333333333,0.0,0.573603,1.0
300285,2021,2021-12-31,107896,C26,5,5,2272,55280,0.0022007042253521,9.044862518089724e-05,2.200704225352113,0.0904486251808972,1813090634,33557784.6,42732206.09,-0.05409,21.318298759196,2021,22.78743975936395,0.2211706822716357,0.121528,0.243674,1.974976,4.64764,2.302585092994046,2.302585092994046,0.4,0.0,0.231853,0.0
600683,2020,2020-12-31,106384,K70,1,1,2961,64479,0.000337723741979,1.5508925386559964e-05,0.3377237419790611,0.0155089253865599,1839599754,2970518.16,2970518.16,-0.11479,21.33281386044891,2020,24.631472316540172,0.8311513289947355,0.022153,1.048303,0.317241,0.890789,3.332204510175204,2.302585092994046,0.4,0.0,0.38,1.0
920675,2020,2020-12-31,10371954,C30,0,0,2018,50122,0.0,0.0,0.0,0.0,8695673,259583.29,1022432.0,,15.978336218580012,2020,,,,,,,,,,,,
688248,2021,2021-12-31,10544924,M74,38,35,3071,67594,0.0113969391077824,0.0005621800751545,11.39693910778248,0.5621800751545996,203470271,1682372.28,13044570.0,,19.1310304686376,2021,21.873269232448944,0.2300930744598274,0.055732,0.242845,3.322701,1.433403,0.0,2.302585092994046,0.4,0.0,0.430633,1.0
600331,2020,2020-12-31,105522,C32,0,0,2681,59359,0.0,0.0,0.0,0.0,8176272994,4490720.0,4490720.0,-0.159696,22.824502259649744,2020,21.567929811946573,0.8981151185111559,-0.301113,-0.10391,0.07989,2.908566,2.995732273553991,2.4849066497880004,0.4166666666666667,1.0,0.268818,0.0
000768,2021,2021-12-31,101873,C37,0,0,2213,54922,0.0,0.0,0.0,0.0,9942455903,101055367.15,101055545.09,-0.00259,23.020079899934448,2021,24.999779847798777,0.7813324015150125,0.01001,-0.023429,0.123585,2.185093,3.218875824868201,2.4849066497880004,0.3333333333333333,0.0,0.381795,1.0
600149,2020,2020-12-31,105816,D44,0,0,2234,41163,0.0,0.0,0.0,0.0,620329645,1805760.0,1805760.0,-0.11215,20.245761581804683,2020,,,,,,,,,,,,
301185,2024,2024-12-31,10394849,I65,81,71,3312,72155,0.0214371980676328,0.0011225833275587,21.437198067632853,1.1225833275587276,1289906056,2387453.72,2620372.61,-0.151277,20.977835228637183,2024,20.82319343152819,0.0565949788019352,0.064566,-0.038788,7.388271,2.276836,1.3862943611198906,2.0794415416798357,0.375,0.0,0.308074,0.0
603169,2021,2021-12-31,10133337,C35,4,4,3449,77874,0.0011597564511452,5.136502555410021e-05,1.1597564511452594,0.0513650255541002,5428171097,9579188.01,11900318.28,0.95914,22.414868099792916,2021,23.217832246181903,0.7370800256353204,0.011763,0.391686,0.178053,1.578954,2.0794415416798357,2.3978952727983707,0.2727272727272727,0.0,0.520894,1.0
300055,2022,2022-12-31,102954,E48,0,0,2633,62338,0.0,0.0,0.0,0.0,1605619968,5013136.09,6472951.83,-0.378648,21.19677579246423,2022,22.750534017199858,0.305075923628351,0.014312,0.352537,0.254565,1.122003,2.5649493574615367,2.5649493574615367,0.4615384615384615,1.0,0.296279,0.0
600396,2020,2020-12-31,105981,D44,0,0,2503,52928,0.0,0.0,0.0,0.0,5365759221,4123579.09,4123579.09,0.505376,22.403303716903228,2020,23.741481149756655,0.8821063178414413,0.002757,-0.015514,0.092291,1.083701,2.995732273553991,2.5649493574615367,0.3076923076923077,0.0,0.2091809999999999,1.0
603878,2024,2024-12-31,10133338,C31,0,0,2616,47354,0.0,0.0,0.0,0.0,2078282329,3209303.51,3209303.51,-0.172185,21.454807586611985,2024,22.12105798313298,0.3570915449943714,0.030276,-0.24573,0.475911,1.150248,2.1972245773362196,2.4849066497880004,0.4166666666666667,0.0,0.161348,0.0
002042,2020,2020-12-31,101442,C17,0,0,2495,53950,0.0,0.0,0.0,0.0,3395094285,6755746.89,6761221.22,-0.374523,21.94559736958911,2020,23.591737051106872,0.6598694668006586,-0.026154,-0.104183,0.193466,1.043774,2.772588722239781,2.4849066497880004,0.3333333333333333,0.0,0.34271,0.0
603278,2020,2020-12-31,10109078,C33,0,0,2469,48263,0.0,0.0,0.0,0.0,805109939,2339767.34,2339767.34,-0.145379,20.50648939748638,2020,22.390484615531378,0.6675651060421015,0.021909,0.125893,0.020263,1.109246,1.3862943611198906,2.302585092994046,0.4,0.0,0.38417,0.0
300569,2022,2022-12-31,10134807,C38,0,0,3002,67527,0.0,0.0,0.0,0.0,5049449835,4900078.15,6509082.75,-0.451138,22.342545130932585,2022,23.136031051112145,0.6379476664454389,0.02219,0.024948,0.250307,1.159257,1.9459101490553132,2.3978952727983707,0.2727272727272727,0.0,0.285827,1.0
600012,2020,2020-12-31,102017,G54,2,2,2750,56383,0.0007272727272727,3.547168472766614e-05,0.7272727272727272,0.0354716847276661,1055388343,7203408.0,7203408.0,0.090136,20.77717463472098,2020,23.51078892773472,0.26637387857665,0.053851,-0.106532,0.926278,0.927978,2.8903717578961645,2.4849066497880004,0.4166666666666667,0.0,0.316316,1.0
603810,2020,2020-12-31,10207037,C26,0,0,2632,56145,0.0,0.0,0.0,0.0,307200040,1313767.66,2760548.0,0.112163,19.543009692701325,2020,21.41491018646627,0.3294738507125259,0.133311,0.72576,0.905279,1.338763,1.0986122886681098,2.4849066497880004,0.5,0.0,0.416191,0.0
600959,2024,2024-12-31,10101841,I63,13,10,3023,59538,0.0033079722130334,0.0002183479458497,3.3079722130334104,0.2183479458497094,9314573027,16752404.25,16752404.25,0.073567,22.954846002912376,2024,24.347897956810957,0.3750148134818469,0.011525,0.050366,0.385304,0.821616,2.302585092994046,2.5649493574615367,0.3846153846153846,0.0,0.519955,1.0
002849,2023,2023-12-31,10145022,C40,30,24,2503,55321,0.009588493807431,0.0005422895464651,9.588493807431082,0.542289546465176,1237019914,3510781.24,4117030.74,0.419642,20.93597102966128,2023,21.58131728175532,0.4458326070894504,0.019408,0.305638,0.648299,2.015963,1.9459101490553132,2.0794415416798357,0.375,0.0,0.172715,0.0
600138,2020,2020-12-31,105794,L72,1,1,2569,52384,0.0003892565200467,1.9089798411728773e-05,0.3892565200467107,0.0190897984117287,4336503403,7426598.4,7426598.4,-0.18254,22.19033419305331,2020,23.559733954832065,0.4973782386231608,-0.01462,-0.491182,0.197618,0.932817,3.1780538303479458,2.5649493574615367,0.4615384615384615,0.0,0.17173,1.0
600992,2024,2024-12-31,10850,C33,1,1,2473,45433,0.0004043671653861,2.2010432945216032e-05,0.4043671653861706,0.022010432945216,2254114150,3627332.0,3627332.0,-0.077391,21.5360228950261,2024,21.91526122836469,0.558421543703561,-0.009833,-0.019866,0.128354,1.659733,3.044522437723423,2.1972245773362196,0.3333333333333333,0.0,0.234566,1.0
688084,2024,2024-12-31,10578687,C35,43,39,3424,71368,0.0113901869158878,0.000602510929268,11.39018691588785,0.6025109292680193,169742736,2074612.78,4259605.42,-0.246164,18.94979453703705,2024,21.291235078564892,0.1211329034843284,-0.03311,-0.273858,3.446322,1.747585,1.0986122886681098,2.1972245773362196,0.3333333333333333,0.0,0.25077,0.0
003023,2023,2023-12-31,10186271,C38,0,0,3495,68207,0.0,0.0,0.0,0.0,807716611,1060304.69,2134220.82,-0.11431,20.509721827243244,2023,21.462985371552023,0.2799192832882132,0.052072,0.099563,1.192932,1.148284,1.3862943611198906,2.1972245773362196,0.3333333333333333,0.0,0.5005660000000001,0.0
605303,2023,2023-12-31,10406235,E48,3,3,3109,58044,0.0009649404953361,5.168492867479843e-05,0.9649404953361208,0.0516849286747984,257625528,829414.66,1967096.38,0.125461,19.367017650544938,2023,21.700016728688464,0.5361030617617769,-0.057514,0.221665,0.183651,1.116702,1.0986122886681098,1.9459101490553132,0.4285714285714285,1.0,0.486684,0.0
002313,2020,2020-12-31,102633,C39,205,91,2543,56178,0.0357845064883995,0.0036491153120438,35.78450648839953,3.6491153120438606,1066416958,4423026.64,4429152.0,-0.402525,20.78757022974058,2020,22.612193071569088,0.6551714690247488,-0.115285,-0.174572,0.108263,1.32456,2.4849066497880004,2.4849066497880004,0.4166666666666667,0.0,0.262392,1.0
603158,2023,2023-12-31,10102214,C36,0,0,2767,51797,0.0,0.0,0.0,0.0,4930431816,4780385.24,4780385.24,0.385049,22.318692410820432,2023,22.237879207860825,0.484736806210212,0.054178,0.237441,0.128894,1.535911,2.1972245773362196,2.3978952727983707,0.5454545454545454,1.0,0.2725519999999999,0.0
601137,2022,2022-12-31,10870,C32,7,7,2760,57844,0.0025362318840579,0.0001210151441809,2.5362318840579707,0.1210151441809003,4234992494,10969014.16,11700566.04,-0.367373,22.166647392911905,2022,23.39627165590745,0.5845999488318525,0.040828,0.339693,0.20251,1.367921,2.4849066497880004,2.1972245773362196,0.3333333333333333,1.0,0.294086,0.0
605001,2021,2021-12-31,10460289,C37,1,1,2963,62119,0.0003374957813027,1.609813422624318e-05,0.3374957813027337,0.0160981342262431,322033353,2003264.64,3288455.82,-0.355756,19.590165681995177,2021,22.23705678385464,0.4235238738447228,-0.044178,-0.471166,0.216772,1.089688,0.6931471805599453,2.1972245773362196,0.3333333333333333,0.0,0.249105,0.0
002030,2022,2022-12-31,101260,C27,0,0,2497,58730,0.0,0.0,0.0,0.0,7162211186,21181998.13,21837620.26,-0.168993,22.692084595242346,2022,23.414988385650084,0.2128582868429382,0.2384,0.571728,0.873725,1.692665,2.9444389791664403,2.772588722239781,0.375,0.0,0.166299,1.0
300271,2024,2024-12-31,104810,I65,54,49,2612,63604,0.0187595712098009,0.0008490032073454,18.759571209800917,0.8490032073454499,5889567490,5628155.51,5730253.82,-0.142857,22.496448400844105,2024,22.300435637961524,0.1970386947227321,-0.100135,-0.079883,2.075157,1.373891,2.6390573296152584,2.3978952727983707,0.2727272727272727,0.0,0.134188,0.0
300788,2024,2024-12-31,10221094,R85,3,3,1857,45243,0.0016155088852988,6.630860022544923e-05,1.6155088852988693,0.0663086002254492,1851940646,6003083.33,6003083.33,0.095533,21.339499924600695,2024,21.91989376655014,0.3412230006346641,0.035358,-0.017168,0.437326,2.155424,1.791759469228055,2.3978952727983707,0.3636363636363636,0.0,0.627,1.0
000408,2020,2020-12-31,101731,C26,0,0,2798,58658,0.0,0.0,0.0,0.0,2070308889,3792624.14,15970173.97,0.085366,21.450963655313384,2020,,,,,,,,,,,,
